,County,Baseline_R,Baseline_D,2024_Pre_D,2024_Pre_R,2024_Pre_O,2022_Sen_D,2022_Sen_R,2022_Sen_O,2022_Gov_D,2022_Gov_R,2022_Gov_O,2022_Agr_D,2022_Agr_R,2022_Cfo_D,2022_Cfo_R,2022_Ag_D,2022_Ag_R,2020_Pre_D,2020_Pre_R,2020_Pre_O,2018_Agr_D,2018_Agr_R,2018_Cfo_D,2018_Cfo_R,2018_Ag_D,2018_Ag_R,2018_Gov_D,2018_Gov_R,2018_Gov_O,2018_Sen_D,2018_Sen_R,2016_Sen_D,2016_Sen_R,2016_Pre_D,2016_Pre_R,2016_Pre_O,2014_Ag_D,2014_Ag_R,2014_Ag_O,2014_Gov_D,2014_Gov_R,2014_Gov_O,2014_Tre_D,2014_Tre_R,2014_Agr_D,2014_Agr_R,2012_Pre_D,2012_Pre_R,2012_Pre_O,2012_Sen_D,2012_Sen_R,2012_Sen_O,2008_Pre_D,2008_Pre_R,2010_Gov_D,2010_Gov_R,2010_Sen_D,2010_Sen_R,2006_Gov_D,2006_Gov_R,2002_Gov_D,2002_Gov_R,2000_Hou_D,2000_Hou_R,2000_Tre_D,2000_Tre_R,2000_Sen_D,2000_Sen_R,2000_Pre_D,2000_Pre_R,2000_Pre_O,2098_Sen_D,2098_Sen_R,2098_Gov_D,2098_Gov_R,2098_Sos_D,2098_Sos_R,2098_Ag_D,2098_Ag_R,2096_Pre_D,2096_Pre_R,2096_Hou_D,2096_Hou_R,2094_Gov_D,2094_Gov_R,2094_Sos_D,2094_Sos_R,2094_Agr_D,2094_Agr_R,2092_Pre_D,2092_Pre_R,2092_Hou_D,2092_Hou_R,2092_Sen_D,2092_Sen_R,2024_Gue_D,2024_Gue_R,2028_Gue_D,2028_Gue_R,Baseline_O,Population 2020,VAP,Number of Households,Percent White VAP,Percent Black VAP,Percent Asian VAP,Percent Native VAP,Percent Latino VAP,Percent High School Attainment,Percent Bachelors Attainment,Percent Graduate Attainment,Percent Senior VAP,Percent Income <25k Households,Percent Income 25-50k Households,Percent Income 50-100k Households,Percent Income 100-200k Households,Percent Income >200k Households,Population Density (Per Square KM)
0,Alachua,47163,83823.0,81578,52939,2765,55438,39219,1007,54796,40321,595,53784,39810,54069,39926,54052,40898,89703,50972,2371,70783,41596,69102,42419,67656,43898,72700,41285,1287,74441,40595,69398,54203,75819,46835,7445,40558,34104,2074,44051,31101,3000,39403,35782,38595,36354,69698,48791,1928,72437,41836,2454,73121,47016,439447,281500,212843,298120,385649,300000,405800,290752,36275,16562,26950,25888,33201,19637,29818,20243,3453,38575,14907,29314,23780,29143,22083,36117,16042,38987,24337,48002,23168,34996,21595,33411,19600,33098,21349,37858,22783,41890,33014,54906,19997,90243,50432,90883,49792,3531.0,278468,227905,107148,0.6415962791514008,0.1683420723547092,0.06668568043702419,0.0029617603826155637,0.11598253658322547,0.6944560233430596,0.33771527610188457,0.1644808143744104,0.17102740176828066,0.256841004965095,0.22582782693097397,0.2744241609736066,0.17572889834621272,0.0637342740881771,0.12278888467542089
1,Baker,12591,2069.0,1982,12925,84,1180,9432,66,1092,9594,15,1162,9327,1154,9219,1081,9523,2037,11910,127,1710,8682,1662,8702,1604,8777,1760,8687,76,1943,8580,2135,9901,2112,10295,299,1668,6529,161,2099,5954,391,1673,6504,1742,6374,2309,8973,68,3882,6939,315,2324,8668,27292,49371,10252,54248,17380,43350,19610,45149,-57,-57,2602,5398,3519,4480,2575,5285,240,2586,2082,1326,3268,1656,2897,2415,2167,2272,3686,2573,4053,1653,3601,2152,2885,2140,2985,1975,3417,4337,2998,4689,2646,1620,12327,1229,12718,247.0,28259,21638,8602,0.7984564192624087,0.14201867085682596,0.0052222941122100006,0.0044828542379147795,0.03318236435899806,0.7591274609483316,0.1332378223495702,0.05291616600425178,0.19100656252888437,0.14485003487561032,0.2340153452685422,0.3428272494768658,0.22273889793071378,0.05208091141594978,0.018643637287274573
2,Bay,69257,24947.0,25201,71498,1459,14547,51658,612,14091,52591,216,14810,51333,12913,53920,13991,52728,25613,66098,1502,17032,45751,13074,50104,15458,46313,16757,45709,742,16722,46682,19970,62906,21796,62194,4231,13138,40209,3123,12987,40958,3102,12800,43094,14090,41426,22051,56880,832,28479,47532,2477,23651,56695,144024,330417,56271,365865,137210,285552,142580,341069,23558,11203,13785,33214,20589,26410,16460,29550,1379,21069,17781,12016,26758,13132,24505,21146,17132,17068,28364,20566,30792,17815,23497,16950,20254,20186,17386,12846,22841,22903,17436,21930,18409,26199,65512,26517,65194,2495.0,175216,139659,70819,0.7732978182573268,0.09589070521770884,0.024459576540001002,0.006021810266434673,0.0684882463715192,0.8079250173637217,0.22784782935578804,0.08104740833029021,0.22134627915136154,0.17498129033169066,0.21807706971293014,0.35750293000465977,0.1981389175221339,0.04342055098208108,0.0891761628232468
3,Bradford,10665,2931.0,2945,10919,61,1942,8155,107,1852,8346,45,1886,8088,1891,8141,1790,8328,3160,10335,138,2590,7769,2499,7770,2422,7790,2670,7697,138,2878,7576,2695,8719,2924,8913,321,2197,6044,208,2595,5523,425,2076,6080,2309,5983,3324,8219,73,4528,6602,327,3435,8140,29742,48337,13660,51325,24381,44581,31760,46388,-94,-144,6694,13468,9417,10744,6950,12746,716,4044,2549,2141,4380,2784,3645,3939,2537,3392,4069,3097,5192,2677,4498,3635,3164,3596,3405,3070,3702,4011,4258,5847,2421,2747,10748,2267,11228,268.0,28303,22992,9235,0.744563326374391,0.19767745302713988,0.005219206680584551,0.003044537230340988,0.047581767571329155,0.7409533750869868,0.1098643006263048,0.04014439805149617,0.22077244258872653,0.2520844612885761,0.2625879805089334,0.29767190037899294,0.16556578234975636,0.013102328099621008,0.03717407179745825
4,Brevard,204406,143385.0,140894,216258,5241,98960,165223,2767,95114,170552,1261,94285,167629,93908,167732,88972,175348,148548,207884,5221,117231,159031,110642,165092,105094,168379,114922,162214,4780,121112,160306,112914,181496,119679,181848,16614,76423,134332,7783,90912,116363,14121,75268,134724,78514,134926,122739,158720,3244,141824,126648,9599,69207,97278,808558,1068326,320039,1078502,798560,1001439,728686,1177266,70666,100273,62383,108556,92872,78067,78090,88507,5127,84330,62717,57896,88251,59123,84037,78252,65798,80445,88021,92581,101141,72392,82877,58284,93604,66767,80761,61090,84584,101461,91192,110489,82167,147350,209082,146232,210200,9361.0,606612,497095,245821,0.7655759965398968,0.08857864190949416,0.02661060763033223,0.0037779498888542433,0.0981301360906869,0.8416540097969201,0.2876934992305294,0.11079371146360353,0.2887295185024995,0.17044516131656776,0.22673001899756326,0.31409847002493685,0.221673494127841,0.06451442309648077,0.23075825754714074
5,Broward,316458,537646.0,507235,358905,10980,353575,238962,5213,343287,251238,3455,345308,238802,343188,243960,344128,245705,618751,333409,7479,479280,214082,471690,221225,467981,220278,482151,222011,5157,471829,211261,522932,278765,553319,260950,23116,291611,156571,8408,318776,138279,11542,278805,170546,282226,162729,507971,243914,3749,510862,212725,10178,492556,237467,2706028,1393217,1326098,1320685,2549661,1419518,2593474,1757279,250629,133932,358692,248227,419887,187032,414571,181723,12976,276352,81808,224728,137455,223882,130113,270112,89089,320777,142869,311905,190707,261367,138333,240180,141231,243909,139028,275798,164782,251373,195004,338975,107403,570816,381344,522776,429384,12036.0,1944375,1546038,744017,0.4220885903192548,0.2564904614246222,0.03920020077126177,0.00372500546558364,0.30463481492692934,0.808679993635344,0.3109826537251995,0.11875451961724097,0.21095212407456995,0.17899322192906883,0.21367925732879758,0.2993936966494045,0.22205809813485444,0.08521445074507707,0.6241812010666817
6,Calhoun,5273,944.0,1021,5368,29,700,4067,35,657,4180,6,741,4044,680,4151,652,4179,1208,5274,34,1014,3527,845,3752,947,3531,923,3576,87,1034,3586,1275,4331,1241,4656,232,1177,2815,140,1200,2676,309,1120,2976,1116,2929,1663,4367,106,2738,3034,259,1825,4365,18603,22078,5928,27719,15489,17310,22741,19170,11621,2379,4489,9510,7918,6082,5544,8014,771,2111,893,1190,1795,1251,1535,1934,975,1793,1716,2552,1588,1811,1774,1950,1246,2071,1320,1665,1720,3219,934,2889,1262,980,5502,692,5790,172.0,13648,10923,4385,0.7885196374622356,0.13238121395221092,0.003936647441179163,0.007964844822850866,0.04257072232903049,0.7135402361988464,0.09008514144465807,0.019683237205895817,0.22356495468277945,0.3352337514253136,0.24629418472063855,0.280957810718358,0.10193842645381984,0.0120866590649943,0.009288163784191747
7,Charlotte,78447,41542.0,40448,82479,884,27059,61921,592,26322,63398,170,26475,61698,26009,61721,25636,63098,42272,73242,743,32041,53007,30777,53472,28426,55027,31247,54101,1354,33525,52915,30207,60194,33444,60218,3524,22337,41507,2450,26964,35231,4923,22671,39759,22941,40856,35907,47992,509,37615,42168,3203,39003,45183,238166,321663,68836,311769,216129,323481,225437,363773,7209,8902,21972,41058,27992,35038,28344,32889,2165,26479,21646,18889,29204,21385,26941,27103,20947,27126,27853,22215,40550,24167,27973,20455,30191,22433,27867,22913,24318,8678,8779,36391,24681,40929,74585,39731,75783,2938.0,186847,164240,83852,0.8629444715051144,0.04559790550414028,0.013589868485143692,0.002727715538236727,0.06280443253774963,0.8690574768631272,0.23263516804676085,0.08405991232342913,0.4532817827569411,0.17800410246625006,0.24606449458569862,0.3397533749940371,0.18083051090015742,0.042920860563850596,0.10591789233331482
8,Citrus,67646,27273.0,26277,71355,686,19633,55087,809,19099,56282,257,17834,56660,19000,55482,17584,57574,27092,65351,751,22553,47308,20758,48111,19026,49669,21197,47729,2029,22660,48008,24037,48797,22789,54456,3167,17843,38046,1993,22422,31306,4591,17179,39605,16168,40859,28457,44661,669,34570,35104,2955,31462,43711,212442,294586,62478,270461,195665,285672,197770,323999,22435,12564,13212,21787,18120,16879,15968,17793,1616,24763,17434,17749,24346,18837,22400,25562,16031,22044,20125,26141,23273,20093,20634,18359,20995,20045,19806,15937,16412,24219,21165,27680,17705,25065,67378,22570,69873,2713.0,153843,131487,67036,0.889464357693156,0.024565166138097304,0.015682158692494313,0.0037418147801683817,0.050993634351684955,0.842980674895617,0.1831892126217801,0.06857712169263881,0.4284377923292797,0.234769377647831,0.276448475446029,0.3088340593114148,0.14192374246673428,0.029029178351930307,0.10207428904693375
9,Clay,85573,37291.0,37925,87711,1665,23055,65978,1057,22188,67298,605,22385,66569,22250,66737,21371,68080,38317,84480,1863,26579,65550,25683,66177,24790,66400,28150,64403,998,27705,65627,23251,77965,27821,74962,4531,13805,51130,2205,15945,49332,2866,13591,52757,14707,51005,25759,70025,808,31001,59587,3136,26654,66849,172227,444886,72216,448434,126100,376320,112330,393470,1757,6404,11198,39801,15230,35769,13567,36492,1371,15765,19233,8260,26584,8907,25753,13039,21605,13259,30369,12194,34716,9985,24289,10062,23101,10081,21800,10609,26360,12868,32059,23725,21203,40355,82442,42300,80497,2772.0,218245,166139,78554,0.7342646819831586,0.11438614653994547,0.03313490510957692,0.004520311305593509,0.09281384864480946,0.833211949030631,0.24374168617844094,0.07741710254666273,0.2081329489162689,0.11247040252565114,0.20439442930977417,0.35823764544135245,0.2623672887440487,0.06143544568067826,0.1393720101384684
10,Collier,136602,74876.0,71674,143228,2446,46536,116049,959,45816,117476,384,45379,114378,44735,115445,44781,116420,77620,128950,1713,53556,98417,51282,100322,49363,102681,53594,100302,1639,54389,101265,49470,115718,61084,105422,6001,30070,78811,2409,35282,75338,2990,29856,78872,30184,76185,51698,96518,900,54784,85200,3525,54388,86291,298534,573375,80952,568699,224857,510168,212368,615548,-959,-959,24394,70584,31505,63473,32135,60916,2259,22535,35957,16980,41687,15789,41748,24876,31015,23184,42592,17600,54497,22757,36096,20175,37048,18009,39304,18796,38447,-683,-683,36388,33826,75066,131504,72576,133994,3424.0,375752,313169,156948,0.7223192589304817,0.05289156972752731,0.01467578208571091,0.004716303337814407,0.23631330048631888,0.8312891761317371,0.3567179382378205,0.1462437214411388,0.395026327637793,0.1386064174121365,0.18979534622932437,0.29759538190993196,0.2354856385554451,0.1380903229094987,0.07265003287843602
11,Columbia,24330,8282.0,8236,25087,332,5070,18344,241,4789,18790,118,4975,18399,5002,18349,4706,18762,8915,23837,322,7007,17508,6902,17463,6725,17567,7108,17425,323,7502,17229,7361,19924,7602,20368,895,4962,12748,505,5811,11601,963,5084,12810,5104,12839,8461,18430,252,10726,15057,817,9173,18677,70698,110909,30429,118609,57631,93129,66029,95540,20307,10693,11725,19275,16544,14455,12990,17253,1128,7639,4983,4863,7697,5420,6709,7215,5073,6690,7587,9870,6378,5288,7408,5947,6106,5398,5474,5528,6492,8953,6089,9478,5564,8354,24398,7796,24956,711.0,69698,54813,26156,0.7481254446937771,0.1581011803769179,0.013044350792695164,0.003977158703227336,0.06494809625453815,0.7647091018553993,0.13604436903654243,0.04123109481327422,0.24226004779887983,0.2441122495794464,0.27695366263954735,0.2764948768924912,0.1683743691695978,0.025080287505734822,0.03374184568835099
12,DeSoto,8510,3621.0,3520,8879,84,2097,6469,55,2024,6638,15,2105,6429,2138,6372,2006,6574,4259,8313,61,3180,5630,3118,5580,2802,5873,3057,5662,162,3325,5502,3346,6844,3780,6778,344,2535,4660,189,3295,3682,534,2675,4387,2417,4891,4176,5587,67,4637,4660,349,4386,5636,28948,36778,11013,36119,26060,37859,32120,39511,7156,7843,6322,8677,8191,6810,7414,7250,442,3655,2489,2295,3711,2575,3511,3690,2347,3222,3274,3442,4020,2855,3407,2670,3313,3213,2909,2646,3071,4174,3502,5020,2654,3833,8739,3403,9169,268.0,33976,27008,12299,0.6609523104265402,0.1290358412322275,0.005405805687203792,0.005183649289099526,0.2512588862559242,0.6925725710900474,0.11866854265402843,0.035952310426540283,0.28573015402843605,0.29856085860639076,0.3224652410765103,0.26977803073420603,0.09756890804130416,0.007398975526465566,0.020603615092742344
13,Dixie,6711,1203.0,1183,6920,47,826,5224,86,735,5393,27,814,5269,826,5065,746,5375,1365,6760,30,1048,4669,1073,4609,937,4738,1006,4662,135,1317,4441,1582,5040,1269,5821,149,1480,3577,161,1656,3345,358,1622,3521,1431,3691,1797,5051,88,2723,3756,258,1927,5196,19809,26648,8801,28764,20299,25039,17219,22729,7850,3129,4356,6623,5762,5218,3834,6813,405,1979,1088,1209,1854,1536,1419,1932,1065,1734,1399,2694,1091,2003,1982,2444,1382,2375,1421,1855,1401,2852,1879,3346,1385,1137,6988,840,7285,189.0,16759,13730,6136,0.842680262199563,0.10029133284777858,0.004005826656955572,0.003860160233066278,0.038091769847050254,0.7397669337217772,0.09504734158776403,0.04085943190094683,0.2814275309541151,0.22571707953063885,0.33588657105606257,0.2754237288135593,0.12304432855280313,0.01694915254237288,0.00917779367132557
14,Duval,218970,236523.0,229364,236285,7683,147648,177418,3724,143838,182586,2469,145626,177516,142997,181212,139678,186646,252550,233751,7842,187577,184668,182481,188470,180289,189324,196608,179897,3500,192378,185899,171595,240996,205702,211668,19196,104071,154564,8096,112029,146415,11588,104208,159331,109937,149226,196729,211610,3501,211494,177953,11775,201729,209829,1187857,1332046,716690,1383403,853812,1295840,922630,1489230,116123,138617,112329,155670,137912,130087,127191,136168,6671,104659,71671,74015,111716,76601,104607,96980,84959,112328,126959,63003,47293,80944,108899,75854,99878,80935,102450,92098,123631,96007,120543,136551,79999,256783,229518,260854,225447,10156.0,995567,781603,395333,0.5500413892986593,0.27508850401034796,0.05065487210258916,0.0037730152008116653,0.10316746481269903,0.7937866154556725,0.2776742156823861,0.09250476264804511,0.1821257083199527,0.18906339718667553,0.22918653388409266,0.318420167301996,0.20534587297291143,0.056554853756200466,0.5040123364601427
15,Escambia,92108,65171.0,64601,96407,2496,40789,73224,1453,40075,74607,853,40453,73498,39824,73746,39243,75596,70928,96675,3252,51991,75298,50429,76155,48500,77108,52834,74718,1899,52873,75931,51315,94200,57461,88807,7903,33026,60959,2819,33439,60715,3791,31710,64161,32991,62029,58187,88711,1570,64798,76896,3157,61565,91400,368672,545974,183294,553027,337771,511951,318439,600951,-826,-826,37957,70043,47573,60426,41745,63521,3749,39789,36666,24955,50324,29714,44967,35687,39362,37838,60997,33075,74356,33209,45261,27978,47051,34619,39924,32045,52868,57805,43036,57085,43756,72845,94758,74751,92852,3729.0,321905,258145,126458,0.6750430959344554,0.19548703248174476,0.032721919851246395,0.007716593387437293,0.05783571248716807,0.7681303143582096,0.23201688973251466,0.08391795308838056,0.21109841368223287,0.19581995603283303,0.240214142244856,0.3189596545888754,0.19425421879201,0.047383320944503315,0.18917716557181863
16,Flagler,47935,29857.0,28430,51013,772,20202,37934,499,19176,39183,269,19249,38247,19281,38298,18417,39688,28161,43043,659,21324,30638,20498,31151,19482,32053,21182,30950,729,21418,31467,21261,32913,22027,33849,2111,13404,22797,1118,15991,19992,1875,14263,21898,13911,22240,23208,26971,355,25430,22025,1468,24042,23309,133718,163635,63606,162434,135890,153760,111330,144070,12168,14831,11269,15730,14440,12559,13622,12751,816,10678,7347,8326,9778,8376,9389,10243,7491,9585,8234,971,626,7953,7160,6863,7618,7085,7386,6692,6245,7453,8418,10083,5788,26774,44430,25376,45828,1651.0,115378,96386,46255,0.7824061585707468,0.08834270537214949,0.021953395721370325,0.003195484821447098,0.09389330400680597,0.8544498163633722,0.25328367190255846,0.0874815844624738,0.36634988483804704,0.16547400281050698,0.23917414333585557,0.31868987136525784,0.21699275753972544,0.05815587504053616,0.09162568930903917
17,Franklin,4723,1852.0,1869,4832,55,1470,3886,26,1405,4003,13,1451,3909,1353,4031,1370,4010,2119,4676,28,1887,3447,1603,3781,1758,3450,1794,3516,119,2011,3404,1825,3861,1744,4124,187,1451,2639,78,1632,2505,167,1420,2702,1478,2622,1845,3571,40,2621,2621,128,2144,3841,16131,15484,5715,17844,15530,15713,19310,18191,5863,2137,3198,4803,4348,3651,3599,4132,384,1780,928,1203,1536,1221,1440,1711,971,2096,1563,3092,1444,2635,1323,2405,1280,2570,1195,1535,1664,2815,1044,2450,1409,2081,4714,2024,4771,126.0,12451,10555,4813,0.8156324017053529,0.1191852202747513,0.001989578398863098,0.003505447655139744,0.04793936522974893,0.7465656087162482,0.19772619611558503,0.08252013263855992,0.2888678351492184,0.2711406607105755,0.18159152295865363,0.30687720756285064,0.1784749636401413,0.02223145647205485,0.008821131040306851
18,Gadsden,6980,14461.0,14203,7494,206,11113,6085,157,10804,6510,77,10672,6477,10541,6694,10098,7201,16153,7465,127,13490,6330,13215,6568,13042,6641,13719,6203,138,13941,6053,14572,6887,15019,6728,365,11534,5682,274,12425,4800,370,11230,5957,11444,5834,15769,6631,84,16443,5429,310,15584,6811,120757,43298,78844,44070,93029,45570,112280,39480,13368,2632,8718,7281,11190,4809,10322,5396,383,9734,1890,7269,4027,7283,3967,9447,2038,9407,3816,10227,3935,7751,3422,8353,2475,8228,2673,8486,3975,10882,1933,10486,2328,15572,8046,14958,8660,256.0,43826,34617,15876,0.37666464453881043,0.5163647918652685,0.0037842678452783313,0.004304243579744057,0.09711991218187596,0.7179420515931478,0.1757806857902187,0.05971054684114741,0.2296559493890285,0.2639833711262283,0.3073192239858907,0.2849584278155707,0.1191106072058453,0.015243134290753338,0.032769307841275304
19,Gilchrist,8620,1721.0,1662,8930,132,1087,6656,82,1017,6805,19,1026,6735,1081,6552,987,6812,1699,7895,97,1331,5984,1362,5882,1148,6095,1281,5975,101,1633,5703,1674,6303,1458,6739,273,1354,4343,197,1484,4129,350,1508,4263,1263,4577,1884,5919,85,2784,4695,234,1994,5653,17965,33203,6415,35247,13581,22779,19301,30600,6798,3201,3930,6069,5219,4781,3769,5905,475,2315,1283,1407,2097,1632,1779,2245,1246,1985,1938,3291,1474,1701,1921,2137,1316,2147,1355,1511,1395,2288,2017,2989,1315,1522,8072,1287,8307,251.0,17864,14174,6708,0.8634118809087061,0.04522364893466911,0.004091999435586285,0.0035981374347396644,0.0654014392549739,0.7564554818682094,0.10977846761676309,0.02398758289826443,0.2505996895724566,0.22301729278473464,0.26237328562909956,0.34764460345855697,0.13342277877161599,0.02564102564102564,0.019723621974217082
20,Glades,3914,1215.0,1217,4020,27,763,3025,21,721,3090,7,739,3022,778,2962,741,3040,1384,3782,23,1065,2744,1120,2619,1031,2689,1094,2646,93,1155,2666,1196,2926,1270,2996,115,897,2003,86,1039,1814,164,1041,1905,924,2045,1602,2345,37,1822,1901,144,1673,2531,9976,14659,3163,14421,11939,14173,12230,16980,4950,8050,5236,7765,6570,6430,5560,7135,402,1672,780,1043,1382,1169,1264,1456,955,1529,1361,1262,2149,1387,1309,1308,1268,1554,1127,1305,1184,1341,2066,2349,1057,1172,3994,909,4257,108.0,12126,10088,4581,0.7092585249801745,0.125,0.0033703409992069788,0.01288659793814433,0.22452418715305314,0.6604877081681205,0.12757731958762886,0.03300951625693894,0.3281126090404441,0.27439423706614274,0.34053700065487885,0.21065269591792185,0.15760750927745035,0.006330495524994543,0.005802871765913512
21,Gulf,6422,2038.0,1969,6684,44,1295,5069,30,1247,5151,7,1335,5019,1179,5217,1238,5145,1985,6113,54,1505,4313,1274,4597,1426,4300,1510,4265,97,1579,4321,1750,5191,1719,5329,282,1396,3504,170,1433,3476,259,1367,3700,1456,3534,2011,4996,79,3121,3674,231,2138,4954,17720,29412,7146,34103,19707,26726,23490,30260,10337,3663,4829,9171,7577,6423,5269,8305,653,2750,1467,1670,2578,1963,2112,2634,1491,2480,2431,3907,2056,3060,2338,3176,1984,3345,1884,1937,2650,4038,1683,3492,2230,1910,6188,1759,6339,193.0,14192,11821,5407,0.8105913205312579,0.12359360460197953,0.0033838084764402335,0.0061754504695034265,0.03536079857880044,0.8156670332459183,0.21673293291599696,0.0796886896201675,0.28618560189493275,0.17088958757166636,0.2838912520806362,0.29036434251895693,0.1897540225633438,0.04216756056963196,0.009900727625346198
22,Hamilton,3803,1802.0,1726,3963,30,1214,3029,13,1119,3144,7,1153,3078,1173,3054,1089,3169,1962,3814,35,1617,2897,1593,2876,1529,2941,1590,2907,30,1670,2855,2105,3049,1903,3442,140,1419,2175,49,1622,1958,127,1468,2152,1409,2216,2226,3138,15,2561,2555,136,2358,3175,18671,19193,10950,19628,16369,17661,16629,16110,6023,1977,3688,4311,4474,3526,3525,4280,308,2027,817,1276,1549,1384,1332,1899,860,1734,1519,2457,1204,1454,1428,1678,997,1592,1128,1621,1402,2934,774,2668,1040,1821,3955,1628,4148,84.0,14004,11329,4431,0.59458028069556,0.3197104775355283,0.0034424927178038664,0.004413452202312649,0.08729808456174419,0.7045635095771913,0.08509135846058787,0.015535351752140525,0.2271162503310089,0.2879711126156624,0.31776122771383436,0.28751974723538704,0.07176709546377792,0.007447528774542992,0.010513418798028846
23,Hardee,6052,1842.0,1746,6326,31,980,4481,19,949,4557,11,942,4422,999,4408,894,4591,2297,6122,34,1805,4484,1742,4533,1546,4712,1802,4485,80,1915,4454,2025,5151,2148,5243,254,1426,3753,130,1752,3208,431,1409,3875,1097,4266,2462,4696,28,3100,3609,327,2564,4757,18871,31249,7680,28642,17200,25800,21810,31450,4418,7581,4183,7816,6193,5806,4824,6921,360,2540,2058,1937,2631,1788,2624,2904,1530,2416,2927,2298,3897,2694,2649,2579,2445,2987,2132,2017,2899,3189,3148,4130,2206,1995,6424,1709,6710,178.0,25327,18840,8081,0.6158704883227176,0.09474522292993631,0.007112526539278132,0.007218683651804671,0.3633227176220807,0.6620488322717623,0.08768577494692144,0.02165605095541401,0.22139065817409767,0.32978591758445736,0.24031679247617868,0.28065833436455884,0.10889741368642494,0.023388194530379904,0.015337817133153835
24,Hendry,8817,4326.0,4101,9267,71,2121,6009,34,2052,6135,18,2117,5989,2161,5920,2109,6038,4930,7906,50,3413,5389,3460,5177,3289,5333,3516,5178,98,3542,5304,3893,6684,4615,6196,372,2377,4070,99,2626,3747,322,2497,3976,2350,4181,4752,5353,25,5000,4635,332,4990,5748,26227,32953,13193,33964,21625,28333,25353,37852,8014,13986,7575,14426,10086,11914,8904,12656,596,4023,1828,2270,3582,2484,3253,3288,2405,3885,3855,3313,5562,2622,3307,2640,3036,2966,2799,2690,3278,2803,5064,5497,2370,4148,8688,3375,9461,225.0,39619,29444,12895,0.48614318706697457,0.10426572476565683,0.009169949735090341,0.015622877326450211,0.5336571118054612,0.5928202689851922,0.0713557940497215,0.020004075533215596,0.17714984377122672,0.269716944552152,0.34540519581233037,0.23575029081039162,0.11764249709189609,0.01930981000387747,0.013233236503144225
25,Hernando,70936,36124.0,34431,75445,830,24298,54823,739,23701,56248,200,22855,55996,23702,55111,22423,57155,37518,70412,894,30719,48754,28542,50579,26090,52218,29432,49674,1600,30796,49495,32767,53708,31794,58970,3886,22825,38572,2271,28623,30631,4719,21827,40489,21113,41038,37830,44939,614,43690,34896,3177,41877,45019,251233,300524,79924,273790,244098,299043,233569,337360,32288,18712,20493,30506,27054,23945,25651,23781,1950,27620,19035,20592,25440,21556,23969,28271,17471,28523,22046,34233,23608,25331,24531,22272,25540,23926,24208,19173,17902,27626,27323,35313,19634,34826,73104,32269,75661,2816.0,194515,158664,79261,0.8071270105379922,0.048019714617052386,0.013626279433267786,0.003976957595925982,0.13098119296122623,0.8179045025966823,0.17941057832904755,0.06024050824383603,0.3326463469974285,0.2004769054137596,0.26498530172468177,0.3353225419815546,0.16605896973290774,0.026999407022369134,0.1587894402144676
26,Highlands,34672,15909.0,15226,36381,201,10480,28777,266,9994,29517,107,10002,29116,10273,28871,9570,29905,16939,34874,191,13392,26018,12564,26539,11587,27231,12782,26286,565,13398,26282,14498,28122,14936,29565,1509,8883,22107,688,11068,18884,2025,9024,22240,8088,23336,16145,25918,184,19111,20351,1511,18139,26228,108281,165965,42211,159023,108347,168865,100299,197369,9206,14793,9062,14937,11358,12641,10440,13039,687,14084,11551,10185,15781,9779,15636,14562,10989,14249,15617,11862,21744,12322,14617,10842,14872,12750,13519,11236,14499,13358,18529,18812,13076,15315,36498,13956,37857,1026.0,101235,83524,44084,0.7443249844356113,0.0854604664527561,0.0161630190124994,0.004741152243666491,0.17615296202289163,0.8019371677601648,0.17525501652219722,0.058737608352090416,0.4284397298979934,0.26150077125487703,0.26762544233735597,0.3051220397423101,0.13358588149895653,0.019236003992378188,0.03840827692961423
27,Hillsborough,314589,332135.0,321386,341979,11431,222341,253477,6714,217312,261917,3671,213470,260213,216970,257707,211340,268008,376367,327398,10303,283230,228444,266494,243827,251986,258083,281598,234835,7037,281568,239622,281122,283872,307897,266869,29124,159975,196911,11448,180159,170121,21677,145483,212256,140469,218841,286470,250179,5376,308893,203585,13372,272910,236302,1586896,1481793,632255,1445718,1280697,1521785,1341816,1755858,17438,30383,133125,173774,171205,135694,155370,142229,11336,125496,102326,100774,127321,104685,118118,134360,90744,143889,136266,145865,159401,117603,124221,108657,121265,115399,117053,115116,130304,154458,149890,186995,117353,361437,342322,346463,357296,16641.0,1459762,1139031,556612,0.5516373127684848,0.15234264914651138,0.0489565253272299,0.0049243611455702255,0.2748458997165134,0.7890988041589737,0.3149045109395618,0.11532346354050066,0.1839853349030887,0.17505551443375278,0.2169877760450727,0.3008828411891946,0.22123310313108593,0.08474484919477122,0.5520146905226314
28,Holmes,8075,816.0,882,8193,13,556,6150,14,533,6213,5,583,6136,537,6201,537,6209,924,8080,35,791,5957,688,6053,732,5922,737,5941,50,856,5918,976,7039,853,7483,215,1094,4363,192,1053,4301,360,986,4592,1070,4544,1262,6918,43,2235,5587,315,1446,7038,16372,40680,5657,44955,18670,34169,19859,35800,-142,-142,5273,10726,7856,8143,4845,10709,685,3114,1641,1681,3082,1970,2502,2729,1886,2312,3249,2444,4324,2133,2942,2465,2155,2560,2214,1876,3196,3954,2279,3739,2494,822,8182,634,8370,184.0,19653,15598,6920,0.8699192204128734,0.0703295294268496,0.005385305808436979,0.007629183228619054,0.031670727016284136,0.7373381202718298,0.08443390178227977,0.022054109501218104,0.248301064239005,0.27991329479768784,0.29494219653179193,0.29797687861271677,0.10014450867052023,0.010115606936416185,0.01584620321648979
29,Indian River,60187,36331.0,35655,62737,974,25613,50877,509,24744,52269,212,24109,51035,24488,50957,23679,52606,37845,58872,838,27930,44638,26832,45038,25808,46247,28460,44924,741,29174,44784,28288,48181,29044,48619,2346,16118,34279,1449,19253,30724,2527,15960,34575,16597,33859,27495,43451,327,29562,36552,2144,9423,15703,159926,236297,55977,248531,106424,170172,144479,295599,14238,23761,12254,25745,16659,21340,15153,21911,1162,16748,16176,12010,21766,11275,22153,15638,18024,16375,22714,16229,27497,16409,20629,12815,22542,14686,21157,12360,19140,18180,25250,23311,20121,37500,59217,37005,59712,1874.0,159788,134386,64924,0.8013632372419746,0.0711160388730969,0.014502998824282291,0.0031104430521036418,0.10834461923116992,0.8484514756001369,0.30231571741103985,0.11976694000863185,0.40261634396440105,0.17574394676852936,0.23020762737970552,0.3064968270593309,0.20513215451913006,0.07773704639270532,0.1227036453705844
30,Jackson,15564,6084.0,5892,16074,94,3956,12189,57,3835,12412,17,3983,12192,3841,12394,3768,12456,6766,15487,86,5214,10644,4761,11119,4955,10744,5019,10771,100,5182,10792,6362,13820,6397,14256,437,5740,8861,367,5709,8744,648,4983,9900,5317,9541,7346,13420,79,9573,10624,439,7667,13717,68968,74178,34186,90961,57630,65649,78149,68680,20171,6829,10133,16866,14299,12701,11186,15322,743,8817,3746,4774,7328,5783,6329,8218,4117,6667,7189,9671,5786,5907,6697,7303,4882,7400,4966,5481,6725,10283,4440,9585,5137,6338,15915,5745,16508,318.0,47319,38271,16746,0.675289383606386,0.2573750359279873,0.00619267852943482,0.00493846515638473,0.04232970134044054,0.7548012855687074,0.1178699276214366,0.044054244728384415,0.2442057955109613,0.27433416935387556,0.2887256658306461,0.2968470082407739,0.1028305266929416,0.019407619730084796,0.019898160642776316
31,Jefferson,4802,3503.0,3428,5010,84,2928,4137,42,2775,4309,19,2733,4286,2696,4317,2614,4459,3896,4478,60,3332,3877,3260,3910,3137,3991,3376,3877,109,3624,3698,3623,3750,3541,3929,218,2989,3116,137,3290,2840,177,2953,3209,2894,3226,3946,3805,36,4548,2941,153,4090,3797,35813,24357,18681,24525,32497,25824,35689,21411,10236,2765,6663,6338,8129,4871,6999,5706,400,3708,978,2585,1970,2396,2027,3499,1064,2545,1850,3409,1379,2576,1624,2740,1187,2442,1185,2271,1505,3801,912,3631,1081,3650,4724,3450,4924,133.0,14510,12055,5602,0.6318540024885939,0.30875155537121524,0.0028204064703442554,0.003152218996267109,0.04014931563666528,0.7654085441725426,0.2013272501036914,0.0669431771049357,0.2860223973454998,0.21599428775437343,0.26365583720099967,0.24812566940378436,0.22956087111745804,0.03070332024277044,0.009367200724069769
32,Lafayette,3204,471.0,440,3295,14,348,2520,31,294,2616,0,299,2583,319,2554,273,2617,510,3128,9,460,2340,477,2301,415,2354,418,2363,33,620,2194,668,2571,518,2809,64,568,1962,44,752,1711,136,588,1928,529,2042,687,2670,25,1119,2132,95,641,2678,9805,14065,2728,16093,7710,13460,10600,14610,3846,1154,1659,3341,2688,2312,1640,3263,134,1224,644,581,1263,720,1045,1190,640,828,1166,1544,766,935,1105,1252,680,1270,725,867,1038,2016,532,1749,800,410,3228,280,3358,60.0,8226,6819,2389,0.7738671359436867,0.14004986068338465,0.001173192550227306,0.003372928581903505,0.09942806863176419,0.6322041355037396,0.057926382167473235,0.00718580437014225,0.18844405338026105,0.2616157388028464,0.13687735454164923,0.38928421933863544,0.1854332356634575,0.0012557555462536626,0.005845443240362409
33,Lake,132524,85693.0,83545,139546,2454,55375,103102,1236,52577,106576,731,52145,104892,52203,104793,49053,109244,83505,125858,1886,59640,92600,57600,93737,54685,96282,60288,92632,2142,61401,93537,59149,100662,62836,102186,5435,36355,71183,3597,42813,63005,6689,35804,73120,34769,73867,61789,87635,1260,69792,71465,5020,62944,82807,404266,568367,187245,609578,304191,530550,277850,517359,3368,4093,27983,58016,41091,44908,37065,47026,2426,35213,26611,22974,38249,21786,38622,32425,27772,29752,35097,24529,49134,29797,30393,24206,32820,27541,30357,23199,30825,24431,44352,42945,25838,81846,127517,80311,129052,4874.0,383956,312444,153978,0.7315198883639948,0.09352716006708402,0.022330401607968148,0.004154344458526968,0.14872745195939113,0.8249510312247955,0.23204158185146778,0.08448553980873373,0.327969172075636,0.16233487900868956,0.2449310940523971,0.3415617815532089,0.20410708023224097,0.04311005468313655,0.15579329379084464
34,Lee,235772,146357.0,139084,250522,3974,87108,185124,1754,84739,189337,618,85482,181964,84379,183420,83426,187178,157695,233248,2349,111464,171534,108229,172190,101425,179081,111198,174078,4506,114815,174275,104592,204779,124908,191552,9962,65755,133281,5869,79223,121469,8867,63429,130425,67334,128749,109891,153569,1404,117472,133226,8241,119315,147125,657460,1033765,181091,992044,514329,933901,516820,1091831,-1216,-1216,45354,104646,60327,89672,61510,84569,4867,65505,55685,43076,78815,40040,79364,57786,60146,65698,80897,42079,122911,58785,75364,45404,83656,55974,73775,53659,73436,-1257,-1257,88282,62423,152494,238449,147835,243108,7477.0,760822,628325,305234,0.7351800421756257,0.06641467393466757,0.017129670154776587,0.004434011061154658,0.1953527235109219,0.8279107149962202,0.2721855727529543,0.10532765686547567,0.3516953805753392,0.16899493503344976,0.22238675901111934,0.3277976896413899,0.205760170885288,0.07134526297856726,0.3761205924024651
35,Leon,55099,96455.0,94384,60345,2800,69627,46478,1383,67483,49212,928,65625,49350,63882,51628,63810,52465,103460,57410,2506,86169,49424,81831,53827,81832,53358,88721,49909,1612,91022,48726,86584,59921,92010,53785,7991,60234,43414,2889,66740,38294,3091,53812,50261,53567,49869,90883,55804,1662,94323,46373,2835,91554,55659,664619,313181,246541,341830,505400,382961,607550,325379,99847,37993,73857,63982,89810,48030,84257,50374,3148,55751,16946,41153,31454,35853,34395,52952,18566,50072,33929,51954,38720,47314,27262,48022,24076,47638,25079,47784,31978,73960,21973,73412,22520,102670,58200,101770,59100,3175.0,292198,236591,117832,0.5881162005317193,0.28687904442688017,0.035719871001010185,0.0029375589096795737,0.07469853037520446,0.6809599688914625,0.3460190793394508,0.14982818450405974,0.16812135710994924,0.22543960893475457,0.22282571797134904,0.2898448638739901,0.19409837735080454,0.067104012492362,0.16877736080537734
36,Levy,17687,6039.0,5994,18245,126,3944,13691,146,3758,14049,24,3882,13864,3926,13739,3735,14079,6205,16749,128,4830,12079,4815,11996,4259,12496,4718,12084,217,5317,11657,5294,12914,5101,13776,561,3865,8731,391,4173,8409,712,4031,8918,3823,9146,6117,12056,147,7833,9557,599,6714,11762,44613,70452,21471,72280,42887,59968,48543,62054,14850,6150,8542,12458,11162,9838,8682,11619,978,5634,3114,3899,4733,4294,4165,5443,3121,4938,4299,7386,3625,4588,4322,5109,3460,5112,3533,4330,3796,5839,5063,7259,3643,5816,17138,5310,17644,513.0,42915,34293,17475,0.8164640013997025,0.07957892281223573,0.006765229055492375,0.0049864403814189485,0.0792289971714344,0.8056163065348614,0.1372291721342548,0.037733648266410055,0.3043769865570233,0.2838912732474964,0.27582260371959944,0.3115307582260372,0.10432045779685264,0.007210300429184549,0.014817763776221555
37,Liberty,2783,582.0,565,2897,19,405,2163,23,371,2234,8,411,2168,373,2220,363,2231,694,2845,13,610,2023,525,2115,565,2013,526,2059,97,631,2075,748,2289,651,2542,117,860,1640,85,900,1560,209,814,1748,746,1777,943,2301,41,1586,1538,111,888,2317,10499,10202,3003,12230,8500,9070,14330,9321,6603,1397,3192,4809,4900,3101,3698,4014,486,1142,436,602,961,680,835,1113,432,867,912,1399,758,946,985,1133,621,1079,770,820,1127,1911,486,1702,694,614,2925,529,3010,97.0,7974,6507,2133,0.7339787920700783,0.19025664668818196,0.0026125710773013677,0.008606116489933917,0.06300906715844475,0.6846473029045643,0.10942062394344552,0.03826648224988474,0.16090364223144307,0.29582747304266294,0.2583216127519925,0.270042194092827,0.13689639006094703,0.006094702297233943,0.0036846692069042956
38,Madison,5641,3355.0,3231,5876,46,2443,4476,31,2292,4660,6,2282,4639,2288,4608,2168,4783,3747,5576,31,3162,4341,3192,4295,3083,4413,3236,4346,11,3423,4182,3563,4584,3525,4851,131,2712,3460,74,3025,3131,204,2816,3393,2732,3479,4176,4474,30,4761,3544,214,4271,4548,32823,27951,19840,27525,29150,28540,32689,25381,8647,2352,5474,5526,6727,4273,5621,5154,355,3303,1236,2154,2227,2232,2079,3097,1313,2794,2195,3874,1692,2563,2161,2928,1592,2642,1577,2648,2007,4703,1313,4389,1627,3412,5911,3094,6229,111.0,17968,14388,6494,0.599596886294134,0.34035307200444814,0.0027105921601334446,0.003127606338615513,0.046983597442313035,0.7550041701417848,0.12427022518765637,0.03634973589102029,0.2629274395329441,0.32121958731136435,0.2707114259316292,0.26193409300893133,0.1205728364644287,0.008007391438250694,0.009960149424414451
39,Manatee,132115,89486.0,86675,140485,2652,61423,108233,1812,59802,111108,578,58736,109873,58842,109966,56729,113465,90166,124986,2319,69075,91190,64243,95891,61756,96918,67615,93235,2631,68843,94358,66545,102716,71224,101943,7589,41536,72900,3765,49515,61873,8168,39910,76039,39397,76229,66506,85631,1232,73990,70721,4947,70006,80794,425029,550290,138629,507592,369458,555920,401041,605732,49919,85119,55355,79683,67980,67059,62397,68819,4579,42396,33239,29330,46512,28041,46713,42265,32352,41912,44158,34371,62066,40490,41934,35265,44569,38498,41028,33854,42742,40823,57704,58599,39928,88186,126966,86332,128820,5559.0,399710,326633,159713,0.7609029093814771,0.07126652848916062,0.021345056990567397,0.0039126481402675176,0.14642121279846187,0.8370525941959325,0.3033404463113035,0.11936944521833373,0.3405840806042255,0.15780180699129062,0.2330805883052726,0.3049219537545472,0.2308077614220508,0.072242084238603,0.2078083448793967
40,Marion,131600,75526.0,72138,139613,1633,49698,104655,947,47129,108027,446,47126,105861,47470,105610,44673,109859,74858,127827,1564,57475,94619,56052,95696,52779,98395,57387,94896,2482,58989,95552,59537,104399,62041,107833,6025,38431,77247,3228,46347,66213,7290,40390,75651,39332,77186,66829,93047,1113,76929,75964,5234,70813,90299,464207,619316,213025,644510,397376,570996,361126,581626,4587,2673,35396,60602,48094,47904,42887,50462,3659,39905,31656,31218,43959,29959,42565,41436,31547,37044,41408,31416,58377,31344,38783,28480,38819,32362,35671,30593,35274,31858,52936,52536,32258,71149,131536,67232,135453,4625.0,375908,308357,154343,0.745236852090272,0.10577998877923965,0.01610146680633162,0.004102387816718933,0.13032296980447988,0.8081703998936298,0.1977448217488171,0.06976005085015097,0.3553640747575051,0.22247850566595181,0.269892382550553,0.3214593470387384,0.150340475434584,0.029162320286634315,0.0913726288043469
41,Martin,61391,34411.0,33539,64121,1136,24639,52311,642,23748,53596,274,23379,52322,23385,52617,22613,54013,36893,61167,881,29288,47088,27133,47881,25817,49111,29148,47849,821,30691,46733,33686,49807,30185,53204,3244,18965,39899,1584,24611,33836,2773,17818,41517,18882,39422,30228,48404,587,33898,41095,1560,33010,43349,218299,300540,58864,315448,204848,307414,192288,339541,12335,27825,12534,27625,17754,22405,17395,21771,1203,24661,18994,17126,27594,16026,26920,21808,21957,20941,28664,16318,38310,20776,25326,16411,26604,18092,25633,14851,24889,16163,34449,28460,22153,35855,62205,34864,63196,1858.0,158431,132255,66206,0.8182828626516956,0.04482250198480209,0.013874711731125478,0.0065782012022229785,0.1224982042266833,0.8555971418849949,0.3192847151336433,0.11544365052360969,0.37183471324335565,0.16128447572727547,0.20803250460683323,0.28465697972993387,0.23374014439778873,0.11128900703863698,0.11248255228634271
42,Miami-Dade,542604,525543.0,477371,604705,11203,318947,386217,5288,312942,393496,3723,318530,376487,310973,383064,317171,381273,617862,532828,6919,475932,305215,465057,315332,457280,307635,479194,311788,8481,485416,316051,529433,420061,624135,333996,29046,271608,216105,9414,303822,204299,11677,260123,222643,262740,221865,539014,331561,2526,521199,291523,11619,487626,352144,2675137,1990512,1429984,2137272,2092644,1782862,2334524,2661070,42641,18389,305013,305926,345953,264986,341098,262635,8742,272403,75879,181605,200722,184943,155667,214778,123803,317298,209659,164612,51762,215163,198313,199158,169690,193140,178779,254429,235286,107382,137799,410554,111454,463600,687090,319763,830927,13929.0,2701767,2178620,950757,0.2851158072541333,0.14095436560758645,0.017046570764979667,0.0032717959075010787,0.6988676318036188,0.7335583993537194,0.286116440682634,0.10821666926770157,0.2021146413784873,0.22165390315296127,0.2158827124070609,0.2883397124607024,0.19697882844933037,0.07618350430236118,0.5490573871353011
43,Monroe,24706,18316.0,17932,26064,488,13755,19897,290,13314,20479,147,13268,19945,12991,20188,13038,20427,21881,25693,561,17428,17669,16394,18523,16196,18411,17176,18507,444,18049,18032,18738,21629,18970,21903,2101,12366,14461,866,14305,13092,1101,11826,14995,11959,14684,19387,19234,416,19489,17009,770,20903,18919,77056,70456,26667,62574,69129,67178,118321,135670,-277,-277,14388,18611,17616,15384,16215,15492,1522,13366,7606,9423,11631,9333,10795,11444,8844,15250,12076,18271,13879,13232,10086,15266,7727,11757,10250,10449,9897,15028,13186,18199,10015,20534,27040,19315,28259,974.0,82863,70610,34169,0.7492281546523155,0.050672709247981874,0.013964027758107917,0.004050417787848747,0.21420478685738564,0.8506868715479394,0.3304772695085682,0.13064721710805835,0.26955105509134686,0.1370247885510258,0.1975767508560391,0.29860399777576163,0.25069507448271827,0.11314349263952705,0.032556372425758755
44,Nassau,45950,17774.0,17142,47945,846,11335,35927,452,10971,36533,220,10771,36066,10680,36205,10223,37027,15563,42565,785,11060,31903,10498,32307,10322,32321,11471,31703,402,11694,31790,9543,34974,10868,34266,1857,6381,23007,955,7228,22107,1355,6286,23243,6945,22623,10250,29929,347,13318,24771,1259,10631,27421,77055,183169,31548,184851,63779,154539,54830,155931,6404,14596,5786,15213,7763,13236,6016,14618,535,8105,7646,4691,10893,5363,10092,7096,8290,7277,12140,-181,-181,5331,9968,5831,8931,6273,8709,5502,9367,8797,9158,10934,7021,15709,42419,15815,42313,1363.0,90352,72186,35522,0.8674535228437648,0.05478901726096473,0.010015792535948798,0.00317236029146926,0.041351508602776164,0.8453993849222841,0.2958883994126285,0.10450779929626243,0.276826531460394,0.12651314678227576,0.1760599065367941,0.3373965429874444,0.2572208772028602,0.09855863971623219,0.05377877562098677
45,Okaloosa,76103,33106.0,32075,80309,1842,18851,60809,1121,18569,61716,566,19007,60613,18521,61234,18338,61888,34247,79798,2697,22316,60650,21191,61273,20350,61091,22408,59940,1611,22902,60924,20812,74749,23779,71893,6423,11654,46194,2349,12118,46159,2881,11497,47937,12152,46860,23414,70171,1214,27099,61800,3284,25874,68786,144758,421051,59763,439586,120880,425613,125630,435869,-312,-312,11304,36695,14077,33922,12224,34622,1652,17713,25871,9732,33843,12118,30595,14666,28116,16462,40683,14186,48391,16458,31459,14149,31982,17725,28062,12038,32817,29140,30762,29801,30101,37504,76541,40683,73362,3175.0,211668,164455,82911,0.7434921407071844,0.08963546258855005,0.035559879602322826,0.005813140372746344,0.0904441944604907,0.8226809765589371,0.2915204767261561,0.10951932139491047,0.2046456477455839,0.14271930141959452,0.21378345454764747,0.3248664230319258,0.24865216919347252,0.06816948293953758,0.08785934071042754
46,Okeechobee,11860,3788.0,3670,12316,77,2218,8532,85,2079,8746,30,2087,8589,2179,8428,2024,8705,4390,11471,89,3234,7904,3237,7699,3008,7946,3306,7730,187,3494,7727,4287,8647,3959,9357,446,2696,5813,254,3311,5015,564,2711,5942,2563,6171,4859,7328,113,5970,5554,415,5105,7560,29323,38504,9751,39301,32839,36652,38230,46461,7105,10874,6641,11339,9831,8150,8222,9323,472,4453,2204,2917,3643,3138,3389,3919,2558,4825,3418,3842,6067,3492,3544,3417,3317,3831,2926,3417,3297,3485,5816,6158,3142,3747,12114,3047,12814,338.0,39644,30932,14863,0.7215504978662873,0.08964826070089228,0.00814690288374499,0.0085995085995086,0.2073580757791284,0.73370619423251,0.15336867968446916,0.04619811198758567,0.2491594465278676,0.24941128977999058,0.27188319989235016,0.2854067146605665,0.1620803337145933,0.022270066608356322,0.019900457553906275
47,Orange,230654,355437.0,340806,258279,10521,225569,177104,4255,216221,187652,2890,216682,181911,213591,184797,209882,191791,395014,245397,8744,288758,174698,279326,183558,273907,186731,296296,174252,5634,294076,180740,293695,224852,329894,195215,26791,152154,140056,9144,164562,128003,15056,138204,150101,141818,153803,273634,188579,4107,282068,153232,8958,272930,186736,1468437,1160664,792087,1296026,963598,1154538,1021486,1371040,161654,153292,136568,177358,173980,140966,160956,148254,6851,107677,69570,73634,104584,70590,102863,100084,73709,105431,105961,84350,145227,84709,91678,66898,102030,84461,85613,82530,108593,84368,148270,142817,89827,376703,263708,358487,281924,12994.0,1429908,1115798,487995,0.46286693469606505,0.18314874197659434,0.056634803073674626,0.004497229785319565,0.31669083472098,0.7809397399887793,0.3179894568730182,0.1132866343191151,0.15519027637618996,0.167175893195627,0.2112337216569842,0.3081343046547608,0.229531040277052,0.08296806319736882,0.6120555302775101
48,Osceola,77758,87399.0,83281,85669,2340,49630,51099,1295,47137,53982,902,48664,51793,48304,52072,46980,54212,97264,73439,2007,68473,44699,67046,45832,64599,47028,68716,44631,1773,67081,47883,75645,57102,85457,50300,5709,32348,33215,1894,35459,29432,3578,31891,33467,30860,35015,67220,40588,758,69688,32331,2860,49106,33005,274528,240480,150599,259706,198640,239451,185904,290165,30413,34566,27258,37721,35605,29373,31878,31649,1952,19121,12915,12382,19840,12535,17799,17827,13739,21873,18336,19862,26439,15291,18436,13127,18661,15289,16931,15009,19142,18312,24009,26393,15927,85512,85191,73483,97220,3793.0,388656,297816,114332,0.4183186934214414,0.10105232761167969,0.031717570580492654,0.0058425336449351275,0.5268790125446584,0.754130066886937,0.21594205818357642,0.06957315926612405,0.17077658688586242,0.18481265087639506,0.2389619704019872,0.3458086974775216,0.18613336598677535,0.04104712591400483,0.11303620476440321
49,Palm Beach,334421,391960.0,371819,366266,9131,269450,267320,5296,262267,278061,2331,262487,269387,261829,270899,258988,277939,433513,334674,6314,340305,235330,330977,239084,323337,246778,341364,240999,4534,343963,244833,350566,287877,374607,272384,19136,213272,191100,7714,246578,160301,12308,195221,209269,208934,191794,349415,247178,3381,362262,198039,8341,358657,224402,2226930,1510276,749476,1527736,2180209,1397238,2130436,1602696,294494,212365,255620,251240,318854,188006,312076,181893,18003,218125,81606,184045,126146,174747,129334,205007,102796,230451,133596,207118,187634,198433,124976,171425,134435,177485,128519,187674,140142,177513,177183,248936,105794,407642,360545,381344,386843,11704.0,1492191,1208624,590238,0.6100615245105178,0.15928526986060182,0.029464084777399754,0.005530255894306253,0.21253259905479288,0.8109188631038272,0.3485707713896133,0.13779554269979746,0.2976293702590715,0.16595000660750409,0.2016356113974363,0.29136382272913636,0.22592242451350134,0.1146520556114652,0.29330691288189636
50,Pasco,183870,122024.0,117451,197780,4435,77663,143761,3128,75343,148082,1197,73574,147319,75064,145736,71390,151504,119074,179622,3927,89537,118351,82942,124559,76248,129854,86382,120753,4074,89425,121191,88665,134780,90143,142102,11022,58017,95316,6410,72364,75229,13122,54319,101176,52425,103977,98271,112435,2876,111770,87622,8409,101633,109561,590959,706374,175442,640995,544790,685299,527014,751275,41742,27012,51667,79304,70403,60569,63826,62956,5201,58336,40461,45249,54585,45192,51444,60453,37268,66471,48352,61600,71235,57595,52417,50038,55216,54735,51405,53128,47733,58379,64436,78512,44305,114559,184137,110474,188222,9337.0,561891,448026,223566,0.7687500279001666,0.05577131684321892,0.029342047113337173,0.0038770071379785995,0.1451344341623031,0.8260458098413931,0.23670947668215683,0.08285233446273207,0.2807627235919344,0.20207008221285885,0.2376121592728769,0.30609752824669223,0.20244133723374752,0.049537944052315645,0.29057125392890276
51,Pinellas,255585,242189.0,242453,269469,7416,192058,223748,6455,189563,231284,1717,179628,234907,186915,227877,181180,237207,277447,276206,7501,228193,200292,210984,214262,193227,228559,220825,207665,7309,228623,205903,222928,236418,233701,239197,24583,155698,178453,13385,183927,144270,23637,132303,197419,134799,201683,239100,213242,5123,263423,167374,14618,246841,209625,1447708,1268308,493459,1133109,1235305,1379238,1456786,1842952,-2439,-2440,136622,199384,193091,142916,177086,147609,13926,158159,114211,125693,149383,127763,140595,163885,105496,184177,151166,125137,247048,166200,159064,122020,162169,153287,161066,159986,158071,160737,214299,242527,132509,268345,285308,259269,294384,14148.0,959107,810121,418140,0.7678223376507953,0.08791649642460818,0.03491700622499602,0.003611806137601667,0.09328236152377238,0.8454724664587142,0.31281006170683145,0.11065384059912038,0.29577680371203807,0.18936480604582198,0.2281389008466064,0.30379059645094947,0.20716506433252022,0.06942411632467595,1.3552968673384458
52,Polk,194653,142760.0,136878,209045,4171,82262,144549,2301,80173,148255,1126,79458,145894,80061,145103,76619,150608,145049,194586,4391,105569,134902,100702,138697,95767,142970,104045,136717,4064,105663,138710,110364,156197,117434,157431,12106,67514,116662,6218,79419,98175,14246,69871,118097,58354,131184,114049,131325,2347,126157,107183,7507,113548,128678,681150,856262,307851,791239,569271,789929,542995,873226,74273,87706,63004,99996,84804,78195,75383,84588,4045,69536,48548,47951,69506,48867,67865,69849,47387,66747,67962,57508,92194,58364,65415,57319,63917,67554,54355,51450,65963,70656,75167,90346,55478,136657,202978,128543,211092,8510.0,725046,566436,258656,0.6390324767493591,0.13492609932984487,0.019393188286055265,0.005174459250471369,0.22980354356008445,0.7681697490978681,0.1872426893770876,0.06186577124335318,0.2568074769259016,0.19933038475813436,0.25372309167388346,0.331935079797105,0.16917063590251144,0.04216797599901027,0.15571935954220983
53,Putnam,25818,9432.0,9353,26699,234,6448,19805,214,6194,20210,100,6363,19838,6367,19728,5962,20382,10526,25514,286,8810,18983,8566,18978,8374,19066,9010,18720,297,9341,18688,9909,21473,10093,22138,1069,6998,14832,583,7334,13906,1470,7019,15047,6933,15329,11673,19330,240,14561,14942,1226,13232,19639,82338,124344,43249,128396,81386,109566,90099,130999,11259,16302,20127,29873,26507,23492,23116,25541,1909,12158,6486,7800,10827,8616,9599,11772,6496,12009,9786,10587,14480,9658,10505,10049,9025,10190,9429,10709,8909,11619,13613,18223,7008,9267,26773,7756,28284,802.0,73321,58184,29399,0.7480063247628214,0.1403650488106696,0.006995050185618039,0.005568541179705761,0.08691392822769146,0.7435549291901554,0.11444727072734773,0.033101883679362024,0.29147188230441357,0.297969318684309,0.30001020442872206,0.2640566005646451,0.10803088540426545,0.012211299704071567,0.038867184393967504
54,St. Johns,123693,67486.0,66861,128758,2875,44370,98565,1471,42874,101065,653,42943,98248,42218,99543,41610,101280,63856,110956,2251,44454,83681,41784,85674,41204,85916,46211,83668,1213,45614,85036,35582,95758,43102,88688,6063,21603,61213,2563,24915,58146,3432,20753,62353,22354,60050,35189,78510,1093,41174,66622,3717,34778,69196,244368,458385,81795,479070,181565,394891,155120,400559,18623,38377,17180,39819,22110,34891,19652,35486,2419,20189,19804,11983,27942,12588,26628,16940,22281,16716,27317,2833,2549,12790,22035,11871,21806,12328,21230,12291,20188,17806,21344,22075,17074,67373,107439,70999,103813,4440.0,273425,210601,99061,0.8293170497765917,0.046405287724179844,0.03336641326489428,0.0028062544812227862,0.0711250183997227,0.8784003874625477,0.43244334072487783,0.16858894307244504,0.265283640628487,0.10259335157125407,0.15364270499994953,0.28819616196081205,0.3012083463724372,0.1533398612975843,0.17576017037021324
55,St. Lucie,93688,86753.0,83517,100294,1775,50852,69924,609,49008,72354,248,49540,69946,49571,69912,48257,72532,84138,86831,998,62558,59233,61178,59438,59140,61426,63606,58993,1243,63962,59608,69590,66222,66882,70288,4823,39291,45973,2636,46423,38009,4559,39078,46594,39812,45662,65744,55985,571,70050,45792,2767,67039,52381,368727,322983,161239,340872,326753,327803,308261,357669,34647,43192,32877,44962,43513,34326,41404,34778,2038,33639,20241,24601,28970,24093,28693,30772,22220,36082,28756,29577,43727,27886,27348,23771,29038,26368,27084,23826,24310,27828,34645,39996,22490,81570,89399,78784,92185,3370.0,329226,263741,124918,0.6232402243109717,0.18314179441194203,0.018256547142840893,0.004045635680459238,0.17771980844843996,0.8079176161461433,0.2238142723353593,0.07676849636575277,0.3023344872431666,0.17977393169919467,0.22631646360012167,0.3505739765286028,0.19625674442434238,0.043708672889415455,0.2223592533857804
56,Santa Rosa,81825,26531.0,27034,84314,1561,15554,59112,864,15096,60090,408,15231,59109,15226,59386,14866,60230,27613,77385,2201,18354,56509,17387,57034,16078,57320,18206,56148,1285,19047,56373,16284,66921,18464,65340,4881,10376,40072,2160,10816,39930,2567,9928,42348,10527,40962,17770,58188,878,21893,50773,2402,19472,55982,123769,345354,38169,354456,123609,290410,106480,327540,-259,-259,8046,27953,11188,24811,9018,26025,1450,14369,17401,7650,24089,9795,21391,12334,18965,10936,26301,10086,32111,11725,20344,9658,21156,12973,18171,6556,17338,19378,16145,19448,16075,29751,75247,31879,73119,2992.0,188000,145194,68838,0.8187115170048349,0.061021805308759315,0.02234252104081436,0.007266140474124275,0.05466479331101836,0.8400691488629006,0.26571345923385264,0.09427386806617354,0.20734327864787802,0.11525610854469914,0.19271332694151486,0.33953630262355095,0.27515325837473487,0.07321537522879805,0.07169850321747033
57,Sarasota,153209,116573.0,112668,163218,3197,86614,129858,1583,84611,133347,642,83489,130233,82843,130977,80850,135756,120109,148369,2541,97080,110107,90190,115895,88461,117000,95013,113260,2869,96961,113611,92332,124162,97869,124437,9044,61370,92461,4691,73704,78680,9062,59075,94605,58228,93597,95123,110506,1594,102576,93511,5277,102515,102743,663209,728017,181382,679466,598864,757918,554392,822206,52516,88414,57793,83136,68101,72828,65011,71070,5681,63135,49150,44218,69770,44760,67177,60255,49625,63638,69184,52212,95543,60744,67503,53466,69523,57832,65281,54531,66830,52081,71547,70683,52945,117142,151336,114268,154210,6104.0,434006,374464,196747,0.8505917791830456,0.0336614467612374,0.01883492138096052,0.002812019312937959,0.08403478037942232,0.8715123483165271,0.3489387497863613,0.1495070287130405,0.42731210476841563,0.14230458405973154,0.20466385764458925,0.3228918357077872,0.23097683827453533,0.09708407243820745,0.30139075326507925
58,Seminole,123441,120418.0,120717,129734,4411,83284,97759,2046,79663,102190,1227,79233,99281,78390,100090,76192,104330,132528,125240,3764,97758,96040,92835,99887,90715,101746,100200,96629,2591,101470,97446,94449,117735,105913,109442,12168,55880,79048,5290,61776,72702,8541,49554,86752,49667,86739,95349,109101,2207,105246,89477,5045,98585,104571,591084,679945,262536,761147,405331,678489,423424,762671,42911,75921,44441,76431,60134,60739,54571,63760,4944,46802,39123,31319,54716,28758,54954,43142,41084,45039,59774,39014,75151,39304,49366,28752,55743,37370,47649,35642,57072,43706,70410,65902,48226,132404,125364,132345,125423,6592.0,470856,370782,182460,0.6382456537803884,0.10901823713125233,0.053713502812973664,0.0034467692606437207,0.210112680766596,0.8470017422636482,0.37789590648952753,0.12884929689143487,0.19860996488502677,0.1331798750411049,0.1956757645511345,0.31823961416200813,0.2581497314479886,0.09318206730242246,0.5876239254799772
59,Sumter,70515,32395.0,32550,71953,827,25010,63806,391,23718,65495,156,23052,64379,23472,64047,21814,66690,29340,62761,399,22145,51035,21152,51935,19715,53435,21842,51800,669,21663,52857,21187,51847,22638,52731,1870,12317,38935,731,15184,35481,1615,13356,36472,13003,37307,19390,40315,246,23237,33785,1730,17630,30833,140644,258490,55979,267903,96681,197709,74470,150331,-195,-195,8380,15619,11443,12556,10473,12864,916,7871,5769,5745,8035,5529,7757,7607,5766,7017,5959,6517,8834,5603,5359,5272,5061,5763,4923,5027,4365,6202,4121,7336,2986,29202,62899,28942,63159,1593.0,129752,120696,63365,0.8797971763770133,0.06159276198051303,0.009221515211771725,0.0027838536488367467,0.049396831709418706,0.9016868827467356,0.32842844833300194,0.13470206137734472,0.6266901968582224,0.15173991951392723,0.2232778347668271,0.37052000315631656,0.21163102659196717,0.040732265446224256,0.08991922294356694
60,Suwannee,17239,4081.0,4217,17560,119,3018,13125,89,2650,13649,16,2754,13461,2838,13342,2598,13677,4486,16411,74,3572,12184,3582,12122,3244,12393,3450,12234,173,4044,11843,4483,13335,3964,14287,535,3092,9252,357,3597,8442,735,3357,9137,3085,9465,4752,12673,171,6275,10480,599,4918,12535,44182,83559,17677,87730,37159,69951,39110,70680,10293,5706,5160,10841,7061,8939,5158,10341,758,5640,3526,3205,5915,3566,5295,5395,3501,4478,5742,7200,4896,3934,5064,4508,4054,4951,3861,3989,4575,8095,3259,7421,3933,4104,16793,3526,17371,457.0,43474,34279,15138,0.7778231570349193,0.11342221184982058,0.006388751130429709,0.005542752122290615,0.0937016832463024,0.7493800869336912,0.14157355815513872,0.05656524402695528,0.2566877680212375,0.2454749636675915,0.2602061038446294,0.32157484476152726,0.13469414717928394,0.020280089840137402,0.02437636287889365
61,Taylor,7624,2155.0,1990,7953,50,1494,6062,34,1276,6307,15,1318,6200,1354,6189,1237,6352,2298,7751,52,2061,5781,2018,5773,1847,5963,1877,5941,91,2264,5642,2657,6216,2151,6929,249,1857,4571,161,2115,4266,286,2082,4394,1975,4446,2762,6249,71,3913,4800,258,2800,6453,24563,39083,10852,39153,23330,31800,27190,32179,10639,3360,5196,8804,7015,6984,5393,8376,332,3423,1598,2077,2926,2285,2570,3274,1667,3583,3187,5705,2205,2978,3024,3256,2286,3567,2122,2567,2693,5381,1676,4896,2162,2144,7905,1879,8170,164.0,21796,17482,7427,0.7482553483583114,0.18882278915455897,0.00978148953209015,0.005777371010181901,0.0391259581283606,0.7531746939709415,0.10622354421690883,0.027399611028486443,0.2501430042329253,0.251918675104349,0.30873838696647365,0.27628921502625553,0.12198734347650464,0.022350881917328664,0.008066002369915544
62,Union,5111,962.0,971,5222,30,580,3917,22,544,3996,5,566,3923,601,3895,528,3988,1052,5132,52,948,3905,940,3861,912,3857,973,3842,34,1197,3650,1064,4314,1014,4568,135,1221,3561,125,1907,2780,325,1158,3704,1155,3704,1337,3979,64,2059,3070,142,1301,3945,16679,17834,5821,22642,10859,17229,16110,18069,-92,-92,3819,7181,5610,5390,4054,6713,386,1650,1028,641,2055,932,1656,1569,1072,1388,1636,1303,2146,790,2008,1431,1253,1359,1405,1247,1546,1831,1774,2623,981,883,5301,619,5565,120.0,16147,13093,4358,0.7277934774306881,0.21859008630565951,0.0019857939356908274,0.003436951042541816,0.04697166424807149,0.7041167035820668,0.10517070190177957,0.028182998548842892,0.19621171618422056,0.15855897200550712,0.2762735199632859,0.33455713630105555,0.19779715465810005,0.007113354749885268,0.025597329139769944
63,Volusia,176924,123808.0,120131,187691,3768,84543,139085,1727,79965,144769,953,80266,140965,80567,140870,75668,147726,130575,173821,3638,100851,122706,97086,125970,91436,130511,100487,124812,3703,102776,125718,104530,139932,109091,143006,11180,67642,99769,5768,79313,85744,10815,69031,98149,66557,101477,114741,117483,1821,126302,95928,6766,127795,113945,738019,770937,338629,797195,722240,766229,722080,855941,77702,94277,79445,92534,100865,71114,94470,73781,4638,75494,46227,57229,64543,56426,62405,71701,48182,78828,63007,57160,67825,66545,58545,56133,62828,61116,57259,65233,59178,77208,74042,101384,49869,123168,181228,116131,188265,7090.0,553543,458123,231374,0.751167262940302,0.09509454884386945,0.01944892528862336,0.003712976646009914,0.13067887881638773,0.8213514711114701,0.22954970608330078,0.07760797864329012,0.295525437491678,0.19812511345267836,0.23917985599073363,0.3304130974093891,0.18594137629984353,0.042727359167408614,0.1940640982312265
64,Wakulla,13612,5587.0,5441,14246,231,4343,10485,137,3921,11034,71,3971,10868,3809,11052,3677,11237,5351,12873,218,4491,9535,4262,9760,3986,9858,4194,9802,245,4868,9323,4852,9774,4347,10513,584,3874,7054,474,4557,6444,559,3701,7332,3586,7564,5177,9288,192,6700,7098,538,5314,8880,48988,51713,13914,51719,41757,45933,46640,37001,8638,3362,4602,7398,6402,5598,5158,6499,489,4594,1540,2659,3362,2638,3191,4248,1743,3055,2933,4468,2612,3697,2491,3847,2064,3959,1990,2320,2586,5112,1592,4933,1770,4994,13230,4610,13614,488.0,33764,26854,11485,0.7916883890668057,0.13219632084605645,0.006107097639085425,0.004840992030982349,0.04546808669099575,0.8045728755492664,0.18365978997542265,0.07242868846354361,0.1877932524018768,0.12964736612973443,0.18841967784066174,0.36639094471049194,0.26861123204179366,0.04283848498040923,0.021497379998853948
65,Walton,37009,11128.0,10287,38970,491,6326,28203,233,6112,28648,79,6267,28024,5931,28573,5991,28662,10337,32948,464,7010,23061,6310,23738,6407,23222,7019,22925,340,7485,22777,6334,25722,6876,25756,1266,4044,15296,889,4349,15171,892,4049,16065,4315,15614,6669,21482,288,8474,18423,918,9286,22036,50707,127417,18042,135911,48350,109711,48010,106710,-310,-310,10607,21372,14745,17235,10727,20350,1340,6470,5705,3891,8354,4329,7200,5057,7033,5342,7709,4581,10812,5067,6493,5288,5447,5754,5128,3887,5725,7171,5763,7724,5212,10596,32689,10591,32694,1120.0,75305,59955,31081,0.8398965891084981,0.04451672087398882,0.012559419564673505,0.007138687348844967,0.06835126344758569,0.8468684846968559,0.3053790342757068,0.10326077891752147,0.24416645817696606,0.16585695440944628,0.20533444869856182,0.3073260191113542,0.24645281683343523,0.06949583346739166,0.028003126622251375
66,Washington,10176,2046.0,2139,10369,66,1344,7642,66,1285,7787,11,1362,7679,1255,7814,1270,7809,2346,9876,62,1915,7089,1649,7369,1850,6998,1865,7018,145,1959,7101,2231,8322,2263,8638,310,2099,5729,371,2030,5788,439,1897,6235,2010,6072,2819,8037,119,4160,6341,375,2861,8176,25126,49371,11843,55534,24909,44329,26710,41190,10987,4013,5164,9835,8137,6862,5514,9051,703,3736,1841,2033,3550,2228,3107,3559,1937,2992,3523,4791,3011,2967,3240,3234,2449,3476,2406,2544,3695,5294,2310,4748,2856,1924,10298,1472,10750,286.0,25318,20174,9153,0.7916129671854862,0.13586794884504808,0.005254287697035788,0.008872806582730246,0.0321701199563795,0.7644988599187073,0.11385942301972836,0.03906017646475662,0.21949043323089124,0.28023598820059,0.2946574893477548,0.2961870424997269,0.10149677701300121,0.01245493280891511,0.0167189450119855
