,County,Baseline_R,Baseline_D,2024_Sen_D,2024_Sen_R,2024_Sen_O,2024_Hou_D,2024_Hou_R,2024_Hou_O,2024_Pre_D,2024_Pre_R,2024_Pre_O,2022_Hou_D,2022_Hou_R,2022_Hou_O,2022_Ag_D,2022_Ag_R,2022_Ag_O,2022_Sos_D,2022_Sos_R,2022_Sos_O,2022_Gov_D,2022_Gov_R,2022_Gov_O,2020_Reg_D,2020_Reg_R,2020_Reg_O,2018_StH_D,2018_StH_R,2018_StH_O,2018_Reg_D,2018_Reg_R,2018_Reg_O,2016_Reg_D,2016_Reg_R,2016_Reg_O,2014_Reg_D,2014_Reg_R,2014_Reg_O,2012_Reg_D,2012_Reg_R,2012_Reg_O,2020_Boe_D,2020_Boe_R,2020_Boe_O,2018_Gov_D,2018_Gov_R,2018_Gov_O,2018_Sos_D,2018_Sos_R,2018_Sos_O,2018_Ag_D,2018_Ag_R,2018_Ag_O,2018_Sen_D,2018_Sen_R,2018_Sen_O,2018_Hou_D,2018_Hou_R,2018_Hou_O,2018_StS_D,2018_StS_R,2018_StS_O,2018_Boe_D,2018_Boe_R,2018_Boe_O,2016_Pre_D,2016_Pre_R,2016_Pre_O,2016_Hou_D,2016_Hou_R,2016_Hou_O,2016_Boe_D,2016_Boe_R,2016_Boe_O,2014_Gov_D,2014_Gov_R,2014_Gov_O,2014_Sos_D,2014_Sos_R,2014_Sos_O,2014_Ag_D,2014_Ag_R,2014_Ag_O,2014_Sen_D,2014_Sen_R,2014_Sen_O,2014_Hou_D,2014_Hou_R,2014_Hou_O,2014_StS_D,2014_StS_R,2014_StS_O,2014_Boe_D,2014_Boe_R,2014_Boe_O,2012_Pre_D,2012_Pre_R,2012_Pre_O,2012_Sen_D,2012_Sen_R,2012_Sen_O,2012_Hou_D,2012_Hou_R,2012_Hou_O,2012_StH_D,2012_StH_R,2012_StH_O,2012_Boe_D,2012_Boe_R,2012_Boe_O,2020_Pre_D,2020_Pre_R,2020_Pre_O,2020_Sen_D,2020_Sen_R,2020_Sen_O,2020_Hou_D,2020_Hou_R,2020_Hou_O,2000_StH_D,2000_StH_R,2000_StH_O,2010_StS_D,2010_StS_R,2010_StS_O,2010_Hou_D,2010_Hou_R,2010_Hou_O,2010_Ag_D,2010_Ag_R,2010_Ag_O,2010_Sos_D,2010_Sos_R,2010_Sos_O,2010_Gov_D,2010_Gov_R,2010_Gov_O,2000_Hou_D,2000_Hou_R,2000_Hou_O,2000_Sen_D,2000_Sen_R,2000_Sen_O,2000_Pre_D,2000_Pre_R,2000_Pre_O,2024_Gue_D,2024_Gue_R,2028_Gue_D,2028_Gue_R,Baseline_O,Population 2020,VAP,Number of Households,Percent White VAP,Percent Black VAP,Percent Asian VAP,Percent Native VAP,Percent Latino VAP,Percent High School Attainment,Percent Bachelors Attainment,Percent Graduate Attainment,Percent Senior VAP,Percent Income <25k Households,Percent Income 25-50k Households,Percent Income 50-100k Households,Percent Income 100-200k Households,Percent Income >200k Households,Population Density (Per Square KM)
0,Alcona,5050,2102.0,2132,5049,186,1920,5182,210,2130,5258,62,1675,4124,110,1917,3874,93,2048,3764,114,2076,3801,83,3407,8411,307,1863,3558,0,2662,5611,446,2959,6170,725,3000,4119,479,4270,5184,527,3553,8431,621,1966,3388,46,1777,3493,85,1640,3536,167,1902,3531,14,1705,3702,0,1672,3718,0,2794,5630,655,1708,4178,175,2140,3641,142,2894,6484,1010,1798,2514,43,1514,2681,59,1512,2711,49,1952,2333,54,1575,2725,16,1756,2609,0,2961,4374,535,2460,3558,10,3039,2806,105,2459,3272,87,2522,3365,24,3955,5529,778,2141,4847,36,2284,4615,75,1911,4901,49,1724,2830,0,1744,2768,0,1433,2603,468,1467,2767,239,1532,2734,251,1518,2896,155,2827,1739,7,2012,2964,101,2356,2792,117,2136,4852,2111,4877,236.0,10167,8821,4784,0.9568076181838794,0.001360389978460492,0.0012470241469221177,0.00521482825076522,0.008275705702301326,0.8572724180931867,0.18229225711370592,0.06303140233533613,0.4053962135812266,0.24017558528428093,0.30497491638795987,0.3150083612040134,0.1024247491638796,0.010660535117056856,0.005818575144434238
1,Alger,2894,2089.0,2047,3001,112,2046,3017,132,2075,3115,36,1711,2493,63,1897,2277,42,1981,2209,55,1983,2258,54,3518,4942,307,2060,2026,0,2827,3310,382,2856,3477,726,2630,2341,504,3625,3138,485,3627,4917,571,1963,2094,59,1853,2080,86,1741,2094,176,1906,2154,20,1919,2194,0,1767,2293,14,3002,3354,619,1654,2597,229,1869,2330,224,2770,3709,1099,1625,1496,41,1405,1640,91,1374,1675,100,1600,1500,39,1607,1541,31,1259,1939,0,2721,2502,527,2218,2341,19,2569,1809,126,2330,2005,162,2107,2411,0,3571,3407,731,2053,3014,15,2089,2919,47,1935,3062,22,2225,1323,0,1634,2119,0,1761,1749,261,1578,1819,214,1610,1837,242,1559,2074,143,2320,1474,15,1764,1882,91,1841,1893,135,1993,3074,2001,3066,207.0,8842,7442,3016,0.8386186509002956,0.07833915614082236,0.002418704649287826,0.03157753292125773,0.009674818597151304,0.833646869121204,0.16474066111260413,0.04178984144047299,0.3027411986025262,0.22380636604774537,0.27320954907161804,0.3302387267904509,0.1246684350132626,0.0029840848806366046,0.0037309213291227905
2,Allegan,43623,23942.0,25195,44207,2047,23047,46654,1196,25638,45207,1181,18673,36313,1602,22178,32774,1508,23784,31735,1412,22811,33590,990,38103,76197,4119,16733,31282,256,27572,47711,5381,27185,59755,8165,19487,37302,5121,32209,50300,5120,40511,75706,7477,19475,28661,1458,18778,28838,1446,16627,29650,2374,18890,29879,741,18066,28810,2210,17426,29372,1436,29712,48686,7301,18000,34174,3417,15634,37142,2150,27123,62039,11020,11130,23267,701,9992,23084,1344,10247,22610,1510,13612,19713,1551,11338,22229,1205,10912,22080,1204,20226,38840,5382,20804,31149,360,21809,28316,1672,18349,31486,1489,17882,31526,357,31167,53434,6968,24450,41394,1241,22940,42363,1142,19950,43449,2535,1,28982,4291,9953,23512,1403,9706,24610,2042,10655,23514,1743,11045,23307,1853,9334,26477,905,9907,27143,1388,12703,25407,1030,13471,24935,1048,24751,41093,25158,40686,3280.0,120502,91395,44782,0.8949614311505005,0.01124788008096723,0.007155752502872148,0.006236665025439028,0.06300125827452267,0.8228458887247662,0.2155697795284206,0.07153564199354451,0.22127031019202364,0.13458532446072083,0.21073199053191013,0.35692912330847215,0.2450761466660712,0.04577732124514314,0.056377499341493664
3,Alpena,10573,5735.0,5827,10566,512,5507,10768,592,6038,10966,168,4628,8776,419,5410,8006,321,5679,7820,343,5779,7920,255,9751,18210,1117,5668,7252,0,7774,11819,1354,8366,13189,2202,7419,7716,1334,11242,10177,1462,10033,17843,2227,5590,7034,358,5195,7196,428,4714,7267,567,5411,7365,180,5227,7636,0,4848,8054,0,8322,11762,2120,4864,9115,663,6091,7736,569,8000,13871,3346,4538,4799,113,3822,5166,269,3692,5319,268,4778,4508,127,4103,5275,62,4197,5226,0,7514,8248,1424,6552,7282,103,7920,5574,369,6490,6844,426,6622,6983,208,10655,11121,2184,6000,10685,280,6273,10257,231,5336,10961,282,9342,2814,0,4020,4619,4,3201,4867,594,3155,4873,453,3327,4682,547,3344,5043,311,8115,3919,20,5265,6535,251,6284,6022,282,5833,10852,5692,10993,696.0,28907,23539,12617,0.9491482220994945,0.0026764093631845023,0.004333234207060623,0.004078338077233528,0.011470325842219296,0.8467224605973066,0.15238540294829858,0.053230808445558435,0.2865882153022643,0.2576682254101609,0.2976935880161687,0.28089086153602283,0.13632400729174923,0.014504240310691923,0.01951576174392204
4,Antrim,10161,5913.0,6178,10135,418,5996,10234,455,6329,10341,145,4990,8599,217,5688,7829,194,5840,7672,424,5937,7826,302,9449,17971,924,4507,8103,0,7236,12490,1085,6885,14278,1804,5545,9426,1272,8161,12556,1325,9834,17766,1687,4998,7494,264,4694,7611,348,4293,7691,477,4927,7632,80,4959,7773,0,4549,7996,0,7863,12608,1746,4444,8464,545,4528,8310,551,6788,14886,2511,3380,5894,67,2832,6074,240,2831,6176,247,3914,5148,262,3827,5368,133,3207,5936,0,5700,9916,1379,5085,7910,14,5782,6823,332,5274,7093,452,4007,8686,0,7839,13292,1747,5960,9747,184,5757,9923,112,5234,10291,217,3078,6325,0,3281,6758,0,3491,6041,754,2998,6672,485,3282,6434,500,2752,7294,284,4785,5031,96,3489,6122,321,3743,5880,354,6223,9484,6393,9314,596.0,23431,19314,10094,0.9440820130475303,0.0011908460184322253,0.003003003003003003,0.00818059438749094,0.014186600393496946,0.8522315418867143,0.2739463601532567,0.09739049394221808,0.3315729522626074,0.16059044977214187,0.23776500891618785,0.35773726966514763,0.19387755102040816,0.030017832375668713,0.019018869517291984
5,Arenac,6147,2452.0,2787,5910,239,2410,5887,404,2663,6379,68,2132,4591,260,2566,4323,195,2828,4069,224,2710,4315,110,4461,9547,593,2352,4083,0,3560,5887,841,4073,6614,1224,3895,3985,842,5824,5043,826,4692,9390,1088,2630,3891,140,2527,3726,254,2198,3941,361,2577,3998,63,2844,3313,349,2319,4229,0,3873,5932,1146,2387,4923,296,3325,3728,259,3796,7018,1844,2463,2686,116,2025,2826,239,1815,3244,156,2818,2151,230,2871,2150,78,2352,2828,0,3945,4262,981,3670,4068,17,4418,2923,240,3914,3050,350,3080,4321,0,5508,5543,1287,2774,5927,88,3085,5442,149,3013,5204,367,4076,1860,0,2097,3265,0,2080,2623,633,1932,3127,342,2119,2902,354,1825,3521,137,4621,1355,55,2924,3132,95,3268,2996,105,2534,6167,2282,6419,443.0,15002,12327,6278,0.9414293826559584,0.002028068467591466,0.0028392958546280523,0.008761255779995133,0.014439847489251237,0.8170682242232498,0.13012087288066845,0.03812768719071956,0.30623833860631133,0.21264733991717108,0.2949984071360306,0.3517043644472762,0.11070404587448232,0.010194329404268876,0.01595053017810114
6,Baraga,2693,1421.0,1468,2699,51,1402,2706,142,1488,2778,35,1086,2225,128,1240,2086,39,1303,2065,36,1329,2056,32,2432,4139,234,1594,1627,0,1949,2811,368,2118,2937,500,1936,1889,285,2700,2375,395,2469,4131,465,1343,1799,19,1250,1793,59,1186,1822,108,1335,1843,17,1306,1923,0,1323,1864,1,2057,2866,476,1152,2154,73,1298,1932,163,1950,3089,806,1239,1173,7,1009,1308,19,957,1372,8,1174,1211,7,1131,1308,0,893,1529,0,1980,2036,302,1576,1854,4,1924,1391,53,1628,1595,71,1760,1662,0,2597,2643,542,1477,2512,13,1527,2409,33,1331,2595,20,1284,1521,0,1229,1429,2,1123,1382,149,985,1453,121,1021,1401,158,982,1577,85,1572,1227,68,1206,1488,52,1197,1565,136,1487,2502,1475,2514,152.0,8158,6715,3111,0.7271779597915116,0.08920327624720774,0.0017870439314966492,0.12032762472077439,0.011169024571854059,0.8354430379746836,0.13462397617274757,0.04318689501116903,0.27475800446760984,0.25554484088717455,0.28736740597878496,0.2667952426872388,0.15396978463516553,0.009643201542912247,0.0035059204846232426
7,Barry,23626,12614.0,12311,24678,1197,11213,24849,1470,12390,25650,642,9861,19423,640,11260,18117,886,12096,17539,793,11552,18546,598,18081,41408,2544,8555,17376,0,13965,25941,3224,14183,32118,4683,11459,19749,3246,18024,26538,3152,19049,40846,4630,10270,15534,861,9780,15703,935,8466,16421,1461,9833,16279,423,8701,16796,662,9006,16038,823,15048,26173,4484,9118,19178,1905,8120,20166,1189,13919,33240,6679,6721,12829,254,5807,12954,764,6049,12495,961,8228,10490,1019,6803,11948,620,6623,12451,0,11813,20786,3542,11501,16651,239,12607,14596,944,10655,16133,1018,9356,16995,867,17331,28098,4464,11797,23472,637,11369,23500,702,12058,23083,0,7364,14425,0,5741,13833,811,6878,13042,903,6256,13194,1141,6459,13098,1154,5244,15301,480,7205,14331,783,8198,13910,644,8576,13692,674,11469,23800,11150,24119,1800.0,62423,48234,24292,0.9337189534353361,0.003959862337770037,0.0041464527097068455,0.004084255919061243,0.02711780072148277,0.8499191441721607,0.21837293195671104,0.06101505162333624,0.2363478044532902,0.1405400955046929,0.20237115099621275,0.34690433064383336,0.24962950765684175,0.05228058620121851,0.04357635652989151
8,Bay,31780,26093.0,26314,32129,1693,28078,29503,2487,25773,34777,726,23822,22744,2114,23805,23275,1283,25730,21586,1338,24780,23443,978,43856,53032,4186,24298,20588,0,33680,33861,5295,37349,37078,7440,32449,24368,5540,46573,30722,5054,45642,52572,7463,23213,21873,1300,22701,21210,1533,19565,22537,3358,22558,22780,756,24557,18570,2463,22885,22684,0,36251,34339,7430,21613,28277,2907,28603,20148,1877,35495,40731,11603,19311,17899,700,16968,18333,1463,15445,20994,947,21942,14064,1517,22971,13316,658,20416,17095,0,32974,26865,5988,27820,24885,319,31834,18950,1549,30161,18799,1933,33144,17826,0,45632,35477,7136,26189,33160,981,27107,31354,1087,27143,29586,2241,30687,13643,1476,19439,19785,0,18413,18649,1863,16311,20510,1805,17803,18601,2148,15147,23623,868,39300,7025,658,23636,22217,1326,26294,20451,1152,25269,34080,24431,34918,2677.0,103856,83217,44973,0.9155100520326376,0.014684499561387697,0.005347465061225471,0.004265955273561892,0.0448826561880385,0.8229928980857277,0.18396481488157468,0.05593808957304397,0.25374622973671246,0.21355035243368242,0.264825562003869,0.31556711804860693,0.1720587908300536,0.028906232628465967,0.09065436713203087
9,Benzie,6372,5817.0,5659,6742,338,5574,6810,326,5780,6894,143,4667,5706,235,5166,5162,228,5352,5096,190,5446,5064,158,8752,11599,711,4070,5585,0,6747,7942,849,6330,8931,1503,5284,5945,975,7273,7735,864,9184,11581,1361,4544,4956,209,4333,4962,283,4028,5099,366,4468,5075,104,4544,5135,0,3980,5394,164,7188,8058,1410,4094,5539,511,4255,5405,395,6389,9439,2114,3159,3808,131,2815,3917,207,2743,4049,200,3545,3335,206,3411,3521,142,3023,3865,0,5388,6261,1082,4663,5081,27,5085,4336,244,4651,4547,386,4588,4902,0,7117,8146,1283,5479,6600,154,5328,6692,120,4902,7022,151,2193,4371,0,2942,4185,208,3032,4081,325,2842,4205,347,3066,4023,374,2625,4710,229,3792,3110,34,2822,3787,214,3172,3699,325,5558,6521,5692,6387,485.0,17970,14838,6832,0.9394797142472031,0.002897964685267556,0.0037740935436042593,0.009367839331446286,0.017589971694298424,0.8555061329020084,0.3015905108505189,0.10634856449656288,0.3228197870332929,0.16334894613583137,0.2036007025761124,0.342652224824356,0.2336065573770492,0.03498243559718969,0.02170253159970725
10,Berrien,43279,36959.0,35983,44819,2501,34985,46218,1407,38323,44975,1370,26249,34901,1848,27708,33726,1606,29086,33004,1455,29802,33157,1066,61272,79972,5190,25909,34919,0,41666,54307,5805,46319,67388,10273,30607,42466,5085,55937,63194,5732,63124,79642,9084,27870,32140,1627,26697,32655,1769,25751,32195,2672,27349,33195,898,26644,33063,1954,27599,33723,0,44140,54946,8564,29478,38588,3695,24352,43360,2605,44916,70354,13784,18024,24091,731,15542,25555,1234,16256,24459,1436,16964,24691,897,17039,25141,841,15512,27464,0,31168,44222,5391,33438,38167,226,32878,35624,2226,29434,40283,1458,30396,39344,332,55150,67099,7755,37438,43518,1422,34777,44801,1541,32280,45366,3449,19191,38317,429,13001,27343,0,12900,25996,1781,13945,24336,1739,14278,24210,1774,14393,25254,977,16504,41014,1668,22935,34563,1279,26168,32999,1278,38443,42513,39490,41466,3060.0,154316,121067,63487,0.7682357702759629,0.1263267446950862,0.020880999776982993,0.005525865842880388,0.047287865396846374,0.8117901657759753,0.25948441771911424,0.10041547242436007,0.2535785969752286,0.2243608927811993,0.22220297068691228,0.30321168113157027,0.19451226235292265,0.04895490415360625,0.1049402487431257
11,Branch,14229,5730.0,5923,14182,688,5103,15265,215,5910,14847,285,4397,11162,441,5324,10147,471,5813,9752,455,5675,10131,311,9801,24718,1188,4818,9959,0,7335,15374,1572,8100,19067,2380,6343,11364,1442,10678,15291,1745,10219,24468,2290,5291,9357,358,4987,9403,435,4379,9770,639,5117,9662,194,5080,9947,0,4245,10276,145,7956,15756,2256,5039,11771,706,4822,11695,650,7686,19898,3456,3896,7022,91,3172,7262,371,3174,7172,395,4459,6078,452,3406,7102,413,3606,7145,0,6483,11907,1682,6886,10043,53,7743,8470,465,5405,10662,438,5219,11329,0,10003,16376,2507,6159,14065,284,6119,13682,479,5929,14224,0,4774,8355,0,2690,9488,0,4473,6966,684,3416,7815,574,3792,7553,609,3109,8815,194,3787,9208,379,5325,8056,313,5921,7752,291,5868,14356,5455,14769,798.0,44862,34007,16612,0.8899932366865645,0.03064075043373423,0.005998764960155262,0.004822536536595407,0.04616696562472432,0.8106566295174523,0.13803040550474902,0.03813920663392831,0.2364807245567089,0.1774620756079942,0.25902961714423306,0.36985311822778716,0.16379725499638814,0.01914278834577414,0.034204129930252916
12,Calhoun,36301,28434.0,28320,36586,2295,26520,38476,1326,28988,38607,788,20329,28265,1913,23798,25570,1476,25340,24497,1353,24916,25694,0,46495,61374,4450,22007,25620,683,33522,39641,5833,39567,48975,8366,28618,30335,5432,48111,42389,5379,48038,60634,8034,23447,24703,1558,23017,24544,1585,20318,25834,2617,22703,25935,983,20827,26647,1115,20070,27524,852,35809,40030,8198,24120,31490,3064,22486,31789,2029,38914,50972,12406,16627,20380,362,14579,20793,1288,14558,20173,1934,18993,16530,1631,16024,19402,1012,14352,22543,0,28811,32284,6175,29232,28347,235,31240,24206,1692,28466,25760,1651,30188,26357,0,46951,46003,7652,28869,36219,1177,28138,35781,1625,29124,35468,0,29572,19977,529,14855,25919,0,20067,19455,1732,16047,22259,1974,16982,21425,2250,14572,25967,659,18839,29391,1545,23685,26258,1288,25669,24710,1395,28173,36915,27432,37656,2860.0,134310,103647,53395,0.794919293370768,0.10110278155662972,0.02505620037241792,0.006001138479647264,0.0454041120341158,0.8048761662180285,0.19047343386687507,0.06688085521047402,0.22877652030449505,0.21305365670942972,0.2581327839685364,0.31546024908699316,0.17310609607641164,0.032231482348534506,0.07342425673725367
13,Cass,17925,8591.0,8583,18126,704,8353,18445,321,9049,18504,205,6514,13090,431,6782,12818,508,7131,12560,495,7349,12667,282,14915,29764,1499,6797,12271,0,10882,19036,2131,11592,22851,3136,8519,13306,1895,15843,20419,1848,15396,29791,2893,7245,11569,490,6929,11632,575,6705,11447,881,7064,11824,330,7020,11837,716,6974,11972,0,11489,19284,3078,7247,14270,922,6123,15412,663,11173,24008,4622,5391,7518,258,4449,8200,443,4638,7864,488,4823,8041,282,4801,8212,208,4557,8656,0,8660,13920,1971,9592,12674,20,9424,11694,673,8258,13425,376,9034,12599,0,15320,21526,2777,9130,16698,281,8565,16813,424,7811,16744,1196,6277,10333,12,4628,8966,0,4179,8998,618,4499,8477,547,4662,8373,581,4603,8727,389,5274,11360,484,6985,9869,390,7904,9369,397,9021,16807,8948,16880,1037.0,51589,40513,20683,0.8732752449830918,0.04507195221286994,0.00634364278132945,0.010095524893244143,0.03144669612223237,0.8113445067015526,0.18863080986350061,0.06462123269074124,0.26524819193839017,0.16806072620026108,0.24184112556205578,0.30392109461876904,0.22491901561669003,0.04979935212493352,0.04064084424935481
14,Charlevoix,9709,7010.0,6979,9930,475,6878,10068,441,7197,10182,260,5458,8727,379,6389,7760,354,6629,7661,308,6728,7667,278,10877,17636,977,5443,7928,0,8284,12269,1214,7832,14068,2101,6636,9708,1371,9234,12392,1482,11323,17648,1794,5714,7551,274,5387,7618,367,4980,7771,519,5608,7784,110,5622,7906,0,5279,8060,0,8783,12455,1954,5132,8695,683,5220,8636,538,7615,14887,3010,3977,6251,150,3392,6427,271,3333,6620,264,4569,5445,291,4403,5734,140,3794,6335,0,6763,10280,1537,5930,8019,28,6600,6822,379,6208,7069,523,4499,9010,0,8946,13216,2109,6939,9841,186,6664,10030,122,5989,10499,256,6110,4757,0,3483,6450,0,3766,5752,676,3115,6407,471,3294,6248,518,2917,7048,284,5892,5078,122,4122,6482,396,4447,6272,469,7296,9484,7660,9120,660.0,26054,21255,11748,0.9347447659374265,0.0024464831804281344,0.004328393319219007,0.014020230533992002,0.012091272641731357,0.8537755822159492,0.293813220418725,0.11649023759115502,0.2978593272171254,0.16521961184882533,0.20973782771535582,0.3516343207354443,0.20037453183520598,0.05575417092271025,0.024187027531844457
15,Cheboygan,10418,5135.0,5444,10247,471,5695,10065,421,5543,10652,178,4158,8672,348,5073,7776,290,5239,7687,287,5357,7706,243,8617,17797,903,4308,7931,0,6720,11565,1321,6839,12939,1885,6249,8097,1414,9322,10520,1412,8991,17559,1795,4797,7254,328,4384,7291,483,3961,7427,636,4833,7380,123,4647,7730,0,4429,7665,0,7109,11687,2003,4262,8685,550,4883,8002,508,6569,13665,2827,3979,5298,102,3263,5558,337,3098,5848,226,4388,4653,241,4180,5005,111,3613,5426,0,6380,8649,1471,5788,7288,39,6893,5832,297,6217,6257,472,5577,6907,145,8915,11395,1977,5436,10185,193,5475,10025,179,4671,10704,154,6566,3170,0,3454,5417,2,3622,5006,564,2980,5533,498,3129,5358,565,2795,6196,229,6198,4004,67,4025,5892,233,4551,5630,227,5443,10178,5335,10286,642.0,25579,21112,10676,0.9128931413414172,0.0037893141341417205,0.00407351269420235,0.02553050397877984,0.01103637741568776,0.8469117089806745,0.2117752936718454,0.08412277377794619,0.3355911330049261,0.20007493443237168,0.2542150618209067,0.3630573248407643,0.13713001124016486,0.02051330086174597,0.013807238449750322
16,Chippewa,10434,6805.0,6688,10750,573,6486,10857,689,6796,11248,279,4968,8934,478,5973,7963,394,6276,7773,379,5886,7148,286,10808,18244,1261,5561,8172,0,8421,12081,1473,8545,13099,2665,7642,8768,1800,10802,11085,2014,11167,17911,2345,6185,7407,284,5643,7489,382,5008,7795,603,5884,7768,132,5565,8291,0,5423,8153,0,8955,12167,2391,5335,9099,837,6243,8318,574,8100,13840,4000,5568,5974,164,4098,6131,385,3858,6463,355,5324,5161,266,5081,5670,89,4528,6034,0,7797,9460,1841,7101,8254,134,8598,6235,468,8490,6343,527,6531,8457,0,10588,12030,2655,6647,10680,297,6728,10496,193,5764,11364,183,3325,9008,0,4841,6499,8,5776,5477,518,4200,6560,647,4444,6373,665,4261,7114,325,7770,4501,60,5141,6906,260,5538,6599,407,6500,10827,6330,10997,805.0,36785,29926,13362,0.7029339036289514,0.0857448372652543,0.004544543206576221,0.13085611174229766,0.016306890329479382,0.8046180578760944,0.19648466216667781,0.06643052863730535,0.22097841341976876,0.2348450830713965,0.2244424487352193,0.34186499027091755,0.154243376740009,0.022676246070947464,0.00911306593415305
17,Clare,11410,4818.0,5269,11125,591,4672,11719,468,5257,11750,219,3999,8740,167,4739,7887,376,5017,7736,308,5042,7837,246,8488,18599,965,3472,7806,0,6252,10568,1333,7259,12024,1951,6667,7257,1437,10001,9209,1587,8831,18345,1841,4394,6932,298,4187,6822,474,3617,6989,833,4468,7031,91,3933,7671,0,4107,6937,142,6706,10700,1996,4230,8519,533,3827,8149,671,6836,12936,2783,4226,4653,245,3446,5039,423,3113,5580,284,4467,4062,507,3529,4965,385,3984,4853,0,6684,7777,1664,6333,6981,14,7760,5010,403,4137,8612,323,4752,8270,0,9473,10189,2155,5190,10841,141,5365,10447,231,4534,10956,402,5134,5521,0,2951,4996,299,2832,6032,396,3042,5620,575,3294,5214,623,3013,6071,272,3191,7270,350,5145,5438,339,5529,5261,329,4695,11336,4145,11886,779.0,30856,24685,11692,0.9418270204577679,0.004496657889406522,0.002552157180473972,0.006562689892647357,0.01681182904597934,0.7917763824184727,0.11006684221186956,0.03913307676726757,0.2988859631355074,0.272836127266507,0.2997776257269928,0.2973828258638385,0.09690386589120767,0.013941156346219638,0.02110916137329954
18,Clinton,24499,22889.0,22602,25923,1022,20516,26563,1472,22451,26752,785,19604,20926,1324,19632,20106,896,20897,19343,792,20856,20056,639,34150,45280,2644,16285,18129,881,24140,28989,3383,25366,37049,5197,19967,24286,3701,28212,32184,2921,36663,45403,4795,18473,17631,855,16856,18354,947,14911,20072,1208,17560,18932,329,15497,19859,0,15893,19823,715,27875,30947,5080,16548,21650,2381,14663,22151,2294,25362,39750,7235,12682,15978,224,10242,17097,722,10096,17623,611,14398,13412,761,11668,14872,984,11897,16202,0,21077,26187,3854,18218,20631,132,20276,17281,886,14318,22121,1139,16124,20828,0,28491,35497,3933,21968,25097,843,21490,25268,655,18749,26289,1291,9338,18603,645,9320,16687,765,8650,18561,312,8885,17569,984,10055,16303,1034,9188,18321,431,8557,18811,822,12077,16652,648,12324,16732,697,22358,24707,22749,24316,1815.0,79128,61200,30940,0.8857843137254902,0.022058823529411766,0.02588235294117647,0.004019607843137255,0.039705882352941174,0.8460130718954249,0.29160130718954247,0.10673202614379085,0.21815359477124183,0.12327084680025857,0.19815772462831285,0.3178409825468649,0.28290239172592113,0.06994182288299935,0.05394607846479202
19,Crawford,5195,2788.0,2696,5360,275,2648,5377,272,2752,5612,68,2022,4214,164,2468,3760,195,2590,3708,147,2654,3728,113,4113,8640,514,2166,3727,0,3057,5562,688,3231,6300,1073,3043,4108,655,4709,5212,744,4305,8525,946,2321,3641,205,2119,3692,221,1898,3756,364,2276,3750,78,2236,3904,0,1997,3819,69,3341,5637,1030,2094,4353,310,2412,3896,313,3054,6591,1610,1963,2627,45,1555,2799,107,1485,2976,115,2110,2299,159,2144,2402,23,1791,2611,0,3115,4379,690,2993,3741,4,3569,2881,165,3059,3192,371,3372,3248,0,4604,5623,994,2671,5086,62,2654,5020,63,2222,5357,71,1639,3262,0,1843,2925,0,1804,2548,468,1470,2932,361,1632,2787,367,1476,3233,163,1687,3326,151,2048,3061,207,2400,2862,191,2679,5078,2671,5086,381.0,12988,10653,5638,0.9442410588566601,0.0034732000375481084,0.004411902750398948,0.006289308176100629,0.01661503801745987,0.8423918145123439,0.19506242373040458,0.07246784943208485,0.3032009762508214,0.24937921248669742,0.21816246896062433,0.35987938985455836,0.1484568996097907,0.00478893224547712,0.009012672422526962
20,Delta,13017,7748.0,7317,13601,599,7475,13476,611,7463,14109,299,5855,10979,425,6569,10091,385,6943,9849,416,6890,10097,307,12650,22144,1296,6725,9548,0,10165,14022,1471,11287,14755,2685,10045,9978,1782,14178,12207,1683,12971,21894,2611,6978,9056,196,6667,8864,405,6153,8985,687,6913,9166,86,6945,9349,0,5708,10451,66,10753,14425,2456,6421,11111,895,7618,9717,797,10614,15870,4408,6034,7052,131,5255,7242,290,5302,7167,311,6098,6864,135,6134,7018,88,4736,8693,0,10251,11001,1860,8339,9530,75,9890,7351,421,8967,8140,511,8831,8937,0,13715,13414,2560,7605,13207,312,7828,12829,206,6893,13719,162,12317,2867,0,4867,8300,0,5730,6779,624,5207,6942,521,5370,6820,645,5123,7558,402,10541,5069,51,6858,8210,247,7323,7962,425,7108,13704,6709,14103,807.0,36903,29711,15693,0.9280401198209417,0.002187741913769311,0.004510114099155195,0.020396486149910808,0.011039682272558984,0.8460839419743529,0.17135067819999328,0.048365925078253845,0.29938406650735416,0.23360734085260945,0.2520231950551201,0.31529981520423117,0.16548779710699038,0.02077359332186325,0.012168164207402523
21,Dickinson,9784,4789.0,4662,10075,357,4733,9962,417,4762,10323,116,3568,8054,220,3999,7579,154,4276,7400,149,4309,7445,138,7906,16383,865,3741,7577,0,6067,10932,1080,6779,11801,1769,5523,7801,1114,8626,10072,1279,8212,16329,1638,4101,6911,100,3901,6846,157,3711,6792,385,4153,6970,48,4174,7106,0,3373,7919,27,6510,11042,1564,3916,8586,605,4631,7626,592,6394,12732,2553,3367,5018,22,2896,5180,92,2836,5196,95,3368,4917,33,3526,4950,9,2568,5971,0,5635,8349,1130,4936,7695,38,6175,5936,222,5361,6812,353,4794,7869,0,8297,10960,1778,4744,9616,148,4882,9430,72,4322,9894,79,7669,3350,0,3151,6230,0,3421,5578,443,3196,5443,366,3224,5481,454,3134,5910,191,7290,4364,26,4809,6367,182,5048,6243,292,4711,9649,4667,9693,512.0,25947,20796,11435,0.9496537795729948,0.002260050009617234,0.005674168109251779,0.004808617041738796,0.01293517984227736,0.8773802654356607,0.21359876899403732,0.06515676091556069,0.2852952490863628,0.17866200262352427,0.2516834280717097,0.3470048097944906,0.18635767380848273,0.018976825535636205,0.013165492375309134
22,Eaton,30961,30513.0,31453,31626,1549,28952,32709,2178,31055,33101,1050,26567,25352,1094,27447,23944,1273,28842,23047,1178,28805,23829,965,50751,55579,4286,24325,24785,141,37136,36920,5334,39380,44342,8504,32005,30723,5419,44451,39510,5183,53498,54979,7914,27027,22460,1531,25112,23131,1756,23273,23651,2352,26168,23793,804,25771,23965,0,22822,26533,1138,41258,38481,7869,24934,27608,3492,24504,27660,3075,38743,48068,11286,20244,20033,502,16428,22154,1352,16433,22372,1223,22051,17061,1313,18049,20172,2003,17229,22989,0,33445,33139,5857,27925,26204,441,30386,21749,1720,24139,26868,1895,27683,25323,0,43806,43407,7235,31299,31798,1206,31459,30877,1251,29923,32892,0,16364,25415,0,12374,22411,1135,17589,16575,2084,13631,19949,1680,15090,18873,1813,14012,21777,848,16479,24873,1324,20850,22836,975,21314,22740,1149,31433,31664,31578,31519,2682.0,109175,85978,45166,0.8374467887133918,0.06723813068459374,0.02155202493661169,0.004012654399962781,0.04926841750215171,0.8509153504384842,0.2693130800902557,0.09303542766754286,0.23533927283723743,0.1252712217154497,0.20163397245715803,0.3736881725191516,0.24768631271310276,0.046030199707744766,0.07328238638461254
23,Emmet,11945,9639.0,9778,12295,612,9533,12460,599,10005,12465,431,7814,10787,444,8822,9731,437,9087,9595,399,9284,9589,328,15387,22145,1367,7691,9975,0,11320,15759,1655,10243,17615,2801,7862,12301,1714,11224,16161,1756,16061,21829,2496,7773,9534,458,7247,9664,579,6835,9789,779,7612,9865,296,7747,10027,0,7257,10170,0,12058,16020,2694,6950,10608,1118,6983,10865,833,10077,18783,3968,4570,8049,267,4087,8110,393,4000,8270,395,5478,6936,380,5233,7299,300,4559,7897,0,8104,13093,1729,7207,10238,151,8037,8902,517,7805,8959,603,7012,10269,0,11083,17208,2361,9662,12134,378,9216,12505,281,8496,13069,326,3565,8997,0,4317,8508,0,5040,7398,706,3931,8341,595,4163,8082,660,3631,9184,370,6782,6013,250,4526,8014,466,4885,7736,590,10195,11601,10765,11031,886.0,34112,27855,14392,0.9080954945252199,0.004990127445700951,0.005205528630407468,0.03130497217734698,0.014431879375336564,0.8549632022976127,0.3317537246454855,0.13947226709746904,0.2773649255070903,0.14452473596442467,0.2291550861589772,0.3502640355753196,0.19531684269038355,0.06934408004446915,0.028170665741738616
24,Genesee,95033,116857.0,114994,97998,6465,117387,91158,9514,114671,105302,3295,96494,66387,6804,96488,68400,4010,101390,64693,3929,100323,68282,2986,211778,166235,12882,97291,63785,0,151364,105037,14532,185719,127402,25163,143897,73977,14495,229486,104327,16205,216390,163939,25031,99633,63403,4410,97076,62677,5092,87512,68660,8089,95459,68538,3088,102102,55738,6456,96119,66810,918,162229,106718,22315,102766,84047,8908,121892,63626,6653,177756,134436,39889,79554,48721,2521,72347,51578,3849,70618,52963,2987,86087,39719,4245,89957,37462,1904,78984,47476,0,144826,79061,16722,128982,71662,1304,137704,56364,6070,133700,58938,6118,128111,66236,0,221966,114731,24901,119390,98714,3212,120380,94505,4225,125218,84214,8108,108988,46494,1678,72369,46874,4556,69081,52922,3116,72308,46810,4515,69569,48329,5319,65233,57491,2551,113571,42346,2920,101971,59318,3695,105949,56489,3771,116366,101738,113323,104781,8083.0,406211,315909,165265,0.7365063989946472,0.18484436973938698,0.010474535388355508,0.004460145168387099,0.033645765077918006,0.809280520656265,0.19798422963574955,0.07181498469495963,0.22515028061878578,0.21456448733851693,0.2478806764892748,0.3074093123165825,0.186040601458264,0.04118839439687774,0.24623056789099712
25,Gladwin,10190,4471.0,4537,10240,417,3827,10891,348,4501,10809,136,3378,8273,173,4192,7344,316,4654,6964,312,4421,7358,246,6627,14740,635,3434,7149,0,5795,10010,1183,6799,11447,1597,6293,6841,1262,9571,8612,1235,6937,14721,1304,4153,6499,233,3992,6380,306,3221,6061,1480,4142,6586,138,3502,7320,0,3610,7117,0,6091,10104,1842,3768,8122,485,3547,7844,548,6360,12256,2308,3728,4565,193,3219,4783,346,2883,5338,243,4242,3777,378,3235,4874,259,3444,4946,0,6269,7340,1444,5764,6651,41,7056,4887,313,4111,7792,259,4746,7243,0,9047,9592,1802,4524,9892,126,4905,9245,194,3771,10177,278,5617,3446,0,3325,5454,0,3438,4519,841,3081,5370,420,3451,4909,477,2985,5755,247,2803,6371,197,4322,5055,272,4643,4836,262,4167,10249,3826,10590,649.0,25386,20577,10782,0.952762793410118,0.0027214851533265295,0.0029644748991592557,0.004179423628322885,0.015308353987461729,0.8133838752004665,0.13097147300383924,0.048889536861544444,0.3314866112650046,0.24494527916898534,0.27184195882025597,0.304210721572992,0.14997217584863662,0.011593396401409757,0.019533266801525666
26,Gogebic,4468,3471.0,3251,4537,285,3204,4626,306,3386,4804,42,2566,3682,93,2781,3424,66,2917,3330,95,2941,3413,45,6060,7557,457,3484,2889,0,4990,4827,540,5211,5275,980,4420,3591,516,7111,4729,704,6229,7542,895,3320,3000,48,3174,3041,34,3050,3023,108,3299,3098,16,3172,3321,0,3363,3030,19,5201,4916,882,2920,4030,311,3380,3449,253,4950,5641,1629,2617,2303,15,2366,2422,17,2378,2349,30,2558,2279,17,2525,2437,4,2172,2750,0,4476,3862,574,4087,3446,7,4470,2735,95,4108,3058,73,4141,3230,0,6950,5070,955,3570,4601,27,3556,4436,74,3332,4673,39,6057,1904,0,2927,2405,1,2758,2312,222,2599,2412,123,2601,2408,233,2626,2511,114,4928,2900,49,4283,3046,146,3879,3712,336,3482,4689,3549,4622,251.0,14380,12007,6560,0.924960439743483,0.005663363038227701,0.002498542516865162,0.027234113433830264,0.01207628883151495,0.8680769551095194,0.19746814358290998,0.05779961689014741,0.31848088614974596,0.3038109756097561,0.2638719512195122,0.2557926829268293,0.12728658536585366,0.01600609756097561,0.005037649246489586
27,Grand Traverse,30360,28684.0,29487,30865,1733,29052,31157,1769,30339,31423,1125,23665,26797,1306,26316,24104,1141,27235,23655,1054,27396,24005,903,43951,54806,5272,23731,24092,0,33662,39619,4736,29389,45538,7920,21182,29239,4697,30168,40990,4843,46345,54406,8158,23218,24027,1438,21830,24355,1624,20594,24830,2371,22749,24916,919,23624,24841,0,21286,26159,0,36302,40562,7027,20941,27398,3166,20166,28108,2731,30054,48281,10598,12970,19445,749,11566,19606,1187,11508,19917,1218,15013,16559,1237,14765,17313,899,12863,19523,0,22318,31156,4909,20849,26552,628,22142,23495,1602,20494,24009,2217,20010,26046,14,30054,43700,6804,28683,30503,1042,27291,31792,757,25578,32768,1095,8861,23282,0,10538,22581,9,10016,22173,1131,10552,20845,1538,11697,20013,1579,9394,23541,901,16575,15802,509,11518,20180,1138,12523,19476,1357,30469,28717,32292,26894,2718.0,95238,76419,38884,0.9222837252515735,0.005653044399952891,0.008479566599929336,0.009487169421217237,0.02593595833496905,0.8578887449456287,0.3461573692406339,0.13368403145814522,0.24976772792106675,0.13900318897232794,0.22778006377944657,0.3354850324040737,0.23505812159242875,0.05915029317971402,0.07919387523459724
28,Gratiot,12357,6500.0,6648,12281,606,5787,12967,605,6682,12893,175,4924,9843,228,5938,8705,402,6394,8384,399,6286,8660,297,10698,21396,1121,5518,7947,88,8418,12378,1500,9349,15773,2197,7871,9203,1426,11711,12550,1436,11168,21023,2260,6112,7694,245,5749,7652,471,4836,8497,599,5738,8198,110,5122,8807,0,5005,8289,353,8973,12444,2617,5632,9823,755,4936,9829,955,8897,16702,3206,4949,5675,30,4062,6025,225,3596,6814,81,5495,4780,154,4989,5337,62,4523,5970,0,7952,9724,1625,7618,8242,4,9001,6304,257,4923,10265,234,6864,8327,0,11328,13525,2182,6693,12101,235,6855,11746,248,5560,12617,518,4188,9068,0,3180,6925,250,3029,7173,193,3495,6478,371,3834,6021,543,3389,6954,110,3808,9524,203,5472,8101,219,6107,7720,224,6239,12555,5671,13123,718.0,41761,32681,15114,0.8685168752486154,0.06046326611792785,0.003212875982987057,0.004987607478351336,0.06070805666901258,0.8130718154279245,0.15045439246045103,0.04372571218750956,0.22303479085707292,0.19981474129945745,0.26220722508932115,0.33617837766309383,0.1613735609368797,0.01859203387587667,0.028368394452535705
29,Hillsdale,18117,5382.0,5923,17791,689,5088,18795,287,5874,18631,226,4447,13449,545,5177,12657,519,5739,12296,473,5574,12643,412,9263,29567,1320,4108,12107,0,6995,17661,1813,7690,22167,2883,5642,11637,1702,10862,18031,1913,9724,29422,2603,5150,11103,376,4831,11095,454,4523,11059,617,5059,11314,147,5115,11463,0,4195,11907,207,7701,18173,2605,4792,14028,907,5261,13197,1091,7118,23116,4211,3967,7384,131,2896,7841,406,2746,7985,370,4170,6824,389,3146,7659,528,3241,7949,0,5807,12364,1942,7090,11717,26,8257,9751,590,5419,12350,726,5343,13045,0,10265,19364,2737,5882,17036,266,6237,16226,464,5559,17279,0,4724,10336,0,2953,11190,0,4593,8682,815,3498,9460,730,3809,9154,824,3674,10055,326,4205,10759,224,5466,9627,409,5981,9776,433,5568,17350,4980,17938,1006.0,45746,35596,17688,0.9405270255084841,0.004382514889313406,0.0037644679177435665,0.00398921227104169,0.019496572648612202,0.7922519384200472,0.16114170131475447,0.06169232498033487,0.2517136756938982,0.1894504748982361,0.27278380823156945,0.3408525554047942,0.1627091813658978,0.022331524197195838,0.029528808113095863
30,Houghton,10453,7833.0,7650,10993,483,7654,10954,528,7881,11181,253,6096,8817,415,6679,8189,260,7024,7962,312,7031,8128,274,12546,17415,1423,6795,7294,0,9532,11470,1319,9375,12019,2577,7186,8283,1465,10511,11548,1641,12969,17549,2476,6527,7366,190,6277,7315,320,5912,7412,453,6507,7508,61,6454,7774,0,7111,6978,42,10281,11864,2022,6007,8470,1044,6449,8229,749,9337,13067,3595,4441,5579,132,3898,5825,204,3898,5764,251,4591,5359,124,4505,5564,74,3765,6427,0,7654,9042,1435,6810,8187,152,7744,6813,427,6785,7664,487,7440,7576,0,10541,12498,2254,7749,10377,308,7940,10151,165,6997,10960,266,4838,7637,0,5523,6160,0,4673,6350,589,4303,6373,492,4310,6340,704,4235,6982,366,7049,5298,104,5193,6676,331,5045,7032,559,7499,10627,7335,10791,776.0,37361,29863,13788,0.9176573016776614,0.007567893379767605,0.024411479087834444,0.004085322974918796,0.01727890700867294,0.6842246257911128,0.24886983893111878,0.10950005022938084,0.21344138231256068,0.2824920220481578,0.23085291557876414,0.2781404119524224,0.1609370467072817,0.031476646359152885,0.014295137717109245
31,Huron,12716,5360.0,5541,12508,509,4514,13310,626,5521,13194,142,4013,10291,342,5133,9284,268,5739,8746,297,5310,9395,222,8665,21930,846,3956,9031,0,6394,13159,1181,7168,15645,1889,6682,9950,1520,9805,11833,1577,9115,21731,2031,4775,8491,120,4502,8402,193,3913,8738,412,5042,8301,62,3622,8470,1185,4230,8442,0,6915,13381,1974,4521,10728,364,3654,10905,211,6673,16655,2929,4347,7179,60,3283,7480,174,2831,8309,83,5146,5920,177,2715,8576,27,6652,5118,0,6691,10809,1701,6525,8806,9,9195,5687,100,3545,11326,9,8796,4723,1612,9282,13211,2180,5489,12731,91,6021,11730,117,5020,12815,0,3611,10357,0,4444,7676,0,2705,9046,258,3621,7627,462,4121,7031,542,3347,8453,203,10048,3668,47,5073,8950,131,6257,8149,173,5274,12946,4903,13317,639.0,31407,25451,13423,0.9564653648186712,0.002121724097284979,0.004400612942516993,0.0031040037719539506,0.022120938273545245,0.8310086047699501,0.14753840713527955,0.04420258536010373,0.31652980236532946,0.2222304998882515,0.2532965804961633,0.33375549430082696,0.14355956194591374,0.01832675258884005,0.014505002417731323
32,Ingham,44482,94905.0,94678,48082,4053,90179,49826,4910,94541,50563,2905,79438,36471,2320,79146,35458,2641,81465,33887,2672,82431,34870,1764,160265,87222,10104,77564,37893,1400,119117,62670,11367,126218,77419,19599,85529,50526,11403,128135,70377,11973,166027,85334,18001,80260,35576,3130,76795,37366,3458,72961,38891,5243,77979,38843,1861,80751,35109,2433,76851,38503,187,129457,63544,17455,79047,43787,7704,72197,49471,6878,128109,83679,25182,49997,35426,1106,43805,38640,2449,45640,37083,2485,55898,27534,2578,53483,29595,2272,53621,29812,0,90250,54622,11748,80816,45301,1622,84539,37553,3872,62764,56886,4174,80124,42313,86,130608,77421,15630,94208,47633,2652,92371,48371,2799,96384,44016,2733,60996,44613,320,45726,28864,418,36183,38435,1362,38096,34512,2885,40261,32146,3283,37325,37922,1786,64059,44190,2657,65496,44104,2905,65120,44406,3799,94431,47410,94817,47024,5717.0,284900,228152,114123,0.7257091763385813,0.11664153722080017,0.058263789052912095,0.005513867947684,0.07330200918685788,0.7154221746905571,0.3100170062063887,0.14029681966408358,0.17175391844033802,0.2120957212831769,0.22594043269104389,0.2993349281038879,0.20533985261516083,0.05514225879095362,0.1978090340892522
33,Ionia,21604,10282.0,11253,21241,1059,10181,21400,1268,11338,22179,416,8855,16679,656,10398,15417,829,11362,14748,764,10844,15796,565,16923,36269,2434,7697,14635,291,12349,20582,2886,13264,25995,4410,11205,15573,2879,17074,21073,2928,17848,35436,4618,9894,12975,739,9104,13167,871,7746,13855,1325,9246,13830,404,7785,14513,679,8343,13684,572,14021,21468,4144,8336,16637,1726,7482,17405,952,13106,27480,5986,7076,10426,211,5674,10918,694,5716,10720,913,8184,8575,837,6488,10260,501,6923,9795,0,11477,16603,3235,11042,14335,363,12359,12015,884,9835,13918,948,9291,14149,553,16217,23070,4222,10901,20658,647,10639,20362,762,11086,20259,0,6732,13206,366,4770,12494,609,5989,11321,756,5427,11481,968,5844,11191,922,4754,13268,321,6873,13176,390,8229,13074,440,8890,13020,526,10554,21005,10191,21368,1631.0,66804,52305,21944,0.8815409616671447,0.060128094828410285,0.0033839977057642675,0.004588471465443074,0.041544785393365834,0.8115476531880318,0.13562756906605486,0.0347767899818373,0.1853742472039002,0.15111192125410136,0.22334123222748814,0.3910864017499089,0.2103536274152388,0.011620488516223113,0.04514762999272139
34,Iosco,9427,5361.0,5402,9545,502,4896,9687,648,5344,10154,237,4279,7704,412,4949,7263,285,5364,6863,344,5266,7112,251,8509,16327,956,4432,6916,0,6692,10451,1170,7254,11300,2086,7042,7420,1289,10439,9164,1521,8874,15956,1762,4759,6537,239,4541,6524,339,4025,6798,547,4731,6691,118,5008,5806,547,3993,7365,0,7116,10565,1841,4340,8334,574,5856,6325,494,6727,12132,3150,4047,5088,195,3543,5238,344,3337,5622,256,4888,3955,356,5001,3936,161,3825,5370,0,6995,7788,1552,6238,6882,85,7548,5115,361,6695,5401,620,6126,6343,291,10120,10068,2119,5372,9759,209,5804,9040,288,5664,8699,606,6809,3580,0,3846,5642,0,3539,4611,1395,3746,5231,533,3769,5201,550,3435,5943,279,7531,2597,167,4955,5798,281,5552,5401,312,5237,9894,5049,10082,710.0,25237,20906,11336,0.9379603941452215,0.006840141586147518,0.006505309480531905,0.005405146847794891,0.018750597914474313,0.8396154214101215,0.1519659427915431,0.05692145795465416,0.35449153353104373,0.2627028934368384,0.3072512350035286,0.31166196189131967,0.09915314043754411,0.005557515878616796,0.01774539225916415
35,Iron,4177,2518.0,2404,4328,133,2469,4265,157,2441,4502,27,1898,3579,78,2104,3333,68,2283,3224,46,2236,3282,54,4140,6971,398,2436,2874,0,3218,4693,558,3453,4932,876,3032,3281,576,4526,4064,661,4266,6909,794,2267,2958,40,2142,2944,39,1975,2993,124,2259,2998,31,2251,3119,0,2157,3199,9,3422,4744,864,1980,3677,139,2335,3177,275,3279,5244,1305,1829,2249,24,1561,2320,52,1565,2276,49,1856,2145,23,1803,2329,5,1426,2755,0,3035,3515,683,2688,3237,9,3209,2426,113,2709,2985,133,2919,2848,5,4370,4423,931,2493,4215,16,2555,4063,45,2306,4318,17,2966,2553,0,2026,2506,0,1894,2431,223,1847,2279,199,1882,2299,212,1825,2516,135,3774,1879,20,2695,2650,110,2760,2679,160,2507,4201,2564,4144,248.0,11631,9606,5100,0.9521132625442432,0.0016656256506350198,0.0037476577139287947,0.0073912138246929006,0.011034769935457007,0.8624817822194462,0.1748906933166771,0.05746408494690818,0.3653966271080575,0.257843137254902,0.2733333333333333,0.3135294117647059,0.12431372549019608,0.005490196078431373,0.003851431629224124
36,Isabella,14657,14361.0,13744,15589,1014,12649,16420,921,14027,16341,550,10617,12307,465,11994,10945,646,12591,10543,611,12617,10943,414,22282,25822,1986,11146,11068,0,16884,15921,2329,17819,19087,3829,13011,11645,2521,19376,15714,2417,23313,25431,3731,11657,10115,556,11255,9866,688,10283,10451,1042,11302,10554,391,10440,11428,0,10494,10420,403,18126,16157,3849,11407,12357,1506,10006,12628,1609,17925,21018,5139,7852,8025,292,7003,8187,586,6748,8785,509,8826,6549,655,7752,7464,574,7988,7951,0,13480,12451,2709,13030,10804,172,14344,8480,697,9186,13177,827,10163,13043,11,19379,17761,3254,14082,14833,503,13857,14692,564,12074,15715,891,9190,9467,0,5836,9054,537,5747,9584,498,6168,8787,725,6572,8213,827,5780,9871,263,5571,11794,1211,8625,9863,673,9485,9224,725,13753,15162,13457,15458,1350.0,64394,52028,24175,0.8527139232720843,0.03607672791573768,0.0182401783654955,0.030983316675636197,0.0396517259936957,0.6499769354962712,0.2143076804797417,0.09523717998001076,0.1630276005227954,0.268335056876939,0.23549120992761116,0.3027921406411582,0.15602895553257498,0.029038262668045503,0.04341271949399244
37,Jackson,46741,32216.0,32200,47562,2643,28636,51349,1411,32348,50198,1280,23932,38095,1784,27305,34708,1676,29197,33444,1502,29011,34439,1796,50993,81648,5456,23007,34712,1143,37439,52684,6492,41113,62665,10598,31570,39126,6507,51226,54316,6532,53232,81097,10171,26669,31990,1909,25400,32426,1916,23589,32919,2933,25809,33459,1053,26516,33605,0,22615,34820,1678,40299,53568,9438,25785,39778,3982,26308,38514,3979,39194,66406,16119,19584,25641,494,16096,27133,1598,15692,27973,1403,22050,21594,1697,16793,25253,3388,19271,25630,0,32376,42058,7062,32288,36279,681,35782,30142,2269,27365,37768,2118,28900,37645,58,49810,59058,9641,31995,47373,1478,32649,45053,1978,30650,48514,0,20628,32865,0,15322,26714,550,19200,22433,2064,15195,25599,2022,16107,24671,2229,14978,28000,879,19038,33395,1750,24280,29658,1522,25673,28882,1547,31121,48247,30271,49097,3589.0,160366,126350,62104,0.8516976652156708,0.07719825880490701,0.00926790660862683,0.004139295607439652,0.030154333201424615,0.8140087059754649,0.20129006727344678,0.06605461020973487,0.2257222002374357,0.19190390313023314,0.23504122117737988,0.3307999484735283,0.19811928378204302,0.03785585469534974,0.08821346904805517
38,Kalamazoo,55526,81181.0,81995,57479,4687,78726,61314,2553,84501,58671,2947,62076,47750,4783,69564,42570,2898,72624,40394,2749,72515,42435,1885,135010,104293,10045,62497,48204,722,100890,73674,11812,100084,88648,18673,64562,58965,11995,106480,81657,10850,140125,102739,18067,67023,44134,3497,66359,43408,3699,60272,46770,5586,65676,46208,2456,63191,47316,3379,60488,48194,5191,107389,75295,17473,67161,51030,7696,56060,61848,7098,101785,94418,25514,37532,41386,1918,33851,41459,3486,35898,38956,3734,43430,32594,4018,37217,40192,2908,36549,36609,7061,67671,62701,12628,69087,52637,1033,69089,47624,4207,58572,58594,3041,63034,52912,0,105878,89290,15550,83687,56823,2867,78842,60228,3145,71484,65060,4907,43717,43500,972,28361,33280,0,24376,35665,2270,27725,30780,2286,28000,30555,2912,24369,36840,1288,27736,59402,2734,42558,48020,2560,45715,45327,3392,84951,55559,86262,54248,6465.0,261670,204328,105586,0.7829421322579382,0.10480208292549234,0.027891429466348223,0.004683645902666301,0.04765377236599976,0.7625239810500763,0.3277132845229239,0.1287880270936925,0.19323832269684038,0.18326293258575949,0.22592957399655259,0.29832553558236885,0.223959615858163,0.06654291288617808,0.17978508512772595
39,Kalkaska,7588,3196.0,3150,7757,408,3077,7806,442,3206,8150,125,2366,6118,279,2845,5607,283,2957,5553,268,3009,5616,229,4874,12714,767,2572,5231,0,3789,7977,904,3745,8897,1363,3243,5115,1019,5110,6727,908,5032,12576,1361,2759,5186,294,2599,5131,318,2289,5211,484,2735,5346,122,2853,5391,0,2449,5323,169,4026,8007,1520,2248,6119,360,2751,5412,415,3623,9430,1899,2189,3299,145,1948,3447,278,1634,3661,258,2433,2896,278,2737,2848,69,1989,3463,0,3314,5417,1108,3263,4894,52,3843,3952,286,3480,4105,482,3846,4243,0,4943,7230,1316,3003,7436,151,3014,7327,140,2698,7561,177,1952,3463,0,1699,3698,250,1518,3961,293,1587,3667,432,1707,3608,398,1466,4095,249,3058,3037,8,2262,3600,147,2564,3567,205,2976,7463,2995,7444,572.0,17939,14327,7033,0.9376701333147205,0.002512738186640609,0.003908703845885392,0.008515390521393175,0.014657639422070217,0.800935296991694,0.1432260766385147,0.05227891393871711,0.2503664409855518,0.22806768093274563,0.26219252097255796,0.33598748755865204,0.14261339399971562,0.01535617801791554,0.012374096550924935
40,Kent,167729,183271.0,187508,170388,10823,189038,167031,10020,192667,172721,7542,156615,129863,8642,158067,129113,7175,166145,124165,6392,162682,131624,4797,302730,316570,23524,128627,137759,4063,203309,218747,25987,209081,277029,42032,121492,180326,23837,212278,257768,23601,313188,311416,43087,141641,129954,8430,137750,130324,8553,125013,134989,13412,137038,136216,5766,127950,142253,4786,131383,134154,6918,221180,225921,38264,138646,148149,19607,118141,174198,9236,212339,289959,55770,67222,116960,3508,61992,116098,6082,64163,111342,7272,81732,97127,7330,69589,109725,4568,66850,112554,2451,126557,189634,24455,133398,155909,2274,135074,144994,9234,120201,155047,9585,115007,147895,8382,210610,273388,33185,187914,165741,7183,175256,176795,6626,176792,176680,2480,80994,132603,1914,58070,102182,4410,64717,97302,4672,57934,100935,5849,60309,98342,6552,50573,113623,3182,73295,142103,4165,82761,136523,5046,87189,133334,5741,197349,156306,206779,146876,14388.0,657974,502355,252044,0.7630360999691453,0.0895203591085985,0.03310806103253675,0.005786744433717192,0.09484527873714803,0.8035453016293259,0.33380776542484897,0.12016004618248052,0.1800738521563436,0.1522988049705607,0.19750122994397803,0.3301368015108473,0.24861135357318564,0.06996397454412721,0.2992601432957849
41,Keweenaw,868,657.0,666,882,36,685,866,43,690,896,12,567,782,27,625,713,22,665,693,16,666,700,8,1057,1441,121,611,659,0,825,1032,135,754,1110,265,708,910,152,899,1064,174,1101,1416,197,563,706,8,555,693,6,511,692,35,600,712,0,587,738,0,710,587,0,863,1091,207,527,812,80,539,810,71,741,1178,386,437,644,10,386,658,5,359,672,11,450,626,4,436,644,2,360,716,0,741,991,135,585,773,7,690,634,18,584,720,24,691,692,0,891,1166,223,672,862,13,687,838,2,595,909,9,450,580,0,512,605,0,411,640,54,390,633,24,384,635,54,374,691,22,625,449,3,457,570,26,436,597,50,708,826,754,780,61.0,2046,1728,1067,0.9670138888888888,0.001736111111111111,0.0,0.0005787037037037037,0.005787037037037037,0.9253472222222222,0.34953703703703703,0.1579861111111111,0.41608796296296297,0.1387066541705717,0.29990627928772257,0.27835051546391754,0.19306466729147143,0.014058106841611996,0.0014680526346378625
42,Lake,4209,2343.0,2250,4258,278,2071,4368,248,2297,4522,59,1732,3322,68,1979,3056,122,2079,3033,69,2080,3055,87,3641,6584,303,1883,2644,0,2825,3945,432,3178,4375,798,2667,2685,413,4317,3402,504,3749,6515,648,1877,2559,37,1825,2529,104,1601,2581,285,1910,2598,39,1719,2686,7,1647,2788,12,2907,3910,745,1903,3143,129,1719,2981,230,2978,4604,1175,1609,1703,23,1375,1809,58,1317,1939,59,1730,1436,135,1380,1763,72,1489,1814,0,2704,2780,501,2736,2463,2,2991,1997,123,2170,2433,222,2229,2652,2,4173,3788,715,2288,3945,38,2286,3804,82,2003,3922,201,1989,1774,0,1489,1981,40,1471,1932,162,1369,2015,218,1477,1909,217,1354,2220,53,1753,1866,120,2042,1885,124,2269,1732,83,2076,4157,1959,4274,267.0,12096,10193,4261,0.8654959285784362,0.07318748160502306,0.003924261748258609,0.0067693515157461,0.10909447660158933,0.7513980182478172,0.11527518885509663,0.023937996664377514,0.35661728637300105,0.317765782680122,0.24243135414222014,0.2835015254635062,0.07463036845810843,0.006571227411405773,0.008228224387814936
43,Lapeer,37045,15345.0,16651,36580,1426,14127,37503,2111,16338,38399,703,12673,28829,1328,15127,26807,1109,16688,25517,1196,15984,26940,879,26077,60527,3307,11517,26628,0,19918,37643,4247,21476,45280,6355,19149,25992,4469,29454,35245,4378,27215,59714,6532,14799,23197,1213,14274,23003,1429,12552,23954,1910,14363,24209,649,12429,24700,1335,11826,26174,0,21694,37408,6488,12714,30035,2347,11984,29365,1960,20197,47394,9728,11594,17010,812,9596,17944,1188,9656,17948,1232,13146,14376,1551,9276,19039,576,11168,17391,0,19374,27346,5068,18786,23727,383,22090,18800,1420,13050,28081,513,17038,24482,0,27465,40246,5920,16368,35485,791,16590,34343,1007,15444,35306,0,12614,17587,0,10147,18551,0,7727,20496,1112,9360,18114,1562,10110,17689,1367,9072,19771,752,17590,12004,1022,13111,18037,1197,13834,17693,1000,16144,35709,15902,35951,2347.0,88619,70165,34184,0.9151428775030286,0.012299579562459915,0.004603434760920687,0.004190123280838024,0.0387230100477446,0.8296016532459203,0.16898738687379747,0.052932373690586475,0.23268011116653603,0.1437807161245027,0.20298970278492862,0.3578282237304002,0.24780599110695062,0.043587643341914346,0.052885269537693264
44,Leelanau,7456,9390.0,9164,8101,299,9039,8165,321,9407,8034,284,7467,7476,311,8267,6726,285,8535,6634,229,8540,6753,150,13683,14501,1115,6817,7270,0,10856,11192,1015,9574,12345,2214,7899,9310,1440,9736,11840,1360,14365,14515,1759,7271,6655,234,6879,6799,257,6541,6904,387,7228,6778,65,7326,6821,0,6386,7277,178,11581,11536,1581,6792,7245,685,6596,7563,504,9886,13115,2839,4597,6188,126,4244,6160,277,4267,6212,280,5311,5232,269,5193,5471,202,4631,5994,0,8283,9892,1401,6594,7494,41,7112,6610,293,6518,6860,492,6586,7182,0,9851,12578,1769,8795,7916,162,8277,8379,158,7844,8710,139,2963,6907,0,4025,5279,162,3451,5906,251,3627,5476,354,3897,5287,404,3213,6286,249,5170,4843,91,3729,5984,299,3820,5563,446,9113,7598,9514,7197,595.0,22301,18601,9106,0.9168324283640664,0.0022579431213375625,0.0040858018386108275,0.02478361378420515,0.030374711037041018,0.901725713671308,0.4435245416913069,0.18332347723240686,0.3751411214450836,0.10608390072479684,0.21063035361300242,0.3289040193279157,0.25345925763233035,0.0877443443883154,0.0248007962589176
45,Lenawee,31473,20610.0,19773,32384,1627,18830,33963,822,20788,33463,651,15743,25394,1083,16740,24059,1177,17977,23290,1080,18248,23796,780,33376,54995,3291,14508,24618,73,25192,35470,3734,26851,40782,6587,20293,24700,3718,33821,33985,4126,34543,54770,6188,17555,21231,969,16670,21383,1198,15746,21368,1855,17048,21990,620,17845,21900,0,15199,22866,955,27109,36283,5533,16704,26394,2625,17426,26050,1678,25696,43585,10139,12649,15571,502,10370,16864,841,10668,16045,1195,12550,14911,837,11939,15386,1254,14655,13521,351,20834,26424,4119,21768,22347,563,22823,19093,1609,18376,23477,1337,20495,22889,14,33447,36672,5883,20917,31542,915,19766,31659,1091,20435,32072,0,25539,9487,0,14039,14651,2,12488,15146,1139,9999,16680,1361,10681,16315,1259,10067,17892,728,12566,20227,1099,15334,18627,910,16672,18806,955,20344,32115,19719,32740,2168.0,99423,78518,38702,0.8826893196464505,0.028159148220790138,0.00501795766575817,0.005272676328994625,0.06992027305840699,0.8061718332102193,0.19144654728851984,0.06609949310986016,0.23900252171476605,0.16304066973283035,0.24841093483540902,0.3515838974729988,0.19880109555061753,0.02974006511291406,0.05120905768287809
46,Livingston,78433,47077.0,50533,78192,2526,45446,79357,3707,49502,81217,1728,44437,61530,1998,44273,59721,2455,49058,56246,2444,46521,60493,1817,75043,138153,7018,34557,58881,0,53700,91457,9164,52036,110411,13582,37820,69259,9159,56050,92748,8571,79864,137901,13226,39155,55849,2366,38347,54772,2554,34218,56933,3956,37470,58022,1241,37759,56266,2768,33472,58501,1621,60550,94766,12739,34371,65675,5749,29794,68524,4785,52152,116429,18916,21461,47133,1155,18351,47606,2274,20071,45755,2383,27853,37636,3265,21604,43343,2400,22402,43608,2004,39756,74047,9732,37186,60104,1068,41696,51333,3341,26059,65388,3650,30308,59135,3485,55252,99128,12426,48219,76982,1963,46118,77802,1797,50069,72589,2336,18594,42120,388,17975,47190,2128,16867,49911,1147,18409,46005,2908,20439,44627,2674,15993,51560,1192,21792,40885,1524,25321,37924,1747,24802,38696,1763,50680,74521,53071,72130,5209.0,193866,152308,74209,0.9302728681356199,0.0058631194684455185,0.008929274890353757,0.003368175013787851,0.02353126559340284,0.8646952228379337,0.34085537200934946,0.10871392179005698,0.22208288468104104,0.08907275397862793,0.16189410987885566,0.31091916074869624,0.325337897020577,0.10836960476492069,0.13241489536090925
47,Luce,336,117.0,123,336,0,118,342,0,125,347,0,603,1667,54,724,1542,32,770,1515,45,786,1483,98,1304,3683,174,823,1523,0,1081,2349,261,1070,2579,393,1066,1679,312,1554,2088,301,1355,3643,319,849,1464,77,717,1507,93,651,1545,135,816,1524,17,816,1560,0,693,1638,0,1147,2363,382,664,1765,123,839,1577,101,1015,2783,554,814,1037,13,592,1155,44,548,1221,50,830,988,21,739,1133,1,625,1169,0,1107,1804,296,995,1583,4,1307,1167,33,1222,1239,79,856,1632,0,1470,2289,396,842,2110,43,855,2069,44,738,2181,26,594,1682,0,741,1177,0,807,1016,125,594,1171,124,621,1153,120,614,1284,39,1392,865,19,864,1370,46,891,1369,89,818,2134,776,2176,19.0,5339,4265,2125,0.8747948417350527,0.0021101992966002345,0.0,0.061664712778429075,0.007737397420867527,0.8944900351699883,0.1835873388042204,0.06963657678780774,0.2928487690504103,0.19011764705882353,0.29458823529411765,0.3458823529411765,0.128,0.008941176470588235,0.002292807738258325
48,Mackinac,4217,2592.0,2613,4326,165,2630,4323,197,2674,4395,168,2000,3774,161,2397,3370,109,2542,3283,95,2567,3325,88,4163,7384,447,2162,3426,0,3149,5126,508,3177,5477,773,2887,3746,564,4079,4571,617,4328,7260,805,2338,3221,97,2142,3255,153,1924,3371,212,2327,3280,31,2183,3474,0,2081,3474,0,3405,5166,822,2091,3750,229,2357,3433,242,2986,5887,1208,1987,2412,48,1541,2680,130,1455,2817,110,2077,2227,118,2005,2411,54,1691,2599,0,2963,4072,588,2650,3400,8,3178,2698,114,3158,2687,145,2254,3611,0,3920,5027,840,2633,4303,65,2637,4263,64,2294,4551,70,1521,3385,0,1639,2986,2,2200,2351,213,1542,2828,247,1653,2707,277,1511,3130,120,2942,2023,35,1989,2860,126,2169,2785,144,2639,4297,2643,4293,260.0,10834,9064,5070,0.7739408649602825,0.005516328331862313,0.003089143865842895,0.14088702559576347,0.012687555163283319,0.8595542806707855,0.22771403353927624,0.08793027360988526,0.33837157987643424,0.2339250493096647,0.22781065088757396,0.3467455621301775,0.15069033530571993,0.020907297830374753,0.004099221284167902
49,Macomb,260665,218923.0,217664,265881,16241,202905,271617,20572,214976,284659,10438,168516,196865,10951,189716,178241,8384,207115,164012,8516,199276,179258,6097,381894,445319,29365,170721,171826,2517,261491,266502,32312,297851,321829,54823,207264,190791,33913,340668,263132,34046,390750,437566,56168,182465,169442,9285,182378,163822,9573,163352,172526,15096,180836,173736,5591,170585,168179,11987,170385,175485,2710,281354,271023,48461,176286,224629,17875,190647,191622,17936,285887,341199,84181,116642,142749,4880,100788,148340,8299,107088,140193,9170,140528,108193,12133,120857,129742,6189,116660,134628,0,211137,205065,36694,208030,191899,3166,236056,146020,12718,190941,187196,10730,198135,173787,2936,334894,286065,48195,223952,263863,6404,224447,252051,9977,221236,244538,11440,149806,140440,7077,113578,143159,2072,104498,150931,9546,103940,143389,11551,114858,137008,11703,98675,164674,5363,194191,100154,7535,152360,149834,10223,160034,150975,8032,223439,264376,222918,264897,20047.0,881217,701202,353167,0.7881323784016588,0.11371758779923617,0.04191659464747676,0.0025827079785853435,0.0249485882812656,0.8057221742094289,0.23317104058459617,0.08188653198365094,0.2141408609787194,0.15694274946413453,0.2126501060404851,0.31725784119127776,0.25436974575767274,0.05767243258854876,0.709791665827638
50,Manistee,8368,6093.0,6178,8491,457,5758,8710,465,6308,8749,128,5113,6971,120,5683,6437,376,5887,6389,229,6026,6363,171,9750,14484,1009,4527,7070,0,7719,9689,1285,7874,10311,2062,7468,6794,1286,10202,8652,1354,10125,14214,1878,5420,5967,138,4993,6055,298,4399,6247,616,5209,6197,49,5269,6320,0,4219,7017,44,8093,9667,1884,4976,6915,589,5375,6358,546,7562,10969,2936,4645,4342,26,3850,4718,249,3601,5095,217,4851,3892,145,4725,4156,36,4389,4485,0,7609,7226,1376,6471,5799,17,6994,4887,210,6335,5109,568,6237,5737,0,9866,9331,1901,6108,8322,116,5996,8357,96,5347,8896,75,4062,5683,0,3284,4471,157,3260,4508,250,3108,4532,469,3342,4304,477,2974,5026,197,4002,5686,88,4588,5387,166,5224,4978,362,5826,8604,5625,8805,596.0,25032,20755,9716,0.8973259455552879,0.027993254637436762,0.003372681281618887,0.019706094916887497,0.025198747289809684,0.8330522765598651,0.20033726812816188,0.05723921946518911,0.30744398940014456,0.18865788390284066,0.2534993824619185,0.3569370111156855,0.14913544668587897,0.023157678056813503,0.01782146920328806
51,Marquette,16610,20054.0,20548,16916,926,20667,16727,1005,20867,17459,684,16933,13469,764,18028,12179,613,18743,11631,696,18880,11967,475,34116,26527,2840,18345,11001,0,25667,18767,2980,25842,20460,5482,20527,13364,3267,28848,18005,3571,35341,26458,4881,17152,11958,706,16481,11918,947,15566,12090,1334,16946,12348,476,16963,12759,0,15692,13514,469,27239,19181,4618,16048,14631,2121,16747,14085,1769,25597,22244,7871,12455,9247,316,11214,9616,642,10818,9993,712,12624,8841,409,12664,9016,324,9953,12003,0,21434,14425,3301,18118,13587,461,20280,10507,858,18309,11992,1201,19976,11423,4,28792,19728,5090,20464,16285,707,20408,16246,462,19281,17216,560,17610,8048,0,10266,9663,6,10334,8473,1212,9609,8811,954,9705,8755,1167,9495,9791,712,18198,8081,209,13028,12349,773,14131,11343,1003,20845,15904,21408,15341,1662.0,66017,53919,26693,0.9129434893080361,0.013297724364324264,0.006565403661047126,0.014892709434522153,0.018490699011480184,0.7827667427066526,0.27984569446762736,0.08546152562176598,0.23752295109330662,0.18746487843254786,0.24414640542464316,0.3573970703929869,0.1680215786910426,0.0320308695163526,0.014091978136589535
52,Mason,10062,7045.0,6739,10612,522,6277,10841,510,6974,10829,245,5504,8762,189,6108,8132,410,6316,8033,337,6419,8018,329,11163,18485,993,5274,8324,0,8638,12215,1577,8463,13636,2189,7152,8546,1355,10616,11114,1456,11454,18223,1922,5821,7410,356,5435,7415,487,4993,7635,762,5696,7635,182,5494,7824,75,4366,8923,69,9323,12322,2187,5282,8505,784,4817,8876,599,8300,14485,3044,4336,5433,77,3638,5775,222,3386,6083,182,4698,4824,262,3908,5715,72,4072,5502,0,7327,9102,1445,6843,7603,30,7352,6689,258,5197,8099,566,6732,7383,0,10435,12254,1869,6801,10207,194,6660,10238,193,5877,10737,368,5907,5474,0,3202,6792,145,3395,6402,337,3262,6410,467,3706,5876,529,3151,6871,186,4592,6491,326,4832,6540,357,5087,6443,343,6698,10310,6625,10383,696.0,29052,23270,12091,0.9251826385904598,0.0058444348947142245,0.004899011602922217,0.008680704770090244,0.03373442200257843,0.8474430597335625,0.2097550494198539,0.08345509239363988,0.29750752041254835,0.18683318170540072,0.2601108262343892,0.3503432305020263,0.1680588867752874,0.020014887106111986,0.022661802320003182
53,Mecosta,13876,7339.0,7461,13949,747,6929,14375,641,7687,14444,279,5713,11189,311,6486,10297,526,6857,10090,418,6867,10262,338,12120,23911,1265,5433,9594,0,9158,13938,1753,9634,17042,2325,7740,10400,1690,12053,14144,1679,12550,23595,2411,6375,8687,383,6027,8690,510,5342,8958,838,6271,8875,175,5716,9563,0,5612,9093,190,9836,14251,2627,5806,10313,931,5296,10135,1027,9328,17674,3419,4846,6477,85,3924,6988,288,3858,7159,282,5206,5733,441,4326,6474,377,4853,6517,0,7928,11058,1835,7475,9194,88,8472,7666,434,5488,10394,473,7708,8540,8,11682,15166,2338,7375,13266,354,7227,13274,311,6408,13526,638,4135,7089,0,3563,7873,228,3339,8039,393,3483,7554,619,3915,7214,559,3485,8080,207,3478,8268,432,5038,7378,225,5567,7156,280,6862,13779,6283,14358,916.0,39714,31746,16007,0.9103194103194103,0.020443520443520442,0.00882000882000882,0.00589050589050589,0.02315252315252315,0.7541107541107541,0.19741069741069742,0.07663957663957664,0.2416997416997417,0.24158180795901793,0.2663834572374586,0.32198413194227526,0.15118385706253515,0.010932716936340351,0.027621231500472593
54,Menominee,8457,4012.0,4042,8333,304,3906,8370,408,4256,8647,88,2986,6336,166,3189,6070,169,3411,5959,151,3347,6128,113,7187,12983,906,3448,5288,0,5334,7664,798,6187,9309,1483,4515,5595,771,8252,7395,1003,7312,12886,1617,3525,5048,58,3444,4970,119,3379,4891,166,3652,4988,28,3459,5277,0,3323,5372,51,5607,7806,1242,3534,6701,444,4013,5796,434,5813,10055,2153,2732,3630,42,2412,3638,120,2409,3594,101,2604,3647,47,2468,3865,16,2127,4340,0,4540,5959,804,5216,5563,33,5625,4484,178,5075,5058,131,5016,5604,0,7977,8123,1482,4316,8117,84,4230,7795,159,4138,7886,98,6360,2638,0,2605,4668,0,2998,3822,284,2699,3869,238,2840,3838,270,2796,4114,162,6582,2966,20,3984,4949,219,4277,5131,247,4100,8333,3918,8515,434.0,23502,19154,9750,0.9303017646444607,0.003967839615746058,0.004333298527722669,0.0250078312623995,0.015505899551007623,0.852406807977446,0.15907904354181895,0.04949357836483241,0.30364414743656676,0.2084102564102564,0.2609230769230769,0.33384615384615385,0.1637948717948718,0.007897435897435898,0.008691381619772948
55,Midland,27927,19517.0,20632,27569,1391,21296,26339,1776,20892,28534,880,17813,21266,1599,18418,20974,1113,19769,19897,1063,19478,20934,787,31349,48991,2938,17438,20184,0,22351,32453,3575,23763,39547,5771,18005,26449,3580,27309,36471,3404,33055,48715,5460,16232,21208,947,15890,20431,1255,14192,21145,2108,15936,21684,545,14390,23453,0,14687,22985,0,24544,33519,5639,15633,23847,2796,12654,26955,1973,23377,42275,8062,10580,17645,633,9414,17627,1042,8555,19495,694,12652,14877,1019,9640,18272,714,9791,18721,0,18539,28052,4123,17422,23918,228,19828,20042,1245,12327,27663,1051,15841,24698,0,26850,39319,4976,20455,27640,900,19892,28016,663,16597,30529,1021,11236,22414,0,8300,20244,0,7822,20121,869,8315,19269,1075,9584,17519,1346,8040,20261,613,8352,26248,931,13404,21287,1030,14813,20295,967,20776,27319,21079,27016,1982.0,83494,65392,34220,0.9091479080009787,0.010964643993149009,0.02040004893564962,0.004159530217763641,0.02543124541228285,0.8510674088573525,0.32110961585515047,0.1320650844139956,0.24001406899926597,0.17352425482174166,0.19739918176504967,0.30739333722969026,0.2357977790765634,0.08059614260666277,0.06230072594888585
56,Missaukee,6706,1977.0,1934,6829,256,1891,6852,262,1942,7066,112,1462,5734,191,1857,5324,199,1933,5287,174,1995,5306,123,3075,12063,438,1577,4697,0,2401,7483,668,2583,8542,917,2371,5510,667,3735,7482,593,3279,11890,880,1752,4642,71,1605,4569,175,1417,4688,232,1767,4662,19,1497,4951,0,1365,4942,39,2562,7570,962,1546,5389,278,1444,5152,393,2312,8919,1373,1521,3195,74,1164,3374,109,1083,3592,73,1590,3024,146,1245,3321,133,1240,3485,0,2312,5748,708,2282,4665,4,2723,3990,131,1558,5162,114,2283,4564,0,3493,7941,828,1967,6648,121,1998,6598,79,1675,6763,171,1378,3956,269,1175,3890,93,1053,4056,165,1114,3847,240,1214,3718,271,1104,4057,107,1147,4434,134,1724,4033,155,1910,3924,123,1855,6760,1652,6963,325.0,15052,11632,5847,0.9474724896836314,0.001547455295735901,0.0031808803301237964,0.004040577716643742,0.023555708390646492,0.8155949105914718,0.13514442916093536,0.03516162310866575,0.26487276478679506,0.1883016931759877,0.30100906447750986,0.3155464340687532,0.16538395758508637,0.007183170856849667,0.010289862106823972
57,Monroe,52488,33737.0,32411,54079,2624,28913,57593,1493,32613,57401,1479,24117,41948,1439,27470,38104,1666,30284,36021,1699,29482,38312,1203,53203,84684,5534,23660,36120,0,38644,50805,6001,44117,58114,10411,35171,34221,6461,57753,46905,6285,55422,84569,11313,27395,32319,1525,26589,31771,1842,24175,32787,2595,26639,33634,830,26571,34082,0,23945,34915,1414,41847,52046,9054,26847,43259,3863,28115,39994,3087,41898,63809,16666,21446,24271,932,18444,25055,1697,19050,24228,1767,22920,20791,2017,19513,23650,1998,19959,24887,1047,36208,37413,7145,36286,35575,799,39716,28104,2233,32889,31935,2299,34042,33900,50,56870,52654,9278,32979,52721,1463,32720,50579,1931,32539,51619,0,24787,27486,627,13134,23716,1180,15393,21824,1301,14561,20971,1788,15606,20284,1825,13933,23579,966,36965,15376,1139,26107,26133,1555,28403,25967,1166,31195,54505,29514,56186,3789.0,154809,122008,61966,0.9042439840010491,0.024170546193692216,0.0064831814307258545,0.0034096124844272507,0.03271096977247394,0.8234050226214674,0.19472493606976593,0.07057733919087272,0.23279621008458462,0.158054416938321,0.19546202756350256,0.3305199625601136,0.2603363134622212,0.05186715295484621,0.10880411688593733
58,Montcalm,23088,9623.0,10265,22943,1113,9227,23505,1062,10361,23944,456,7797,17287,507,9230,15841,802,10073,15263,753,9622,16166,608,15440,38441,1954,8219,14070,0,11691,21081,2681,13305,27247,3970,11131,15293,2629,17930,20731,2689,16330,37525,4059,8986,13438,745,8500,13266,933,7136,13991,1418,8749,13913,435,7813,14408,43,7015,15184,502,12887,21611,4157,7859,16926,1645,7313,16207,1845,12629,28469,5514,6664,9830,344,5497,10260,722,5524,10067,871,7695,8182,898,6330,9138,886,5721,11081,0,11244,16227,3037,11413,13631,228,12860,11405,745,8540,14833,977,11122,13875,0,17093,22495,3903,9703,21815,542,9715,21146,768,8587,21443,954,6364,11332,0,5004,11577,476,4917,11535,648,5514,10322,1042,5915,10112,948,5024,11854,387,5874,11929,218,7645,11125,274,8259,11025,454,8745,22773,7710,23808,1594.0,66614,52311,23497,0.9042266444915983,0.039303396991072624,0.0036130068245684463,0.0038041712068207453,0.03477280113169314,0.7895853644548948,0.12289958135000287,0.0355756915371528,0.21852000535260271,0.19576967272417756,0.25224496744265223,0.36711069498233817,0.15925437289866792,0.014938077201344853,0.03646517595950041
59,Montmorency,4441,1602.0,1653,4455,149,1615,4445,190,1701,4600,59,1273,3660,101,1559,3377,121,1685,3289,105,1700,3301,92,2581,6988,293,1294,3157,0,2025,4567,382,2171,4966,739,2210,3130,490,3174,4055,525,2670,6965,566,1476,2990,54,1370,2987,97,1205,3015,208,1507,3007,22,1463,3094,0,1309,3214,0,2146,4585,640,1271,3502,165,1657,2988,221,1984,5196,1143,1470,1890,61,1131,2153,105,1089,2225,65,1562,1755,119,1451,1911,48,1207,2225,0,2210,3334,507,2051,2948,18,2499,2272,144,2109,2486,246,1612,3109,0,2944,4398,851,1627,4170,21,1716,4028,22,1404,4258,64,1214,2506,0,1456,2355,0,1314,2103,416,1121,2347,283,1214,2300,276,1113,2626,132,2319,1579,13,1491,2275,92,1711,2174,87,1626,4171,1556,4241,258.0,9153,7765,4245,0.9477141017385705,0.001159047005795235,0.00154539600772698,0.0075981970379909855,0.011976819059884096,0.8245975531229878,0.13122987765614938,0.03915003219575016,0.3756600128783001,0.25182567726737337,0.2972909305064782,0.31943462897526503,0.10412249705535924,0.0063604240282685515,0.006464480669769071
60,Muskegon,45462,44332.0,45183,45231,3025,44679,44024,3034,46028,47733,1419,36886,33212,2443,38239,32114,2177,41042,30387,1959,39395,33218,1666,76033,75513,5695,36176,29808,0,52998,45327,6692,61422,53612,11499,43272,32146,6833,72230,43435,6617,78866,75190,10652,37046,29659,2052,36422,28620,2499,32476,30593,3651,35961,30816,1636,35700,30594,895,35779,30665,1624,57095,47108,10705,37298,36068,4540,32756,38364,3863,59794,57491,15773,24762,22789,1042,21997,23330,1814,22371,22455,1854,27742,18215,2284,23428,22922,1279,23870,24034,0,44014,34938,7545,44438,30821,332,45435,27224,2205,35978,33235,3365,43416,27816,1767,70550,48439,9548,45643,45132,1659,44191,44637,2224,39933,47516,2650,33231,25949,0,21755,23056,1179,22150,21556,1511,21965,20522,1785,22836,20564,2006,20774,24553,767,29870,27871,948,31076,28636,1124,33934,26509,1240,43441,47334,41251,49524,3967.0,175824,136303,66051,0.7866811442154611,0.12815565321379574,0.006463540787803644,0.007952869709397445,0.04699823188044284,0.8142447341584558,0.18105984461090366,0.05475301350667263,0.2197237038069595,0.19233622503822803,0.241162132291714,0.34665637159164886,0.1808148249080256,0.033837489212880954,0.13471864656123575
61,Newaygo,19353,8120.0,8065,19932,890,7466,20126,981,8132,20630,481,6386,15487,459,7294,14442,789,7905,14088,640,7415,14880,476,12795,33708,1543,5975,13718,0,9622,20262,2219,10125,24601,3163,8517,14613,2204,14060,19651,2013,13251,33463,2977,6905,12629,600,6785,12379,723,5775,12754,1225,6825,12865,280,6755,12766,345,6277,13122,459,10175,20528,3289,6193,15172,1090,5296,15305,1245,9763,25300,4576,4995,8977,323,4322,9109,623,4236,9218,677,5791,7723,715,4320,9082,739,4750,9431,0,8552,15317,2431,8737,12470,54,9633,10932,562,6515,12726,1334,7464,13149,0,13437,20702,3093,7873,18857,381,7697,18592,607,6753,19082,858,5249,10844,0,3968,10493,416,4243,9798,736,4373,9500,848,4743,9302,771,4101,10502,313,5310,10130,566,6095,10015,370,6497,9858,389,7421,19309,6893,19837,1289.0,49978,38748,18989,0.910111489625271,0.00898110870238464,0.0037421286259936,0.007019717146691442,0.047512129658304945,0.8113451016826675,0.15363373593475793,0.0466862805822236,0.2485289563332301,0.20933171836326295,0.2437200484491021,0.3496234662172837,0.1600400231713097,0.02016957185739112,0.02300250377407121
62,Oakland,311771,419499.0,418750,325903,19545,404559,326120,19526,419520,337791,16603,349675,258980,5570,368246,237759,12051,390178,221075,11851,383392,238136,8452,719817,594080,37609,323751,246409,3869,510373,404010,44668,531521,498074,81147,364207,338164,48140,556739,465414,45771,749572,588546,70375,347087,244412,13112,342125,239377,13810,315999,249127,23409,338950,255976,7495,339872,236080,15232,320163,260767,6703,558305,411128,70623,343088,289136,30990,316602,297255,32450,527007,531195,115260,191303,247849,5973,173032,251721,10267,193442,225867,13033,246233,179493,14956,213163,205000,13122,205658,213812,2884,373149,357243,53242,348981,296410,4468,367033,251893,19393,324396,269628,25652,318267,281452,6565,551753,494703,66807,434148,325972,10090,418312,334629,10652,424529,313721,16411,216751,257257,7315,193199,238538,4308,213781,220930,12106,190274,231411,14207,197707,234877,13693,173613,272036,6982,247862,225100,18364,244397,247992,15445,255372,246440,13365,442719,317401,451331,308789,26041.0,1274395,1013401,522089,0.7199371226197724,0.13314374073047097,0.07964468162158908,0.002565618151156354,0.040051272891974646,0.8452054024024054,0.4377862267749884,0.19049418739472332,0.21273316288418898,0.12325101658912561,0.16422104277240088,0.2807011831316117,0.2912587700564463,0.13995698051481645,0.5673532005675335
63,Oceana,8887,5174.0,5065,9169,419,4616,9361,466,5084,9547,163,4104,7466,144,4618,6854,451,5011,6668,252,4821,7013,185,7952,15593,783,3844,6533,0,5913,9711,1110,6125,11603,1720,4998,7489,1187,7838,9150,1137,8258,15457,1549,4257,6193,151,4100,5982,351,3543,6249,581,4214,6280,41,4210,6211,10,3882,6500,52,6360,9930,1654,3973,7221,606,3251,7765,414,5993,12247,2319,3013,4981,28,2587,5030,279,2482,5186,316,3474,4169,305,2612,5156,83,2533,5611,0,5070,8027,1284,5072,6248,4,5454,5529,141,3693,6734,391,3986,6893,0,7661,10088,1536,4945,8892,119,4796,8808,287,4198,9178,452,3303,5326,0,2230,6030,132,2698,5298,268,2703,5076,510,2915,4947,441,2549,5710,86,3914,5036,70,3807,5308,79,4151,5295,158,4687,9150,4439,9398,570.0,26659,20622,9804,0.859858403646591,0.0038308602463388614,0.0028125303074386576,0.0119290078556881,0.12307244690136747,0.7994859858403647,0.18169915624090777,0.05692949277470662,0.26573562215110075,0.1824765401876785,0.2601999184006528,0.36342309261525907,0.1704406364749082,0.008261933904528763,0.019128411995241394
64,Ogemaw,8725,3158.0,3685,8312,315,3281,8309,473,3579,8879,128,2745,6542,291,3353,6112,208,3728,5804,241,3532,6151,188,4789,12156,507,3504,5203,0,4384,8002,951,5064,8938,1339,4926,5347,1023,7682,6904,1093,5001,11746,1102,3326,5493,242,3154,5262,308,2707,5445,483,3258,5590,109,2816,5982,0,2913,5414,189,4612,8212,1540,3027,6858,452,2808,6249,582,4639,9583,2132,3065,3602,168,2581,3789,282,2321,4292,177,3486,2948,334,2610,3806,272,2904,3494,0,4950,5726,1148,4778,5445,32,5869,3858,306,3333,6205,307,4830,5109,0,7263,7599,1519,3475,8252,145,3788,7758,184,2977,8272,277,6112,1971,0,2891,4433,0,2592,3460,1372,2592,4333,461,2865,3977,491,2442,4866,248,2573,5328,220,3726,4385,233,4175,4112,211,3112,8615,2721,9006,575.0,20770,16916,8986,0.9459091983920549,0.001950815795696382,0.0028375502482856467,0.005970678647434381,0.016907070229368645,0.8054504611019153,0.12177819815559233,0.038188697091510994,0.318337668479546,0.2582906743823726,0.30324949922101047,0.2999109726240819,0.11618072557311374,0.008568884932116626,0.014231349532085286
65,Ontonagon,2331,1312.0,1279,2386,83,1274,2424,73,1313,2478,14,1067,2084,86,1225,1898,51,1336,1828,49,1319,1862,53,2206,3665,195,1347,1676,0,1834,2576,290,1920,2463,579,1903,1840,340,2636,2250,393,2297,3646,382,1276,1751,35,1220,1708,57,1157,1722,72,1297,1740,2,1318,1812,0,1322,1766,0,1960,2683,424,1166,2072,129,1413,1813,131,1766,2684,906,1129,1276,31,952,1391,50,933,1425,39,1151,1243,8,1145,1309,0,847,1656,0,1894,2002,394,1594,1928,12,1967,1367,46,1653,1668,105,1635,1819,0,2541,2439,583,1391,2358,22,1464,2226,35,1251,2456,16,1863,1891,0,1381,1552,0,1277,1454,160,1151,1429,166,1153,1449,195,1175,1584,129,1958,1815,16,1609,1882,103,1383,2250,155,1359,2390,1336,2413,148.0,5816,5147,2642,0.9461822420827667,0.0009714396735962696,0.0038857586943850785,0.01088012434427822,0.008937244997085682,0.8727414027588887,0.13736156984651254,0.031086069555080628,0.407810374975714,0.23618470855412566,0.31718395155185464,0.3168054504163513,0.10446631339894019,0.0,0.001712896615379903
66,Osceola,8955,3444.0,3281,9291,446,2981,9557,414,3326,9639,142,2534,7440,168,2996,6924,311,3158,6917,209,3175,6954,195,5230,16022,732,2455,6537,0,4044,9851,1125,4586,11666,1524,4138,7145,1104,6573,9403,1111,5436,15865,1363,2885,6099,234,2715,6061,357,2305,6247,503,2910,6194,90,2522,6658,0,2373,6493,59,4287,9860,1716,2667,7289,442,2491,7003,569,4279,12092,2182,2621,4342,126,2037,4688,239,1874,4984,157,2811,3895,304,2209,4495,250,2082,5023,0,4075,7494,1311,3959,6155,8,4822,4999,236,2817,6919,174,3719,6129,0,6240,10146,1485,3214,8928,92,3226,8807,102,2757,9060,283,2438,5864,109,1948,5422,158,1823,5458,325,1945,5157,460,2146,4888,490,1900,5518,157,2115,6385,109,3289,5294,206,3737,5246,179,2994,9148,2580,9562,566.0,22891,17525,8681,0.9461340941512125,0.005135520684736091,0.0015406562054208273,0.006333808844507846,0.013181169757489302,0.816490727532097,0.14037089871611982,0.04159771754636234,0.27269614835948647,0.21069001267135123,0.2725492454786315,0.3291095495910609,0.15562723188572744,0.004492569980417003,0.01560740068017749
67,Oscoda,3575,1305.0,1388,3500,184,1360,3517,176,1414,3715,37,1014,2849,90,1240,2604,91,1288,2581,102,1355,2553,101,2152,5773,333,1080,2466,0,1621,3640,370,1781,4012,581,1749,2292,454,2593,3148,504,2243,5715,620,1212,2393,50,1105,2369,113,958,2417,156,1213,2425,15,1152,2505,0,1053,2542,0,1710,3595,647,1025,2834,125,1292,2461,169,1665,4214,898,1156,1491,67,878,1629,117,799,1736,94,1197,1364,135,1119,1484,19,981,1633,0,1782,2476,501,1657,2320,22,1939,1863,149,1723,1982,223,1431,2274,0,2428,3419,727,1342,3466,33,1384,3376,40,1157,3541,65,964,2032,0,1140,1894,0,946,1520,610,884,1893,239,947,1819,260,896,2078,139,825,2322,60,1228,1983,73,1397,1889,79,1307,3501,1269,3539,249.0,8219,6731,3308,0.9457732877729906,0.0010399643440796315,0.0011885306789481504,0.004456990046055564,0.01589659783093151,0.7456544347050958,0.1233100579408706,0.03417025701975932,0.34021690684890804,0.21251511487303507,0.3216444981862152,0.31499395405078595,0.10671100362756952,0.007859733978234583,0.005609894272706796
68,Otsego,10169,4928.0,4979,10323,438,4813,10444,457,5053,10692,177,3752,8239,350,4511,7482,339,4735,7373,303,4820,7421,365,7369,17123,1033,3614,7397,0,5474,10835,1065,5353,12458,1812,4916,7810,1188,7368,10366,1255,7681,16891,1801,4043,6922,295,3661,7051,362,3333,7156,507,3967,7093,152,3915,7296,0,3536,7507,0,5876,11078,1625,3541,8254,654,3918,7757,597,5117,13074,2751,3212,5080,108,2533,5396,258,2702,5310,226,3482,4524,282,3316,4923,86,2895,5347,0,5071,8359,1261,4652,7008,74,5397,5866,365,4897,6134,501,3690,7635,0,7042,11101,1736,4742,9779,202,4703,9726,151,4021,10264,255,2463,6137,0,2562,5031,0,2690,4570,465,2185,4952,436,2356,4866,419,2108,5465,188,4713,4210,71,3196,5449,277,3518,5251,320,4830,9691,4855,9666,648.0,25091,19904,10527,0.941217845659164,0.0041197749196141475,0.0038685691318327974,0.006280144694533762,0.012510048231511254,0.84375,0.24171020900321544,0.08108922829581994,0.2646201768488746,0.17915835470694405,0.2501187422817517,0.33361831480953735,0.1891327063740857,0.0262182958107723,0.01881081972620815
69,Ottawa,101714,66855.0,67314,105486,3959,64037,108705,2800,69160,105320,2688,51914,88432,3406,57053,83384,3283,61230,80706,2806,58949,84964,2114,98405,191127,9248,41480,80903,0,64735,129884,10582,64603,167062,17156,39251,110607,9211,65901,152180,9116,103739,190904,16153,47404,77711,3367,45424,77492,3503,40294,79498,5180,45683,80284,1890,46388,78460,1312,42883,79315,3014,73449,135325,15038,44934,88486,9224,34880,99409,5855,65396,173539,21386,21905,65899,1347,19792,65698,2372,20518,64217,2773,27706,57917,3031,21132,65167,1805,24928,62352,0,41301,114348,9436,42722,88189,1007,43794,83839,3354,30818,92616,4771,15543,93435,4844,65550,158785,12461,64705,100914,3009,59186,106109,2405,54891,106055,3365,20748,71356,1933,18222,68269,2807,20249,68087,2012,19671,65949,2539,21015,66073,2912,17533,71846,1508,21294,72290,1771,24896,70569,1835,26213,69837,2034,69765,95854,74828,90791,5911.0,296200,226068,107703,0.8601880850009732,0.017145283719942672,0.027394412300723675,0.004786170532760054,0.08333333333333333,0.7671364368243183,0.2922925845320877,0.09798379248721624,0.1958348815400676,0.11579993129253595,0.18131342673834527,0.34136467879260557,0.2811620846215983,0.07812224357724483,0.20295024704156506
70,Presque Isle,5468,2812.0,2991,5390,213,2952,5399,240,3035,5568,87,2323,4738,151,2883,4176,116,2997,4104,125,2980,4164,120,4687,9206,401,2544,4041,0,3718,5947,581,3913,6194,1020,3802,4140,699,5196,4985,750,4963,9055,866,2709,3757,92,2494,3844,122,2173,4038,221,2764,3796,40,2656,3993,0,2296,4245,0,3991,5920,1011,2403,4480,254,2856,3950,288,3686,6604,1541,2361,2742,60,2001,2935,119,1837,3109,136,2596,2422,97,2371,2707,48,2242,2875,0,3819,4451,711,3200,3827,12,3820,2965,135,3325,3357,221,2886,3938,43,4978,5460,1044,2911,5341,47,3056,5166,14,2527,5608,67,4235,1583,0,2278,2976,0,2203,2913,334,1975,3080,271,2096,2936,319,1892,3427,132,3650,2168,36,2557,3228,94,2753,3039,126,2732,5520,2596,5656,323.0,12982,10985,5860,0.9592171142467001,0.0016385980883022303,0.004005461993627674,0.005279927173418297,0.008010923987255348,0.8431497496586254,0.17633136094674556,0.049340009103322716,0.3714155666818389,0.2112627986348123,0.25409556313993176,0.35887372013651875,0.12798634812286688,0.0174061433447099,0.00760931874851266
71,Roscommon,10274,4958.0,5253,10114,492,5126,10166,465,5290,10581,162,4001,8350,351,4880,7505,328,5229,7313,285,5283,7390,250,8388,16951,755,4242,7118,0,6368,10817,1198,7148,11797,1714,6552,7437,1227,9857,9211,1279,8694,16745,1505,4529,6870,257,4246,6804,402,3771,7062,532,4615,6883,125,3935,7558,0,3969,7086,168,6701,10980,1796,4262,8122,503,3957,7644,697,6687,12477,2647,4037,4856,105,3313,5171,331,3119,5575,263,4354,4128,424,3523,5000,314,3720,4993,0,6626,7928,1342,6211,6706,50,7357,5076,302,4226,8091,301,6484,6139,0,9477,10169,1780,5166,9669,125,5308,9384,141,4534,9882,257,4590,5429,307,3236,4989,255,2550,5869,362,2877,5285,527,3291,4832,545,2841,5714,294,3059,7676,185,4891,5785,287,5575,5328,235,4924,9911,4661,10174,639.0,23459,20138,11089,0.9472638792332903,0.002085609295858576,0.0030290992154136456,0.004816764326149568,0.014400635614261595,0.8475022345813884,0.1549309762637799,0.06599463700466779,0.37694905154434405,0.2289656416268374,0.30399494995040127,0.29425556858147717,0.123094958968347,0.022635043737036703,0.017421636426288335
72,Saginaw,50201,48603.0,49669,49659,2779,51841,45779,4162,49514,52911,1581,41188,36149,3343,41467,36783,1954,44377,34504,1927,43220,37002,1392,88028,84475,5478,41529,36480,0,62324,56962,6999,77159,67802,10586,61131,44877,7301,93659,59201,7511,90016,84486,10941,42691,36136,1540,41395,35529,2026,37203,37644,3594,41525,37726,991,40116,37059,1708,36221,43404,0,65438,58621,11357,44394,45378,4104,45424,41338,3497,74315,73477,16091,35360,30144,1011,31624,31284,1965,30022,34614,1199,39440,24639,1911,35794,27910,1255,30900,35094,0,61843,48379,8407,54449,42640,850,59908,33806,2156,49671,42240,2418,52636,39607,910,91918,65326,10409,51089,50785,1474,51520,49209,1595,47620,50081,3088,53203,29412,365,28151,35712,1928,27436,36390,1720,28921,34000,2267,30520,31827,2549,27762,37262,1152,52076,33812,1464,45757,41416,1765,48890,39474,1710,50513,51361,49903,51971,3621.0,190124,148604,78191,0.7341054076606283,0.1677343813087131,0.013007725229468924,0.00431347742994805,0.07432505181556351,0.8017011655137143,0.19829883448628569,0.06861861053538262,0.24455600118435575,0.22277499968027012,0.2554130270747273,0.3060710311928483,0.16916269135834047,0.040477804350884376,0.09166861134522256
73,St. Clair,62597,27988.0,31519,59984,3063,26398,62131,4401,30845,64279,1740,23683,46486,2708,28445,42220,2294,31778,39523,2281,30170,42732,1839,49819,96835,6103,24618,39668,0,37968,59269,7654,41789,70661,12569,35375,41529,7804,53003,54350,7643,51761,95289,12548,28090,36862,2294,27524,36485,2330,24287,37992,3405,27907,38286,1331,23734,38514,3585,24140,39798,0,40879,59230,11847,24515,49051,4231,25766,44857,4312,38627,74651,18785,21527,28621,1193,17938,30180,2078,18807,29383,2020,24782,23398,2709,15614,34086,663,21795,28541,0,35821,44036,8855,33988,39260,433,41133,29056,2397,21326,49635,626,31518,38768,0,51326,59648,10778,31362,59187,1515,31846,56476,2212,30038,58048,0,26362,33678,0,14064,30019,0,11829,31400,1564,14675,25927,3020,16668,25334,2336,14153,29882,1182,40433,18678,1690,27958,31390,2187,29947,30532,1776,30511,60038,29483,61066,4539.0,160383,127475,65515,0.9161325750147088,0.022498529123357522,0.005514806824867621,0.004424396940576583,0.027519121396352226,0.8242008236909197,0.17337517160227495,0.06575406942537752,0.2365248087860365,0.16432877966877815,0.23425169808440816,0.32613905212546745,0.2250782263603755,0.04608105014118904,0.08582730721459261
74,St. Joseph,18891,8727.0,9195,18546,1081,8326,19538,477,9451,19403,406,6781,14056,691,7775,13120,671,8470,12610,0,8411,13062,321,14623,32113,2049,6277,13726,0,10784,19661,2449,11672,24152,3708,8837,14573,2310,15503,20282,2346,15165,31709,3672,7534,11950,664,7498,11813,661,6393,12390,1033,7246,12462,320,7183,11911,992,7249,12499,0,11450,19846,3619,7497,14851,1181,6513,15936,974,11061,25293,5455,5245,9083,102,4479,9285,370,4551,9135,492,6064,7842,597,4914,9212,306,4926,9379,0,9022,15402,2468,10074,13006,47,10721,11292,657,8204,14121,396,7571,15274,0,14736,21803,3511,9262,18127,467,8824,18018,739,7486,18141,1719,5048,13972,0,4599,10506,0,3961,10548,738,4560,9779,692,4751,9599,782,4125,10793,249,4622,14091,384,6820,12037,450,7694,11590,420,8733,18656,8205,19184,1236.0,60939,45987,23727,0.8712897123100006,0.021092917563659296,0.007175941026811925,0.004544762650314219,0.07012851458020745,0.7780242242372845,0.14691108356709504,0.05075347380781525,0.23615369560962882,0.17343111223500654,0.24693387280313567,0.36439499304589706,0.18409407004678216,0.01736418426265436,0.047001611995094596
75,Sanilac,16548,5633.0,6055,16304,626,4858,16998,885,5955,17078,152,4552,13349,590,5732,12216,477,6441,11662,463,5966,12472,257,9729,28410,1164,3925,11725,0,7105,17125,1659,8173,20924,2500,7152,12565,1618,11519,16646,1733,10102,27876,2558,5336,10444,300,5235,10298,393,4489,10629,721,5374,10635,93,4044,10114,2058,4667,11077,0,7903,17029,2619,4830,13469,752,4647,13369,483,7256,21714,3916,4228,7998,79,3419,8334,240,3408,8464,269,5111,6744,343,2830,9382,21,4709,7680,0,7115,13194,1911,7185,10918,7,9700,7984,250,4365,13465,11,7070,10843,0,10766,17594,2705,5965,16192,168,6244,15541,325,5775,16093,0,4446,11927,0,4209,8874,0,2939,9938,246,3643,8623,801,4060,8492,559,3452,9574,166,9504,6335,326,6050,10209,514,6469,10014,336,5711,16446,5167,16990,852.0,40611,31913,16967,0.9418418826183687,0.00429292138000188,0.0021307930937235608,0.0034468711810234074,0.03365399680381036,0.8160937548961238,0.13323723874283208,0.03929433146366684,0.2740262588913609,0.21506453704249426,0.263924087935404,0.33187953085401073,0.1622561442800731,0.009312194259444805,0.016289724529530966
76,Schoolcraft,3074,1572.0,1629,3033,133,1679,3019,116,1631,3196,49,1248,2521,124,1424,2291,95,1535,2229,78,1523,2263,81,2561,4802,275,1589,2026,0,2066,3154,335,2183,3090,586,2042,2161,365,2949,2749,376,2641,4733,527,1533,2094,88,1424,2068,98,1333,2079,145,1537,2103,45,1526,2174,0,1287,2364,12,2194,3173,503,1354,2556,213,1688,2162,186,2025,3345,911,1306,1512,20,1097,1599,44,1083,1584,66,1301,1475,18,1290,1534,19,970,1872,0,2114,2295,409,1856,2144,4,2186,1624,85,1926,1854,146,1772,2096,2,2846,2938,551,1588,3090,43,1712,2905,29,1395,3200,15,1517,2251,0,1279,1906,0,1422,1586,164,1305,1592,142,1293,1628,168,1284,1787,98,2404,1464,6,1772,1967,38,1901,1948,49,1450,3228,1334,3344,181.0,8047,6651,3603,0.872650729213652,0.0015035333032626672,0.0015035333032626672,0.06976394527138777,0.008119079837618403,0.8403247631935047,0.17185385656292287,0.060742745451811755,0.32416178018343106,0.24035525950596726,0.2212045517624202,0.33444351928948096,0.16097696364140993,0.012489592006661115,0.0026512850182463235
77,Shiawassee,23356,14780.0,15475,23505,1184,14177,24124,1452,15336,24718,684,13363,17862,855,14033,16991,922,15039,16206,879,14731,16971,735,24585,39367,2639,11247,17609,0,19091,24215,3520,20426,28680,5463,18432,18075,3657,26897,23286,3626,25747,39270,5083,13848,14963,820,13109,15036,1074,11318,16186,1611,13043,15882,579,11804,17223,0,11959,15860,1216,20579,24284,5246,12559,19233,2178,11375,18568,2495,19613,30530,8212,11277,12244,520,9614,12797,966,8592,14378,735,12691,10083,985,10183,11980,1119,10796,12329,0,18786,19706,3819,17200,15991,188,19098,12815,1144,12165,19163,1077,13090,17619,1850,26330,25670,4912,15349,23151,724,15832,22112,785,13143,23723,1154,10045,17625,1119,8444,13453,843,7684,14059,602,8774,13000,1101,9482,12290,1166,8593,14244,504,10101,17951,790,13179,15413,795,14305,14655,820,14536,23964,14017,24483,1918.0,68094,53880,27694,0.9367112100965108,0.004231625835189309,0.0042130660727542684,0.004046028210838901,0.024183370452858205,0.823162583518931,0.16310319227913883,0.05079806978470676,0.2317186340014848,0.1730338701523796,0.2444211742615729,0.3475843142919044,0.20722900267205893,0.01819888784574276,0.049515490770110075
78,Tuscola,20871,8159.0,8751,20501,949,7142,20935,1646,8560,21763,305,6650,15922,994,7981,15069,669,8865,14309,681,8414,15076,529,14643,35353,1727,7165,13980,0,11135,21196,2372,13169,25373,3505,12164,15551,2532,18585,19884,3083,15048,34509,3689,8009,13095,465,7678,12973,632,6550,13642,1052,7946,13314,272,7315,12854,1130,6829,14401,0,11862,21334,3563,7424,17085,1039,8066,15536,977,12112,26465,5761,7482,9818,245,6321,10306,548,5703,11316,350,8439,8453,535,7033,9916,280,6438,11192,0,12189,16461,2969,11448,14250,112,13907,10670,836,9941,14456,492,12551,10756,1929,17406,21816,4436,8712,20296,326,9421,19174,504,8978,19365,358,9031,12265,0,6349,11922,0,6689,11014,596,6237,10935,873,6722,10443,928,5758,12167,402,15763,5954,364,9100,12998,612,10169,12369,529,8070,20938,7330,21678,1293.0,53323,41953,21333,0.935403904369175,0.0063642647724834935,0.003051033299168117,0.0039568088098586515,0.026982575739518032,0.8293804972230829,0.12943055323814745,0.03799489905370295,0.25995757156818344,0.19622181596587446,0.2511132986452913,0.35283363802559414,0.1756433694276473,0.008156377443397552,0.025580138034786454
79,Van Buren,21441,17214.0,16796,22569,1286,15748,23757,846,17174,23405,626,12907,17823,1332,15145,16046,996,15992,15409,946,15804,16133,631,26818,38660,2710,12268,16370,0,18732,23790,3423,19514,28319,5680,15745,18869,3489,25403,25294,3169,27839,38008,4943,13548,14821,925,13134,14680,1105,11617,15431,1598,13142,15398,570,12520,15118,1507,11210,16963,664,20374,24113,5005,13226,17880,1937,11281,19716,1699,19089,29769,7729,9209,12265,365,8187,12269,968,8405,12066,929,10652,9988,1053,9049,12104,563,8196,12799,587,16199,19753,3707,16239,16145,113,17160,14014,888,13877,17490,685,12830,18667,0,24407,27010,4561,16795,21589,644,15936,21812,938,13722,23233,1555,9302,16025,103,7514,13853,0,7128,13575,1095,8058,12272,1080,8157,12155,1240,7269,13986,543,7959,16794,575,11403,14246,556,12734,13684,828,16337,22047,16081,22303,1924.0,75587,58205,29150,0.8397903960140881,0.031973198178850616,0.0051198350657160035,0.010342754058929645,0.09189932136414397,0.7891590069581651,0.1910660596168714,0.06513186152392406,0.23506571600377973,0.18075471698113207,0.22792452830188678,0.33732418524871355,0.21478559176672385,0.028473413379073758,0.0480172332742967
80,Washtenaw,52660,155735.0,154214,58206,6870,155357,55470,6529,157152,58844,6172,132858,44781,42,132492,42543,3086,136410,39845,3241,135901,42803,2257,265550,103976,12033,122451,43034,2,196540,76035,11449,198388,92748,25949,124822,64953,13888,189216,89246,15171,274370,103622,22337,124917,44822,3484,123450,44118,3624,117443,46105,6202,123364,47366,2172,124108,43998,2498,120586,44190,3473,213772,78110,19162,128479,50587,8769,124268,52876,8434,208566,101241,32078,68232,50392,1819,65421,49567,2788,69131,44744,3956,80585,35139,3817,76885,38024,3280,76657,38518,781,133131,69496,14356,120854,56388,1869,122091,48475,5773,114195,53223,5361,115369,53019,1375,194265,96196,22073,157136,56240,2903,150528,60744,3514,152571,56686,2882,78220,45503,0,59355,35752,990,60032,35501,3077,56504,37134,3170,58482,35649,3539,49628,47848,1940,80549,42570,4014,77776,48339,4354,79363,47977,5372,157376,56000,157648,55728,7601.0,372258,303933,146335,0.712347787176779,0.10907667150325895,0.09368841159071242,0.0031191084877259133,0.049030542915708394,0.7381462361770522,0.4401430578449856,0.23307768488449757,0.17209713983015992,0.1571257730549766,0.16503228892609423,0.28098541018895,0.2650903748248881,0.1299757405952096,0.20358498759101654
81,Wayne,239455,556491.0,532034,267760,42133,536762,249306,47124,537028,288863,33428,417239,189458,20227,439524,179760,13905,459530,165512,13750,457066,180435,8227,1037611,431703,45528,406130,175789,947,636694,292670,47403,892229,355104,90677,605914,229972,51450,1028774,310364,51018,1044216,422215,90569,417521,176886,13567,414054,172154,14408,389323,181081,23341,408631,187910,9241,405911,136506,39593,388900,182179,10618,663706,293469,80814,519322,228192,27805,503417,202250,45551,864005,377838,145389,323704,177164,6028,305490,177613,11975,313553,166613,13172,360520,125201,15061,337046,139017,15844,334972,146245,1769,607287,247715,58359,590514,208847,2567,602520,167851,21107,537693,183081,24496,490189,190979,4392,1004583,336024,82378,597112,264545,10658,582295,260143,20306,425991,235040,21647,491892,195577,10231,251648,116808,12146,249109,126824,11666,245768,121909,12732,257455,117551,13069,241026,147286,6075,531158,159233,18698,494371,215816,17338,511197,210716,14509,588177,273480,578765,282892,29945.0,1793561,1376516,691296,0.5143420054688794,0.36699682386546906,0.03625384666796463,0.0040755065687576465,0.05635822613031741,0.7734672172353972,0.22856472427490854,0.09088815531385033,0.2021502111126932,0.2468826667592464,0.23017202471878906,0.2834473221311855,0.18501770587418415,0.05221786325973245,1.1319163035212223
82,Wexford,12151,6116.0,6063,12457,694,5555,12880,637,6224,12968,236,4549,9990,280,5371,9153,394,5657,8985,370,5644,9131,317,9304,21500,1219,3965,9636,0,6787,13461,1595,7134,15976,2258,5992,9305,1614,9981,12746,1747,9657,21257,2270,4979,8420,466,4603,8452,586,4041,8755,774,4804,8739,255,4378,9256,0,4017,9183,308,7186,13566,2406,4423,10004,769,4091,9549,1039,6762,16665,3343,3826,5870,143,3049,6245,372,2829,6600,322,4209,5164,417,3335,5887,392,3300,6471,0,6078,9821,1852,6181,8426,65,7037,7020,545,4669,9212,558,6205,8086,13,9587,13678,2367,5837,12102,325,5683,12122,294,4973,12334,530,3710,7099,596,2910,6927,256,3010,6595,490,2825,6704,572,3106,6438,595,2706,7250,324,3927,7227,507,4497,7090,412,5007,6728,410,5823,12116,5725,12214,925.0,33673,25894,13037,0.9355835328647563,0.004634278211168611,0.005638371823588476,0.005174944002471615,0.017996447053371438,0.8163281068973507,0.18309260832625318,0.05939599907314436,0.24932416776087124,0.19805169901050856,0.2602592621001764,0.35069417810846054,0.16138682212165376,0.019636419421646085,0.023014076498071283
