,County,Baseline_R,Baseline_D,2022_Sen_D,2022_Sen_R,2022_Sen_O,2020_Pre_D,2020_Pre_R,2020_Pre_O,2020_Sen_D,2020_Sen_R,2020_Sen_O,2020_Gov_D,2020_Gov_R,2020_Gov_O,2020_LtG_D,2020_LtG_R,2020_Ag_D,2020_Ag_R,2020_Tre_D,2020_Tre_R,2020_Sos_D,2020_Sos_R,2020_Aud_D,2020_Aud_R,2020_Agr_D,2020_Agr_R,2020_Ins_D,2020_Ins_R,2020_Spi_D,2020_Spi_R,2020_Lab_D,2020_Lab_R,2020_Ssc_D,2020_Ssc_R,2020_Sac_D,2020_Sac_R,2016_Pre_D,2016_Pre_R,2016_Pre_O,2016_Sen_D,2016_Sen_R,2016_Sen_O,2016_Gov_D,2016_Gov_R,2016_Gov_O,2016_LtG_D,2016_LtG_R,2016_Ag_D,2016_Ag_R,2016_Tre_D,2016_Tre_R,2016_Sos_D,2016_Sos_R,2016_Aud_D,2016_Aud_R,2016_Agr_D,2016_Agr_R,2016_Ins_D,2016_Ins_R,2016_Lab_D,2016_Lab_R,2016_Spi_D,2016_Spi_R,2012_Pre_D,2012_Pre_R,2012_Pre_O,2014_Sen_D,2014_Sen_R,2014_Sen_O,2012_Tre_D,2012_Tre_R,2012_Spi_D,2012_Spi_R,2012_Sos_D,2012_Sos_R,2012_Lab_D,2012_Lab_R,2012_Ins_D,2012_Ins_R,2012_Agr_D,2012_Agr_R,2012_Aud_D,2012_Aud_R,2012_LtG_D,2012_LtG_R,2012_Gov_D,2012_Gov_R,2012_Gov_O,2010_Sen_D,2010_Sen_R,2010_Sen_O,2008_Sen_D,2008_Sen_R,2008_Sen_O,2008_Spi_D,2008_Spi_R,2008_LtG_D,2008_LtG_R,2008_LtG_O,2008_Gov_D,2008_Gov_R,2008_Gov_O,2008_Lab_D,2008_Lab_R,2008_Ins_D,2008_Ins_R,2008_Ins_O,2008_Agr_D,2008_Agr_R,2008_Aud_D,2008_Aud_R,2008_Ag_D,2008_Ag_R,2008_Pre_D,2008_Pre_R,2008_Pre_O,2024_Gue_D,2024_Gue_R,2028_Gue_D,2028_Gue_R,Baseline_O,Population 2020,VAP,Number of Households,Percent White VAP,Percent Black VAP,Percent Asian VAP,Percent Native VAP,Percent Latino VAP,Percent High School Attainment,Percent Bachelors Attainment,Percent Graduate Attainment,Percent Senior VAP,Percent Income <25k Households,Percent Income 25-50k Households,Percent Income 50-100k Households,Percent Income 100-200k Households,Percent Income >200k Households,Population Density (Per Square KM)
0,Alamance,46821,39466.0,25867,32867,1281,38825,46057,1210,38038,44245,3224,41979,42919,1038,38421,46877,40116,44842,38285,46144,40731,43986,39791,44518,35738,49190,38032,46370,38457,45947,38727,45678,39973,44831,38142,46037,29874,38848,2513,28914,39414,2370,32077,37532,1285,28287,39435,31735,37575,29478,38760,32992,35625,31184,37248,26302,43032,30663,37828,26237,42741,30405,38163,28890,38182,725,18155,24387,1803,31741,32903,31379,33220,31896,33262,26273,38920,29617,34960,25613,39917,30803,33263,28514,37363,25636,40057,1445,15453,25019,1054,31113,30654,2046,29768,30990,29065,31346,1897,30467,31091,2206,26540,34847,29088,29860,2154,25383,36552,30427,30350,36640,25823,28931,34870,523,39047,45835,39336,45546,2274.0,171415,133969,67143,0.6518970806679157,0.1947838679097403,0.01666803514245833,0.00770327463816256,0.11666878158379923,0.7523009054333465,0.22524613903216414,0.06635117079324321,0.21311646724242175,0.211176146433731,0.24768032408441684,0.3040227573983885,0.20024425479945787,0.03297439792681292,0.15629829755534017
1,Alexander,15944,3905.0,3030,11832,401,4145,15887,203,4287,14738,1018,4981,14979,227,4161,15733,4909,14915,4339,15228,4909,14788,4687,14955,3990,15737,4400,15268,4312,15298,4399,15241,4802,14930,4244,15257,3766,13892,610,3894,13270,928,4648,13247,386,3790,13657,5278,12417,4386,12933,5426,11988,4952,12318,4137,13357,5027,12370,4133,13335,4434,12988,4610,12254,332,3088,7926,886,5912,10605,5677,10766,5748,10840,4641,11978,5392,11108,4829,11797,5485,10956,4990,11745,3767,13217,241,3886,8252,317,6495,9937,715,6334,10080,6028,10338,510,5651,11250,314,5659,10911,5898,10121,603,5731,10792,6639,9809,7938,8889,5145,11764,293,3617,16415,3007,17025,614.0,36444,29273,13525,0.869811771940013,0.05629761213404844,0.009667611792436717,0.004235985379018208,0.03972944351450142,0.7599836026372425,0.13288696068049055,0.03610835923888908,0.25347589929286374,0.18957486136783733,0.25870609981515713,0.32709796672828095,0.1800369685767098,0.03933456561922366,0.05412325202865663
2,Alleghany,4724,1485.0,1255,3643,113,1484,4517,34,1583,4073,337,1925,4076,52,1532,4426,1730,4217,1569,4260,1835,4042,1714,4116,1299,4623,1595,4246,1571,4266,1590,4265,1723,4146,1538,4275,1303,3805,194,1334,3711,228,1639,3574,82,1449,3572,1745,3394,1503,3492,1989,3042,1773,3259,1382,3715,1727,3286,1395,3649,1637,3384,1573,3375,86,1355,2495,338,2040,2692,2090,2580,2152,2621,1831,2935,2006,2677,1632,3180,1999,2642,1806,3011,1499,3402,123,1396,2539,100,2454,2578,242,2364,2504,2376,2531,203,2602,2459,212,2201,2657,2326,2383,234,1966,3066,2592,2311,2956,2160,2019,3123,117,1354,4647,1136,4865,213.0,10888,8942,4753,0.8915231491836278,0.009953030641914561,0.0016774770744799822,0.0038022813688212928,0.0967345112950123,0.7460299709237307,0.19402818161485128,0.0685528964437486,0.3350480876761351,0.2787713023353671,0.3250578581948243,0.24069009046917736,0.10477593099095309,0.03240058910162003,0.017901328953360857
3,Anson,5257,5387.0,3325,3712,87,5789,5321,30,5756,4982,371,6116,4977,59,5810,5258,6130,4915,5714,5266,6131,4887,6048,4952,5672,5311,6072,4958,5890,5097,5891,5125,6075,4935,5801,5077,5858,4500,132,5791,4377,230,5849,4505,74,5768,4435,6344,3914,6242,3897,6565,3553,6301,3755,5848,4339,6662,3503,5800,4361,6079,4049,7018,4165,22,4148,2373,232,8098,2840,7882,2986,7852,3125,7126,3827,7760,3162,7162,3821,7756,3098,7428,3602,6590,4560,55,4023,2627,33,7110,3352,245,7199,3115,7066,3370,87,6791,3832,75,6868,3541,7326,2887,191,6858,3529,7471,2845,7951,2568,6455,4206,26,5141,5969,4490,6620,135.0,22055,17845,8204,0.5023816195012608,0.44124404595124683,0.009470439899131409,0.0050434295320818156,0.02544130008405716,0.7318016251050714,0.10226954328943681,0.021350518352479687,0.23076492014569908,0.31155533885909314,0.27766942954656265,0.26572403705509506,0.12018527547537787,0.004631886884446611,0.01602274205019902
4,Ashe,11430,4120.0,3172,8371,274,4170,11495,199,4287,10657,741,4977,10662,187,4290,11209,4608,10858,4254,11002,4846,10553,4623,10666,3869,11623,4291,11005,4317,10996,4288,11079,4630,10759,4159,11117,3500,9408,512,3575,9250,510,4305,8832,288,3601,9065,4431,8400,3916,8571,4811,7810,4300,8166,3666,9081,4325,8215,3548,9129,4057,8603,4114,8239,251,3223,5655,622,5030,6866,4999,6831,5144,6900,4069,7960,4710,7204,4168,7967,4736,7086,4437,7782,3657,8725,287,3374,5980,228,5802,6707,589,5405,6700,5413,6749,500,5630,7102,372,4922,7361,5393,6284,613,4890,7456,5689,6437,6908,5726,4870,7913,280,3787,11878,3352,12313,510.0,26577,21984,11763,0.9306313682678311,0.004412299854439593,0.003593522561863173,0.0034570596797671035,0.04580604075691412,0.8147743813682679,0.18522561863173218,0.06436499272197962,0.31941411935953423,0.2508713763495707,0.3086797585649919,0.2725495196803536,0.14613618974751338,0.012071750403808552,0.02407304248583579
5,Avery,7116,2022.0,1595,5088,141,2191,7173,76,2079,6865,377,2407,6895,96,2081,7137,2231,6947,2062,6981,2282,6839,2191,6900,1927,7217,2033,7064,2086,6997,1972,7237,2266,6884,2036,6980,1688,6296,261,1704,6069,317,1977,6022,188,1575,6166,2006,5775,1741,5772,2110,5474,1882,5617,1594,6088,1847,5729,1567,6040,1848,5757,1883,5768,77,1133,3719,237,2135,4909,2031,5003,2037,5100,1675,5430,1871,5189,1644,5560,1915,5087,1810,5489,1457,6013,187,1113,3763,128,2482,5022,344,2159,4980,2091,5155,269,2180,5488,193,1926,5248,1968,4901,354,1876,5386,2118,4999,2662,4748,2179,5682,81,2221,7143,2170,7194,260.0,17806,15104,6515,0.8902277542372882,0.043829449152542374,0.002913135593220339,0.004435911016949153,0.045484639830508475,0.7887976694915254,0.2200741525423729,0.08229608050847458,0.2605270127118644,0.2400613967766692,0.2873369148119724,0.28948580199539525,0.12248656945510361,0.03867996930161167,0.027795599472373773
6,Beaufort,16753,8996.0,6254,12337,397,9633,16436,164,9439,15448,1159,10290,15710,153,9378,16469,9949,15815,9372,16186,10422,15289,10451,15172,8907,16756,9521,16089,9523,16064,9840,15797,9917,15828,9349,16058,8763,14543,631,8435,14312,870,8854,14610,301,8669,14160,9283,13826,8698,14071,10098,12819,9552,13184,8378,14636,9163,13616,8422,14443,9337,13534,9436,13977,166,7071,9737,966,10508,12062,10899,11754,10849,11996,9701,13009,10325,12384,9421,13446,10728,11834,10239,12789,8992,14124,391,5953,10122,333,10524,11625,705,10295,11541,10788,11107,573,12458,9856,554,9643,12141,10458,10856,644,9591,12320,10733,11000,13318,8972,9455,13460,35,8998,17071,8414,17655,597.0,44652,36005,18614,0.6985140952645466,0.22199694486876823,0.003943896681016526,0.0034161921955283988,0.058602971809470904,0.7961671990001389,0.18891820580474933,0.06915706151923344,0.29806971253992504,0.27124744815730095,0.2160201998495756,0.29198452777479317,0.19007198882561513,0.02170409369291931,0.02070328673718297
7,Bertie,3583,5393.0,3492,2780,74,5938,3817,25,5826,3598,272,6080,3654,14,5839,3765,5926,3602,5712,3747,6076,3477,6020,3513,5755,3848,5924,3616,5851,3649,5964,3616,5884,3644,5799,3676,5777,3456,101,5590,3446,147,5504,3700,16,5669,3281,5749,3184,5681,3107,6073,2765,5858,2909,5615,3352,5901,2911,5653,3143,5871,2963,6699,3389,16,4054,2219,165,6970,2536,7166,2391,7080,2588,7001,2573,6991,2573,6590,3160,6992,2496,6932,2825,6591,3367,60,3839,2564,30,6521,3025,116,6830,2284,6990,2339,104,7416,2172,94,6681,2388,6964,2089,142,6507,2795,6814,2258,7586,1789,6370,3378,2,5616,4139,5322,4433,89.0,17934,14896,7018,0.36399033297529537,0.5907626208378088,0.003558002148227712,0.0042293233082706765,0.017521482277121376,0.7240870032223415,0.1341299677765843,0.05021482277121375,0.2823576799140709,0.41436306640068393,0.21729837560558563,0.21986320889142205,0.10644058136221146,0.032487888287261325,0.009903554378708518
8,Bladen,8998,6357.0,4798,6745,178,7325,9676,34,7280,8966,634,7784,9096,72,7188,9551,7564,9007,7331,9130,8011,8633,7673,8882,7081,9612,7385,9214,7301,9203,7487,9109,7722,8889,7267,9204,7026,8547,261,6968,8240,393,7233,8308,121,7141,7876,7866,7325,7443,7426,8414,6550,7854,7003,7328,7895,7770,7178,7190,7772,7854,7108,7988,7709,82,5629,5040,666,8981,6028,9494,5564,9523,5751,8771,6370,9005,6101,8407,6922,9052,5898,9035,6383,8044,7506,120,6376,5714,137,8898,5871,367,9120,5259,9539,4867,347,9782,5003,323,8767,5657,9229,4897,373,8663,5877,9481,4832,10609,3996,7830,7529,45,6644,10357,5984,11017,282.0,29606,23426,11564,0.5639887304704175,0.3263467941603347,0.0020490053786391188,0.026380944249978656,0.0665072995816614,0.7747374711858619,0.15499871937163834,0.04648680952787501,0.283701869717408,0.36916291940505014,0.23426150121065376,0.2569180214458665,0.09088550674507091,0.03017986855759253,0.013063462766307156
9,Brunswick,66671,38233.0,26685,44910,1497,33310,55849,1015,32179,52970,4050,36818,51702,1260,32291,55475,33580,54080,31083,54724,33766,53249,33174,53066,30556,55731,30571,55573,31069,54913,32464,53958,33934,53080,31047,54648,23267,42700,2347,22356,42092,2822,25269,40707,1573,22220,42271,26177,39449,21986,42157,25649,39190,24321,40443,21808,42670,22798,41732,21548,42868,23561,40683,22038,34743,515,15738,22882,2222,22327,31784,23462,30748,23597,31239,21058,33263,22150,32510,21067,33273,22233,31766,22577,33006,18652,36906,1223,12994,25080,817,25553,24301,2262,22278,26870,21414,27107,2433,23394,26360,2212,21217,27954,21645,25415,2485,21229,28189,22685,26582,26585,23718,21331,30753,486,32898,56261,32458,56701,3312.0,136693,116606,59360,0.8455997118501621,0.0793098125310876,0.006560554345402467,0.006148911719808586,0.0412671732157865,0.8667907311802137,0.29443596384405607,0.10611803852288905,0.3746891240587963,0.17028301886792452,0.20589622641509434,0.34123989218328843,0.22641509433962265,0.05032008086253369,0.06208633485642651
10,Buncombe,56292,96133.0,73833,43220,3133,96515,62411,2642,92665,60687,6690,99395,58154,2894,94565,63816,96390,61527,90497,65394,96512,60459,96041,60543,91503,65736,93326,62998,93613,62703,94451,62046,95120,62355,92654,63711,75471,55753,7781,75917,56124,5535,81899,51908,4295,75015,54591,80449,53779,74821,56388,81060,51638,77976,54078,72050,60597,77226,54212,72034,60182,77485,54161,70629,54720,2370,49463,33886,3552,70322,50897,71714,50027,72152,50372,65903,56051,70449,50836,65827,56619,70631,50571,69864,53801,64391,57560,4257,39001,36620,2127,70679,46840,4792,67640,47518,65420,49085,4732,69683,47264,4865,63434,52072,64783,45215,5959,62763,53232,67595,47810,74844,43007,69619,52476,1581,98569,60357,100776,58150,5253.0,269452,219874,105197,0.83586963442699,0.054171934835405736,0.012375269472516078,0.0044434539781875075,0.06630615716273866,0.8344233515558911,0.3837561512502615,0.15308767748801586,0.24851505862448492,0.18955863760373395,0.2360998887800983,0.30578818787608014,0.20033841269237715,0.06563875395686189,0.15846696624905093
11,Burke,30676,13408.0,8847,20456,675,13117,31019,446,13107,28934,2127,15027,28898,523,13191,30727,14224,29615,13068,30289,14569,29088,14021,29498,12683,30941,13165,30293,13205,30345,13428,30179,14246,29443,13133,30324,11243,26192,1429,11462,25120,1769,13361,24420,874,11329,25623,13831,23783,12421,24639,14553,22651,13470,23731,12220,25126,13516,23642,11342,25931,12833,24410,13691,22236,575,8831,14183,1589,16158,18944,15683,19341,15706,19571,12931,22331,14697,20327,13561,21678,15109,19766,14260,21227,10859,24939,683,8504,13778,514,17269,18593,1445,16367,19558,16642,18934,1086,15603,20941,846,15204,20866,16110,18457,1509,15938,20010,17168,18629,19972,16508,14891,22074,437,12150,31986,11004,33132,1316.0,87570,70018,34327,0.8210174526550316,0.0576137564626239,0.032291696420920335,0.012796709417578336,0.06375503441972065,0.759333314290611,0.1680710674398012,0.06156988203033505,0.2530777799994287,0.23951991143997436,0.27465260582049117,0.30352200891426573,0.15061030675561513,0.027179771025723193,0.06678823849739048
12,Cabarrus,60778,54024.0,32364,41433,1844,52157,63232,1827,48882,61227,5984,54660,59677,1989,50661,64350,52929,61780,48029,64944,52969,60886,52445,61090,48528,65329,49823,63481,50320,63164,50736,62500,51768,62268,49622,63603,35525,53805,3948,34270,53710,4380,37922,52518,2440,33230,54827,38202,51974,34857,53684,38522,50423,37146,51167,32570,56433,36578,51889,32247,56995,35538,53060,32807,49486,886,20018,29315,2366,37128,41946,34909,43723,35456,44055,28746,50838,33396,45188,29554,49807,34160,44394,32722,47918,24791,56811,1534,15918,30743,1055,34348,39935,3072,31475,41510,29637,43841,2344,27021,48982,1696,29378,44611,30497,39769,3387,28080,45416,32789,40407,37828,37252,31453,45824,427,55914,59475,59668,55721,3440.0,225804,167539,76955,0.6467747807973069,0.1827096974435803,0.047451638126048266,0.00491825783847343,0.1008660670052943,0.8152191430055091,0.312840592339694,0.10965208100800411,0.17833459672076352,0.13594958092391657,0.17988434799558184,0.32255214086154244,0.265570788122929,0.09337924761224092,0.24135059882319618
13,Caldwell,32483,9187.0,6421,20884,606,10245,32119,465,10289,29970,2098,11925,30234,513,10181,31829,11386,30532,10048,31406,11395,30322,11040,30575,9629,32038,10276,31341,10283,31291,10501,31131,11265,30525,10112,31275,8427,26626,1274,8540,25537,1847,10058,25178,927,8131,26543,11033,24122,9258,25278,11052,23582,10475,23959,8859,25824,10138,24399,8276,26643,9537,25106,10900,23233,479,6259,13311,1459,13117,20211,12588,20558,12776,20782,10045,23589,11776,21447,10767,22689,12336,20840,11081,22775,8403,25775,726,6909,14384,705,14295,18903,1905,13233,20107,13231,19770,1365,12174,22069,971,11998,21722,13021,18812,1803,12637,20671,14350,18999,16811,17401,12067,22501,548,9439,32925,8492,33872,1436.0,80652,64436,31903,0.8740766031411012,0.04717859581600348,0.006393941275063629,0.0038177416351108076,0.04831150288658514,0.7335340492892172,0.14740207337513192,0.04593705382084549,0.25235892979080016,0.25013321631194557,0.2698805754944676,0.29514465724226563,0.16139548004889823,0.01655016769582798,0.0659896317436213
14,Camden,4474,1571.0,1006,3127,146,1537,4312,104,1403,4180,253,1600,4200,112,1463,4340,1517,4207,1473,4196,1609,4110,1621,4088,1415,4329,1528,4153,1503,4189,1533,4168,1552,4148,1478,4200,1274,3546,185,1278,3401,179,1360,3409,132,1286,3351,1385,3295,1308,3304,1558,3111,1521,3099,1350,3344,1441,3199,1267,3381,1487,3192,1508,3110,87,1144,1959,110,1774,2633,1908,2522,1813,2657,1586,2815,1730,2684,1649,2800,1765,2634,1732,2768,1587,2831,186,1015,2005,76,1645,2995,106,2036,2330,1977,2330,152,2193,2354,138,1735,2623,1901,2229,255,1832,2607,1897,2476,2052,2359,1597,3141,84,1400,4449,1262,4587,192.0,10355,7887,3812,0.8109547356409281,0.1104348928616711,0.012425510333460125,0.005198427792570052,0.025231393432230253,0.8186889818688982,0.21630531253962215,0.07328515278306073,0.20755673893749207,0.13273871983210914,0.2539349422875131,0.3336831059811123,0.24685204616998951,0.028856243441762856,0.016635767462334566
15,Carteret,31407,12714.0,8827,22709,704,12094,30029,574,11824,28492,1913,13294,28689,542,11686,29986,12417,29242,11686,29218,13043,28170,13061,28033,10836,30636,11679,29501,11731,29255,12017,29035,12331,29043,11494,29358,9939,26569,1273,9668,26189,1531,10688,26095,790,9848,25965,10634,25934,10006,25866,12033,24119,11201,24593,9592,26688,11125,24869,9426,26646,11115,24868,10105,24343,386,7446,16303,1124,10969,22617,11682,22033,11790,22177,9677,24169,11321,22609,9628,24287,11580,21729,10642,23579,8961,25252,657,5981,16540,518,12895,20315,1106,13005,19534,12834,19721,1022,15969,17500,903,11347,21285,12606,18907,1282,10922,21958,12668,19853,16541,16750,11106,23083,317,11828,30295,11492,30631,1200.0,67686,56213,29939,0.877003540106381,0.047942646718730546,0.008485581627025778,0.004767580452920143,0.03616601142084571,0.8410510024371587,0.2728194545745646,0.1082667710316119,0.29980609467560887,0.1837068706369618,0.23781689435184875,0.3166438424797087,0.20515047262767627,0.05247336250375764,0.05148391042228581
16,Caswell,7135,4566.0,3130,4867,130,4859,7089,89,4916,6643,402,5284,6634,99,4801,7061,5092,6712,4955,6760,5191,6598,5055,6654,4554,7306,4927,6825,4969,6807,4910,6880,5087,6720,4897,6820,4796,6030,252,4676,5994,275,5040,5765,156,4683,5938,5035,5666,4892,5725,5342,5310,5047,5553,4522,6338,5095,5547,4613,6069,5011,5661,5355,5598,82,3445,3487,221,6150,4488,6046,4542,5987,4687,5354,5262,5694,4871,5026,5757,5847,4685,5556,5164,5174,5541,194,3403,3561,130,6040,4375,266,5928,4246,5995,4128,273,6317,4042,278,5615,4586,5907,4013,292,5221,5229,6131,4031,6775,3636,5552,5212,108,4175,7773,3540,8408,236.0,22736,18596,8570,0.6292213379221337,0.3095827059582706,0.0024736502473650247,0.0037642503764250376,0.035706603570660356,0.7363949236394923,0.13476016347601635,0.04791352979135298,0.26527210152721015,0.2639439906651109,0.20980163360560095,0.33430571761960326,0.16802800466744458,0.017736289381563596,0.020637440579765395
17,Catawba,57572,26051.0,16076,38252,1238,25690,56587,1148,24845,54005,4034,28268,53803,1179,25495,57047,27352,55107,24608,57242,27404,54802,26866,55123,24438,57751,25062,56844,25330,56687,25773,56231,27293,54989,25108,56805,21276,48538,2819,20804,47437,3475,23836,46473,1821,19891,48696,24574,45725,21445,47427,24945,44324,23502,45732,20152,49166,22790,46170,19076,50575,22277,46821,24114,44676,996,14312,27514,2342,27474,39629,26339,40518,26608,40730,20905,46798,24767,42053,22304,44950,25575,41110,23349,44559,18381,49877,1181,12676,27789,1056,27989,38581,2829,26537,39917,25241,40739,2199,23035,45060,1492,23714,43798,25263,38876,2818,24161,42729,27438,39082,32079,35803,25705,43119,768,24614,57663,23576,58701,2523.0,160610,126566,63823,0.7737860088807421,0.07904176477094954,0.038130303557037434,0.0056729295387386814,0.08739313875764423,0.7628510026389393,0.20989049191726056,0.0648673419401735,0.22599276266927926,0.20638327875530765,0.2302931545054291,0.33240367892452566,0.18429092960218102,0.042398508374723844,0.15449627346638808
18,Chatham,21398,28831.0,22493,16274,701,26788,21186,626,25697,21039,1602,28127,19936,458,25950,21805,26812,20901,25069,22014,27133,20340,27075,20169,23936,23596,25369,21747,25745,21468,25955,21380,26379,21122,25491,21593,21062,17100,1678,20527,18046,1121,22094,17048,718,20287,17994,21955,16997,20553,17879,22589,16121,21439,17009,18768,20072,21261,17081,19967,18638,21914,16683,18359,16663,393,14993,11919,849,19672,14458,20072,14174,19837,14486,16764,17381,18635,15324,16652,17780,20203,13808,18180,16346,16918,17516,786,12310,11709,558,18314,13396,976,17963,13035,17361,13417,1115,17323,14096,1235,16502,14610,17258,12556,1319,15303,16164,17656,13319,21637,10242,17861,14666,277,25652,22322,24537,23437,1293.0,76285,60788,30682,0.745163519115615,0.10511943146673686,0.022010923208528,0.005955122721589787,0.10678094360729092,0.8320063170362572,0.42712377442916366,0.19744028426663157,0.3104889122853195,0.14995762988071182,0.18369076331399517,0.26152141320644023,0.24574669187145556,0.15249983703800274,0.043208037482271595
19,Cherokee,13301,3752.0,2448,9494,235,3583,12628,212,3589,12048,649,3771,12349,228,3603,12667,3690,12510,3667,12475,3861,12327,3838,12321,3591,12602,3635,12513,3633,12516,3724,12431,3765,12401,3673,12476,2860,10845,477,3210,10116,489,3712,9717,438,3306,9896,3510,9988,3264,9973,3901,9443,3691,9708,3373,10011,3496,9810,3333,9937,3566,9782,3378,9279,211,2712,6373,388,4073,7883,4326,7692,4257,7835,3978,7997,4028,7977,3778,8254,3952,7950,4093,8148,3682,8193,584,2969,6219,385,4143,8021,292,4656,7099,4377,7183,421,5092,6859,327,4353,7375,4345,6990,490,4437,7350,4687,7058,4721,7141,3785,8644,148,3495,12716,3300,12911,515.0,28774,24051,12515,0.9025820132219035,0.011517192632322981,0.004947819217496154,0.015300819092761216,0.024364891272712155,0.8341856887447507,0.21017837096170638,0.07321940875639267,0.3600681884329134,0.2624850179784259,0.303236116660008,0.28725529364762287,0.11969636436276468,0.015181781861765881,0.024387680551388388
20,Chowan,4410,2939.0,2047,3360,112,3246,4470,39,3124,4353,212,3400,4308,31,3155,4495,3278,4324,3157,4401,3437,4165,3469,4104,3057,4557,3596,4017,3306,4258,3281,4284,3290,4304,3195,4316,2991,4014,222,2880,4026,133,2990,4079,64,2997,3881,3165,3669,3023,3695,3447,3344,3246,3480,2962,3905,3752,3122,2897,3897,3271,3526,3557,3891,47,2265,2821,135,3847,3089,3995,2989,3673,3641,3623,3390,4345,2816,3613,3471,3880,3048,3878,3282,3537,3657,134,2162,2999,83,3707,3478,161,4000,2777,4040,2760,158,4414,2714,169,3698,3093,4292,2516,189,3689,3175,3992,2783,4275,2623,3688,3773,36,3026,4690,2828,4888,131.0,13708,11114,6244,0.6318157279107433,0.31032931437826167,0.003599064243296743,0.0027892747885549757,0.030322116249775058,0.7919740867374483,0.2126147201727551,0.0775598344430448,0.3221162497750585,0.29212043561819345,0.24103139013452915,0.2877962844330557,0.149583600256246,0.024023062139654067,0.03065377425154521
21,Clay,5550,1890.0,1339,4073,101,1699,5112,81,1676,4898,238,1761,4994,90,1692,5064,1707,5006,1722,4935,1777,4927,1775,4912,1675,5016,1666,5010,1740,4949,1739,4935,1761,4936,1686,4963,1367,4439,206,1483,4186,192,1692,4031,156,1518,4101,1584,4098,1493,4084,1746,3885,1649,3916,1573,4060,1574,4027,1518,4092,1619,4026,1579,3974,90,1320,3011,170,1826,3534,1967,3415,1847,3556,1760,3605,1768,3598,1771,3598,1830,3523,1796,3670,1641,3681,203,1557,3030,207,1901,3494,132,2155,3096,2009,3150,202,2171,3125,167,1987,3249,1975,3095,243,2005,3260,2114,3160,2147,3157,1734,3707,102,1665,5146,1621,5190,221.0,11089,9234,5168,0.9310158111327702,0.005739657786441412,0.002707385748321421,0.004223521767381416,0.031080788390729912,0.8097249296079705,0.24377301277886074,0.09930690924842972,0.3695040069309075,0.2594814241486068,0.26199690402476783,0.2929566563467492,0.13893188854489164,0.03908668730650155,0.0199153029410497
22,Cleveland,33768,16338.0,10557,21654,629,16956,33799,482,16753,32023,2003,18549,32031,465,16958,33302,17867,32197,16696,32970,18180,31797,17699,32162,16267,33816,16915,32934,16997,32852,17115,32781,17682,32298,16767,32968,14959,28475,1229,15020,27487,1604,16109,27544,695,14566,28291,17106,26110,15747,26711,17666,25008,16576,25763,15230,27461,16675,25867,14764,27974,16074,26532,17060,25790,452,10975,15532,1384,20537,20798,19433,21730,19613,21964,17115,24538,18807,22354,17667,23851,18785,22356,17849,24195,16190,26364,542,10257,15749,464,20843,21132,1489,19919,21284,23036,19086,877,18259,24566,714,18409,23125,19506,20510,1433,19595,21751,20411,20612,23458,18745,17360,26074,313,15493,35262,14011,36744,1152.0,99519,78032,37086,0.7368515480828378,0.19586836169776503,0.00945765839655526,0.0029475087143735904,0.03325558745130203,0.7603419110108673,0.166072893172032,0.06015480828378101,0.23309667828583144,0.2718006795016987,0.2726096100954538,0.2878714339642992,0.14199428355713747,0.019279512484495498,0.0827676544216103
23,Columbus,16817,8856.0,6887,11722,411,9446,16831,72,9599,15563,940,10309,15712,120,9482,16480,10117,15674,9671,15858,10474,15278,10115,15551,9354,16439,9631,16049,9641,16015,9874,15754,10207,15499,9602,15930,9096,14278,350,8873,13642,750,9348,13746,231,9194,13253,10598,11965,9819,12306,11145,11104,10443,11683,9693,12703,10096,12182,9711,12541,9982,12219,11064,12944,150,6909,7051,992,13157,9569,13881,8921,13703,9382,13147,9769,13126,9806,12870,10250,13256,9411,13066,10312,11751,11859,375,7524,8600,234,14056,9185,749,13876,8709,14655,8092,629,15585,7813,599,13806,8818,14325,7737,747,13854,8949,14783,7758,16410,6787,11089,12996,107,8185,18092,7151,19126,565.0,50623,40316,19129,0.6174967754737574,0.2865611667824189,0.003348546482785991,0.032766147435261433,0.040926679234050994,0.7477924397261633,0.1256076991765056,0.03881833515229686,0.25625062010120053,0.32181504521930054,0.24899367452558943,0.2875738407653301,0.11276072978200638,0.02002195619216896,0.02083479954381819
24,Craven,32962,21131.0,14101,21981,903,21147,31031,885,20415,29543,2563,22436,29614,806,20609,31358,21250,30277,20357,30731,22022,29489,22912,28562,20022,31571,20446,30887,20808,30532,21249,30193,21444,30119,20256,30864,17627,27726,1639,16952,27736,1777,17811,27921,895,17254,27321,18457,26892,17434,27045,19255,25609,19907,24733,17387,27414,18040,26402,16574,28091,18646,26018,18761,26925,478,11966,17581,1185,19619,24509,20668,23651,20277,24235,18082,26218,19558,24764,18516,25922,20925,23397,19316,25713,17116,27841,852,9619,17756,537,19844,22402,1246,20417,21199,20102,21515,1105,24714,17845,984,18522,23152,19952,20497,1422,19089,22628,21274,20533,23368,18939,18988,24463,291,21000,31178,20871,31307,1393.0,100720,79783,41025,0.6895328578769914,0.19564318213153178,0.027662534625170775,0.004361831467856561,0.05949889074113533,0.7721569757968489,0.2204103631099357,0.08714889136783525,0.25164508729929935,0.193345521023766,0.2572333942717855,0.31556368068251067,0.191102985984156,0.039366240097501524,0.05503816113962655
25,Cumberland,56093,79000.0,46450,35674,1884,84470,60032,2649,81002,57122,7597,88279,55198,3018,84485,60271,86281,58138,81061,62152,87584,56623,86079,57395,82292,61698,84059,59248,83232,60294,85235,58633,87178,57239,82952,60423,71628,51290,4637,69756,51927,4267,70472,52787,2909,69146,50757,73397,49941,70815,51229,75914,46834,74014,48415,69333,53310,73076,49021,67963,54587,73608,48825,75804,50676,1126,42133,30815,2549,78529,44332,79752,43621,79288,44347,71886,51045,76553,45992,73184,49839,77012,45339,76339,47544,70692,52321,2751,36697,31210,1094,76522,46287,2983,75930,45587,75713,44716,2935,77681,45072,2708,71376,50283,74518,43734,3667,72703,48985,76178,45262,85142,38016,74704,52161,568,82434,62068,80534,63968,3378.0,334728,254481,126702,0.44962099331580746,0.3758905379969428,0.02978611369807569,0.016853910508053647,0.10508053646441189,0.7536594087574318,0.21265634762516653,0.07411555283105616,0.1597015101323871,0.23613676185064167,0.25773863080298653,0.3132152610061404,0.1603763160802513,0.03005477419456678,0.19805523308446848
26,Currituck,12523,4725.0,2753,8590,306,4196,11657,295,3849,11367,729,4381,11293,349,4022,11790,4105,11650,4032,11520,4326,11338,4348,11300,3974,11620,4070,11552,4004,11603,4157,11465,4323,11366,4009,11477,2913,9163,592,2998,8922,417,3156,8852,365,2974,8778,3203,8733,2930,8802,3515,8290,3439,8300,3081,8728,3244,8489,2832,8928,3238,8555,3562,7497,234,2250,5066,265,3899,6688,4059,6557,3943,6760,3425,7189,3792,6842,3649,6984,3814,6751,3816,6993,3330,7074,581,2111,5146,237,3514,7093,268,4288,5852,4177,5749,444,4601,5749,357,3823,6319,3841,5819,564,4059,6107,4187,5938,4280,5981,3738,7234,131,4200,11653,4177,11676,590.0,28100,22004,10963,0.8654790038174878,0.049990910743501184,0.00986184330121796,0.004181057989456462,0.034675513542992184,0.8503908380294491,0.24113797491365208,0.07107798582075986,0.21586984184693692,0.11712122594180426,0.15479339596825686,0.36194472315971904,0.2982760193377725,0.06777341968439296,0.04142428790027508
27,Dare,14000,10135.0,7105,10237,512,9936,13938,358,9284,13581,970,10485,13152,384,9581,13796,9642,13557,8964,13757,10035,13010,9900,13046,9302,13715,9381,13488,9468,13355,9573,13303,9797,13233,9236,13509,7222,11460,927,7226,11394,590,8087,10703,517,7428,10811,7763,10846,7201,11072,8269,10209,7873,10488,7414,11010,7813,10576,6890,11556,7708,10690,7392,10248,257,5207,7262,408,7707,9014,7999,8782,8011,8980,6957,9903,7746,9176,7393,9424,7758,8951,7640,9537,6940,9904,697,4200,7370,314,7537,9872,447,8456,8061,8527,7877,648,9222,7915,490,7681,8911,8115,7786,837,8122,8438,8343,8264,9131,7747,8073,9744,221,10064,13810,10215,13659,730.0,36915,30445,15990,0.8968303498111349,0.01849236327804237,0.007324683856134012,0.004467071768763343,0.05370339957300049,0.8706848415174906,0.3685005748070291,0.12307439645261947,0.26861553621284284,0.10544090056285178,0.2176360225140713,0.3494684177611007,0.24333958724202626,0.07948717948717948,0.037190544746023284
28,Davidson,66679,22842.0,14679,43392,1227,22635,64658,1220,23659,60685,3842,26597,60770,1061,22688,65205,24502,63260,23893,63482,25011,62486,24847,62446,20623,67069,22522,64753,22711,64633,23156,64139,24673,62902,22310,65126,18119,54324,2431,17763,53543,2863,21955,50868,1676,17918,53213,21201,51547,18659,52954,22974,48916,21321,50553,16159,56547,20127,51686,16010,56384,19620,52107,20628,49384,928,11864,29272,1876,25015,43692,24241,44144,24360,44536,19115,49807,22618,45774,18197,50961,23381,44566,21656,47657,17762,51502,1483,11248,29337,983,26707,39221,2735,24096,41717,24233,40739,2413,26402,39621,2520,21650,44711,23448,40079,2736,19945,46852,26321,39570,31352,36042,22434,45418,729,21881,65412,20940,66353,2586.0,168930,132179,67742,0.8050446742674706,0.09200402484509643,0.014276095295016606,0.006120488125950415,0.06505571989499088,0.7754484449118241,0.17338609007482278,0.04739028136088184,0.233940338480394,0.21056360898703905,0.2581411827226831,0.3262377845354433,0.17023412358654896,0.0315313985415252,0.1179088403362283
29,Davie,18710,6950.0,4512,13190,367,6713,18227,370,6570,17415,1176,7903,17103,270,6493,18593,6990,18046,6646,18212,7212,17687,7122,17691,5800,19158,6368,18459,6645,18198,6573,18262,7004,17964,6463,18370,5266,15586,883,5112,15553,927,6433,14706,507,5049,15522,6137,14932,5091,15584,6474,14276,5933,14819,4554,16469,5626,15104,4322,16584,5495,15268,5732,14679,247,3743,9516,616,6709,13213,6460,13393,6500,13533,4991,15075,6023,13851,4903,15257,6151,13582,5659,14596,4789,15457,389,3360,10335,283,7043,12495,677,6380,12814,6210,12887,623,7073,12416,695,5549,13830,5887,12719,714,5185,14327,6856,12378,8297,11405,6174,13973,208,6549,18391,6354,18586,728.0,42712,33784,16431,0.8503137579919489,0.056979635330333886,0.006363959270660668,0.004735969689793985,0.06204120293630121,0.8128699976320152,0.23653208619464836,0.07962349040966138,0.263379114373668,0.155924776337411,0.22177591138701236,0.3405757409774207,0.22597529060921429,0.05069685350861177,0.06253843495780208
30,Duplin,14073,8310.0,5071,9851,193,8767,13792,55,8688,12953,789,9163,13294,77,8551,13725,8942,13135,8583,13346,9413,12697,9210,12796,8332,13844,8593,13447,8698,13273,8899,13189,8930,13120,8510,13306,8279,12200,285,8009,11985,541,8176,12252,121,8006,11854,8751,11218,8411,11299,9565,10278,8980,10677,8231,11765,8579,11212,8111,11670,8951,10877,9008,11387,77,5458,6833,477,10001,9718,10517,9268,10400,9522,9391,10424,9612,10187,9145,10860,10060,9628,9574,10513,8837,11297,187,5699,7279,86,10411,8829,426,10332,8373,10758,8075,429,11656,7616,361,9698,8994,10301,8013,524,9572,9351,10522,8142,12400,6681,8925,10805,16,7999,14560,7251,15308,351.0,48715,37043,19521,0.5665307885430446,0.24644332262505736,0.0036444132494668356,0.008665604837621143,0.18089787544205382,0.717463488378371,0.1422400993440056,0.03525632373187917,0.24738817050454875,0.2428666564212899,0.29342759079965164,0.30106039649608113,0.13882485528405308,0.012704267199426258,0.02308658357423819
31,Durham,29496,143341.0,103507,22090,2404,144689,32459,2767,138430,34151,6265,147111,29990,2496,141908,35540,143304,34005,136108,39416,143944,32660,143483,32661,134906,40954,139132,36607,140212,35759,141387,34607,142161,34690,138072,36982,121313,28390,6539,117944,33762,3642,122202,30760,2625,115965,33355,121411,31050,116343,34249,121830,29450,116446,33873,111429,39587,118603,31382,112567,38489,119582,31247,111227,33776,1545,71508,19831,1997,109929,30701,111712,29717,111922,29874,98546,42127,108846,31341,101287,38906,111063,29316,108675,33688,102535,38475,3821,58028,21873,1308,100476,31811,3041,98748,31074,96701,31521,4169,95338,34316,5340,93655,36202,96359,29167,4609,91779,38306,96673,32856,108923,23170,103457,32357,1088,143285,33863,141722,35426,4165.0,324833,259565,136462,0.45813957968139,0.3377574018068692,0.05652534047348448,0.006302852849960511,0.1273900564405833,0.7833529173810029,0.44095313312657713,0.20914221871207597,0.166644193169341,0.1562852662279609,0.22277996804971348,0.29661004528733276,0.2356773314182703,0.08759947824302736,0.4377219211991931
32,Edgecombe,8920,15072.0,9214,6046,169,16089,9206,110,15952,8581,784,16787,8487,93,16074,9159,16743,8446,15740,9327,16898,8305,17492,7613,15688,9441,16360,8802,16145,8949,16276,8854,16399,8770,15870,9020,16225,8260,401,15848,8353,445,16163,8389,146,15909,8105,16489,7811,16231,7815,17235,6867,17012,7027,15798,8438,16811,7309,15953,8163,16805,7358,18309,8544,65,11436,5156,418,19498,6860,19587,6857,19538,6961,18715,7741,19145,7233,18195,8370,19410,6927,18738,7797,17948,8693,157,10317,5619,105,18093,7352,332,18366,6822,18514,6707,250,18774,6730,255,17690,7554,18632,6338,287,17397,7983,18538,6598,21161,4433,17328,8419,33,15263,10032,14381,10914,264.0,48900,38189,19021,0.38440388593574065,0.5505512058446149,0.002304328471549399,0.00387546152033308,0.045039147398465526,0.7572599439629213,0.15530650187226688,0.040587603760245096,0.25546623373222654,0.3002470953157037,0.27327690447400244,0.2636559592029862,0.14878292413648073,0.009410651385310971,0.037354791840613445
33,Forsyth,85291,111035.0,73523,58349,2943,113032,85063,3173,107278,83228,9004,118664,78474,3186,109218,88119,110410,87566,104835,90863,112973,82722,112246,83182,103613,92499,107656,87681,108764,86531,109264,85821,111940,84747,107230,87649,94459,75970,7872,89661,81999,5542,99685,73584,3990,89135,79960,97596,75616,87104,83884,97933,73178,94184,76544,85188,86306,92676,77362,80388,91152,91564,78870,92320,79769,1568,56007,49559,3240,95370,72104,94353,72916,95324,73104,81202,87056,91827,74632,84104,84090,92523,73909,90395,78922,81869,87499,3670,41012,52074,1751,93468,66522,4580,88569,68521,86928,69302,4734,90053,69318,4767,82580,75661,84321,67849,5730,78454,79878,89102,68163,99461,61563,90716,73573,1374,114245,83850,115413,82682,5110.0,382590,297388,152889,0.5965270959151008,0.2454705637080178,0.024099829179388542,0.006119951040391677,0.11454060015871521,0.7769143341358764,0.30262485372644493,0.11501136562336073,0.20678373034554184,0.2138087108948322,0.2393370353655266,0.2953057446905925,0.1894315483782352,0.0596249566679094,0.3621913813995759
34,Franklin,23561,17398.0,11700,15291,637,15878,20901,571,15659,19655,1811,17426,19401,518,15898,20951,16868,19916,15584,20820,17462,19232,17407,19177,14514,22160,16138,20427,15932,20537,16216,20292,16595,20049,15631,20665,12873,16368,1126,12879,16278,1037,13848,15899,590,12803,16405,14163,15451,13285,15965,15428,13981,14738,14514,11934,17727,14320,14923,13083,16365,14672,14707,13435,14603,350,9130,9764,966,15332,12083,15617,12002,15375,12289,13060,14432,14375,12928,12181,15609,15555,11787,13734,14019,12281,15370,625,8047,9131,369,14044,11609,867,13947,11516,13780,11448,775,13897,11850,788,12706,12780,13540,11063,940,11766,14065,13706,11769,17675,8335,13084,13272,275,14925,21854,14007,22772,1145.0,68573,53144,25896,0.6557090170103869,0.23362938431431582,0.0070562998645190425,0.0068304982688544335,0.08198479602589191,0.7790155050429023,0.20406819208189073,0.06454162276080085,0.21577224145717297,0.18968180413963545,0.2045875810936052,0.3413654618473896,0.22018844609206056,0.039311090515909794,0.0538353136984742
35,Gaston,71264,43533.0,25676,46257,1510,40960,73033,1506,39594,69397,5208,44074,69159,1687,40045,72254,42555,70629,39335,71811,42497,69265,41514,69623,39695,72450,39777,71915,39897,71449,40805,70854,42095,70005,39835,71597,31180,61791,3455,30583,60291,4387,33709,60000,2145,29238,62522,34676,58592,31752,59592,35194,56614,33429,57918,30810,60771,33082,58288,29499,62559,32363,59056,33171,56135,926,19060,33165,2554,36727,49787,35779,50420,36280,50752,30853,56369,34286,52061,32498,54108,34350,51785,32869,54931,26878,61841,1411,15470,32725,1162,34600,45551,3070,32696,46360,31843,47896,2172,29003,53043,1532,30659,49326,31246,45628,3131,31740,47531,33855,45453,39980,41287,31076,52111,394,41655,72330,42314,71671,3093.0,227943,177846,89861,0.7181775243750211,0.16677350066911822,0.015451570459836039,0.004959346850646065,0.07332748557740967,0.7739167594435635,0.20879862352822104,0.06408915578646694,0.20698806832877883,0.21272854742324257,0.23225871067537643,0.30449249396289824,0.2044602218982651,0.042743793191707194,0.24738820791883637
36,Gates,3352,2354.0,1758,2431,119,2547,3367,49,2474,3206,206,2678,3164,91,2530,3321,2567,3233,2494,3226,2689,3103,2675,3100,2435,3370,2624,3157,2549,3206,2597,3167,2580,3213,2489,3243,2386,2875,133,2316,2821,128,2339,2876,78,2393,2674,2486,2618,2383,2671,2641,2441,2560,2482,2411,2713,2597,2481,2368,2693,2483,2599,2746,2539,30,1643,1628,83,3007,2088,3124,1999,3004,2152,2913,2190,3056,2070,2894,2283,3018,2084,3026,2160,2824,2310,122,1550,1678,15,2849,2424,77,3053,2052,3112,1959,95,3206,2035,78,3029,2048,3175,1848,118,2978,2168,3094,2017,3129,1992,2830,2548,28,2274,3640,2010,3904,102.0,10478,8343,4162,0.6473690518997962,0.3001318470574134,0.0027568021095529184,0.00719165767709457,0.014023732470334413,0.821167445762915,0.10164209516960326,0.03931439530145032,0.26800910943305767,0.23209995194617972,0.26886112445939453,0.3145122537241711,0.16746756367131188,0.014175876982220087,0.01187738117234445
37,Graham,3764,803.0,638,2791,109,904,3709,41,1013,3355,181,1103,3488,41,946,3532,1018,3403,979,3362,1078,3320,1029,3329,924,3461,975,3405,954,3412,991,3381,1064,3349,951,3330,767,3284,108,871,2935,174,1144,2760,130,895,2828,1031,2740,919,2666,1140,2526,1051,2552,987,2685,1053,2578,978,2673,984,2695,1118,2750,74,996,2046,285,1274,2227,1331,2188,1346,2255,1235,2329,1286,2249,1246,2341,1276,2241,1248,2447,1210,2605,98,1195,2160,113,1598,2339,182,1493,2217,1482,2285,146,1834,2144,133,1489,2250,1366,2305,152,1524,2220,1537,2185,1677,2170,1264,2824,77,864,3749,787,3826,154.0,8030,6370,3135,0.8896389324960754,0.00565149136577708,0.0031397174254317113,0.05745682888540032,0.020879120879120878,0.749607535321821,0.11836734693877551,0.033437990580847725,0.29356357927786497,0.24880382775119617,0.32567783094098884,0.2634768740031898,0.11164274322169059,0.007655502392344498,0.010619052404957497
38,Granville,16472,14532.0,9951,11769,521,14565,16648,386,14368,15688,1304,15757,15411,381,14527,16621,15304,15807,14043,16780,15773,15265,15630,15304,13472,17533,14588,16349,14430,16468,14675,16234,14972,16049,14294,16410,12908,13591,853,12758,13580,825,13528,13308,450,12584,13617,13882,12725,13254,13054,15015,11396,14305,11948,12061,14543,13996,12259,12800,13631,14402,11981,13599,12405,270,8504,7366,584,15276,10145,15758,9825,15469,10158,13547,11860,14703,10531,12880,12775,15336,9936,14062,11578,12605,13053,506,7258,7290,314,13969,9839,699,14017,9524,13924,9494,626,13664,10197,652,12862,10693,13613,9229,770,12205,11633,13992,9436,17229,6817,13060,11434,191,13614,17599,12687,18526,744.0,60992,48195,21048,0.5871563440190891,0.3078535117750804,0.006203963066708165,0.0057267351384998446,0.08175121900612096,0.7774872912127814,0.20589272746135492,0.06718539267558875,0.2148355638551717,0.20286963131889016,0.20933105283162295,0.30430444697833525,0.22154123907259596,0.0556347396427214,0.044265681178521504
39,Greene,4686,3600.0,2411,3519,114,3833,4875,14,3843,4591,266,3992,4678,36,3781,4866,4001,4608,3804,4735,4200,4387,4277,4298,3647,4947,3875,4717,3831,4733,3926,4656,3985,4607,3758,4727,3603,4372,91,3516,4279,201,3602,4382,38,3584,4240,3796,4050,3684,3990,4221,3522,4036,3676,3619,4223,3872,3862,3609,4144,3943,3793,3777,4409,21,2679,2911,225,4292,3593,4519,3418,4526,3477,4204,3772,4251,3707,3889,4166,4532,3395,4057,4011,3744,4388,67,2613,2913,57,4279,3637,144,4383,3355,4568,3225,119,4992,2965,105,4205,3535,4551,3092,132,3942,3883,4655,3079,5551,2345,3795,4270,17,3524,5184,3288,5420,116.0,20451,16566,6619,0.5070626584570808,0.3644211034649282,0.0019316672703126887,0.009054690329590729,0.1144512857660268,0.6854400579500181,0.09404805022334903,0.025594591331643126,0.20590365809489317,0.3011028856322707,0.2427859193231606,0.32769300498564735,0.11557637105302916,0.0030216044719746185,0.029603648959869836
40,Guilford,105630,167761.0,108728,74541,4100,173086,107295,4106,165824,104909,11406,180159,97973,4459,168772,111229,172954,106200,165272,111081,174672,102648,173274,103059,157827,120688,165809,110953,168473,107997,168889,107340,172039,106131,165989,109558,149243,98052,10094,143909,103332,7676,155687,94459,5408,141981,101684,151911,97677,141322,103868,152952,94059,147680,98951,130922,118081,145930,100117,130037,117834,145202,100809,145870,104579,2691,90718,68597,4119,148052,94181,146654,95137,148840,95106,130717,113037,142545,99399,128516,116555,145074,95377,142316,103263,130360,114659,5546,65140,67586,2597,147682,85038,6063,137496,89411,134097,92147,6697,136727,94298,7312,126721,101990,133162,87178,7640,119814,111363,136359,90458,152422,80900,141772,97588,1947,174911,105470,176406,103975,6768.0,541299,423763,211911,0.5184218537248415,0.3272395183156623,0.05041733232962765,0.005639944969239882,0.08032319952426238,0.769411203904069,0.31940967002782217,0.11492508784391275,0.19492735326113889,0.1943079877873258,0.24376271170444197,0.29270306874112245,0.20218865467106473,0.06462618740886504,0.323567897079754
41,Halifax,9078,13869.0,8740,6608,118,15545,10080,60,15438,9446,693,16098,9403,113,15413,9998,15870,9395,15190,9986,16185,9189,16305,9042,15167,10223,15683,9626,15510,9749,15657,9677,15684,9629,15406,9739,15724,9027,387,15578,8980,416,15999,8825,120,15620,8787,16249,8347,15916,8492,17052,7415,16740,7631,15492,9066,16560,7875,15778,8696,16726,7768,16940,8705,64,10821,6090,509,18551,6876,18555,6949,18385,7179,17498,7962,17841,7598,16997,8545,18514,6879,17518,8071,16747,8890,163,8922,5414,93,16906,7753,368,17397,7014,17584,6845,285,17766,6899,335,16702,7721,17355,6718,364,16895,7599,17190,7167,20130,4657,16024,8959,18,14628,10997,13743,11882,258.0,48622,38975,19864,0.4155740859525337,0.5019627966645286,0.005772931366260423,0.03379089159717768,0.02406670942912123,0.7153046824887749,0.13567671584348942,0.044413085311096855,0.26350224502886466,0.3627164720096657,0.23389045509464357,0.27436568666935157,0.10098670962545309,0.018626661296818364,0.025939189985814588
42,Harnett,37286,23928.0,13133,22860,930,22127,35214,1024,21554,33357,3042,24024,33083,1047,22156,35259,23176,34064,21603,35175,25032,32207,23783,33227,20689,36597,22125,34766,22092,34824,22517,34516,23062,34029,21807,34955,16739,27615,1714,16823,27306,1639,17667,27123,1041,16601,27497,18523,26428,17445,27075,21329,23634,19266,25250,15998,28888,18571,25928,16850,27791,19008,25697,17331,25566,497,10565,15419,1149,20317,21755,20983,21370,21949,20739,17362,24835,18963,23036,16427,26096,20393,21589,18337,24250,16033,26290,913,10136,15466,487,18693,20637,1234,18879,20267,18504,20208,1131,18970,20561,1037,17083,22128,18194,19643,1471,16274,23242,18875,20232,24118,15720,16785,23579,313,21343,35998,20623,36718,1698.0,133568,98069,47391,0.6433123617045142,0.20437651041613558,0.011909981747545095,0.010778125605441067,0.11557168932078435,0.7885570363723501,0.20554915416696407,0.06668774026450765,0.17233784376306477,0.2077187651663818,0.21928214217889472,0.3346204975628284,0.19759025975396172,0.036673630014137704,0.08668254064055314
43,Haywood,22664,13441.0,9998,16077,720,13144,22834,564,13114,21501,1668,14778,21185,491,13086,23008,13835,22159,12885,22749,14172,21654,13920,21828,12038,23956,13097,22639,13184,22518,13432,22284,13728,22138,13034,22635,10474,18929,1325,10953,17874,1471,12865,16625,961,10836,17954,12361,17261,11244,17728,13068,16143,12289,16987,9823,19758,12051,17100,10786,18431,11894,17301,11832,15633,508,8087,9790,1017,12556,13802,13039,13479,12942,13702,11810,14718,12433,13984,10495,16411,12624,13554,12077,14838,10906,16016,742,8244,11260,514,14329,12621,1038,14064,12186,13435,12873,914,15081,11743,1049,12915,13434,13531,11815,1111,11297,15658,14176,12212,16112,10772,12729,14909,427,12652,23326,12215,23763,1200.0,62089,51091,26634,0.9222759390107846,0.010765105400168328,0.005715292321543912,0.005225969348808988,0.03642520209038774,0.8211818128437494,0.2540564874439725,0.09950871973537413,0.29744964866610557,0.23571374934294512,0.24844184125553803,0.3020199744687242,0.17132236990313135,0.03442967635353308,0.043306556630390125
44,Henderson,39659,26779.0,20167,29798,1200,27212,40032,1128,25782,39359,2732,29145,38028,1018,26274,41236,26934,40401,25093,41543,27306,39701,26952,39829,24810,42203,25579,41049,25879,40867,26240,40524,26737,40332,25690,40981,19809,35773,2537,19774,35450,2226,22437,33566,1595,18946,36166,20994,35295,18905,36299,21667,33982,20668,35104,18085,37766,20003,35282,18562,36978,20284,35247,18632,32973,755,13172,21735,1415,18774,31072,19641,30458,19331,30942,17287,32746,18806,31048,16752,33508,18827,30957,18563,32152,16581,33786,1364,11387,23902,843,21202,28004,1735,20209,28190,18746,29467,1563,21016,27989,1769,18244,30093,18950,27656,1920,17873,30841,19851,28621,22328,26835,20071,30910,601,29057,38187,30874,36370,1965.0,116281,94428,48749,0.836309145592409,0.027989579362053627,0.011500826026178676,0.004585504299572161,0.10670563815817342,0.840905239971195,0.3023785317914178,0.11107934087346974,0.31547845977887917,0.17382920675295904,0.24404603171347106,0.3268990133130936,0.20597345586576135,0.0447598925106156,0.12038218011205758
45,Hertford,3278,6388.0,4097,2400,80,7098,3479,18,6816,3305,272,7211,3282,51,6975,3416,6985,3292,6723,3503,7201,3133,7148,3159,6876,3448,7025,3269,6941,3329,7028,3265,6991,3321,6905,3325,6910,3099,167,6713,3116,93,6682,3243,39,6723,2969,6847,2835,6733,2844,7123,2526,6921,2656,6706,2971,6925,2658,6642,2951,6878,2767,7843,3008,38,4393,1864,86,8073,2410,8227,2278,8182,2412,7911,2601,8083,2413,7800,2762,8097,2377,8036,2579,7793,2840,100,4401,2053,39,7590,2849,70,7845,2273,7878,2289,83,8107,2305,54,7684,2422,7873,2201,140,7562,2643,7836,2295,8146,2114,7513,3089,21,6745,3832,6358,4219,86.0,21552,17639,8014,0.37830942797210726,0.5580815238959125,0.005499177957934124,0.009864504790521004,0.07953965644310902,0.7215261636147174,0.13946368841771076,0.06287204490050456,0.24905039968252168,0.30147242325929624,0.2864986274020464,0.29148989268779635,0.09782879960069878,0.011105565260793612,0.02356259634622323
46,Hoke,10050,11781.0,7118,5593,388,11804,9453,382,11466,8639,1279,12598,8476,456,11913,9268,12098,9013,11520,9378,12350,8696,12293,8741,11583,9400,11940,9063,11801,9112,12145,8881,12260,8751,11689,9152,9716,7741,742,9552,7652,721,9678,7781,489,9564,7317,10041,7346,9777,7326,10401,6815,10261,6829,9453,7832,10059,7055,9360,7790,10152,7060,10065,6803,188,5962,4005,396,10481,5812,10601,5767,10607,5819,9772,6563,10163,6112,9710,6728,10408,5875,10211,6320,9502,6941,394,4643,3579,131,9485,5526,387,9343,5396,9499,5145,373,9860,5172,314,8964,5741,9275,5012,527,8865,5955,9689,5033,10577,4382,9216,6278,86,11325,9932,10884,10373,612.0,52082,37472,17704,0.4210343723313407,0.3326483774551665,0.015718403074295475,0.08110055508112725,0.1253202391118702,0.7868008112724167,0.17877348420153716,0.057269427839453456,0.1417058070025619,0.23762991414369633,0.22791459557162222,0.31783777677361047,0.17995933122458202,0.03366470854044284,0.05154092338629072
47,Hyde,1402,943.0,730,1083,47,1045,1418,22,1075,1314,79,1111,1350,11,1026,1402,1110,1313,1042,1353,1191,1230,1108,1283,966,1457,1080,1320,1053,1333,1089,1309,1089,1336,1030,1319,964,1287,43,948,1245,76,1010,1258,17,983,1193,1057,1122,1005,1104,1192,970,1062,1052,959,1237,1082,1052,1031,1136,1059,1089,1162,1192,20,889,794,99,1250,928,1295,877,1362,881,1131,1072,1280,916,1094,1149,1260,901,1277,1015,1079,1239,45,767,846,26,1386,1005,60,1420,870,1505,817,54,1619,776,52,1336,944,1426,799,83,1323,1011,1487,790,1733,619,1240,1212,11,974,1489,914,1549,50.0,4589,3785,1958,0.6480845442536327,0.271334214002642,0.0018494055482166448,0.002642007926023778,0.05891677675033025,0.740554821664465,0.10013210039630119,0.018494055482166448,0.2528401585204756,0.24923391215526047,0.2609805924412666,0.44126659856996936,0.02349336057201226,0.0,0.0028935119504754844
48,Iredell,69711,36471.0,21441,46597,1585,33889,67011,1473,31892,64318,5174,36374,63961,1660,32908,67190,34431,65348,31643,66902,34874,64366,34614,64502,31699,67682,32276,66514,32674,66236,33295,65814,34309,64997,32018,66442,24734,54766,3078,24187,53136,4248,28586,50934,2418,23132,54607,27931,51554,24512,53398,28062,50215,26520,51235,23525,54767,26075,51742,23179,55147,25597,52622,26078,49309,990,16301,31258,2958,29409,43181,28754,43588,28552,44419,24052,48929,26944,45414,24638,48208,27724,44477,25720,48199,20044,54597,1327,12926,28917,1137,29407,39913,3140,28066,40499,26248,42388,2286,23846,47261,1591,26180,43072,26836,39411,3111,25377,43628,29021,39675,33180,37164,27303,45127,692,34116,66784,34219,66681,3358.0,186693,143795,71923,0.7723077992976112,0.11183977189749296,0.023909037170972564,0.003783163531416252,0.07065614242498,0.8187767307625439,0.2863103724051601,0.08748565666400084,0.20369971139469384,0.1459338459185518,0.2192066515579161,0.32484740625391045,0.22020772214729642,0.08575838049024652,0.12549026724984524
49,Jackson,11011,9757.0,6557,7920,455,9592,11357,481,9381,10762,1094,10406,10519,421,9474,11644,9904,11144,9242,11664,10131,10879,9997,10896,9276,11731,9578,11311,9603,11326,9773,11170,9891,11137,9508,11395,7709,9862,1129,8010,9621,856,9201,8774,596,7899,9602,8748,9336,8124,9581,9097,8742,8697,9203,8127,9748,8507,9246,7745,10097,8375,9464,7960,8163,278,5168,5027,565,8341,7510,8552,7334,8522,7456,7951,7982,8351,7497,8038,7894,8369,7414,8234,7858,7443,8421,569,5130,5675,322,9206,6676,659,9047,6671,8680,6815,647,9373,6487,650,8469,7282,8609,6469,719,8719,7108,9018,6717,9603,6396,8668,7786,245,9591,11358,9569,11380,774.0,43109,35790,16964,0.8072925398155909,0.02212908633696563,0.011483654652137468,0.07817826208438111,0.06367700474993014,0.6930427493713328,0.22858340318524728,0.09606035205364627,0.24149203688181056,0.2388587597264796,0.2765857109172365,0.2974534307946239,0.1379391652912049,0.041912284838481494,0.033891948922681166
50,Johnston,72801,47017.0,28130,46239,1698,41256,68349,1746,39770,64819,5619,45164,64306,1598,40491,68443,42993,65348,39527,67526,45381,62868,44614,63251,36496,72399,40291,67499,40100,67501,41063,66755,42400,65512,39318,67598,28379,54394,3177,28296,54000,2989,31202,52944,1567,27293,54771,31503,51961,28999,53177,35726,47041,33447,48700,24998,58375,31842,50309,28017,54771,32651,50091,27091,48275,968,17242,30533,2153,32642,40997,34469,39835,33701,40675,25883,48028,29814,43674,23963,50686,34262,39301,28280,46272,24507,50070,1498,15092,30867,937,29527,38974,2124,30131,37524,29033,38254,1824,29439,39499,1712,25585,42306,28246,37317,2255,23635,45012,29163,38550,40763,28420,26806,43643,549,42495,67110,43645,65960,3157.0,215999,160099,78741,0.688124223136934,0.15582858106546574,0.009181818749648655,0.007657761759911055,0.13178096053067165,0.8052579966145947,0.2278215354249558,0.06276741266341451,0.18266197790117364,0.16137717326424608,0.2014071449435491,0.3158583203159726,0.26650664837886234,0.05212024231340725,0.10529725650627936
51,Jones,3298,2005.0,1398,2382,94,2197,3280,23,2123,3046,284,2333,3128,25,2178,3267,2277,3126,2170,3205,2371,3041,2453,2948,2123,3291,2187,3210,2203,3189,2270,3136,2299,3139,2165,3186,2065,2977,96,2002,2914,157,2050,3000,34,2026,2866,2165,2756,2141,2713,2375,2503,2411,2438,2113,2796,2209,2651,2010,2861,2255,2612,2353,2840,21,1733,2030,203,2547,2440,2688,2313,2679,2380,2447,2582,2502,2518,2390,2698,2759,2260,2455,2671,2224,2928,42,1657,2052,64,2601,2462,154,2679,2276,2760,2197,128,3247,1852,117,2502,2444,2708,2131,158,2480,2528,2948,2013,3255,1785,2378,2820,12,2063,3414,1886,3591,112.0,9172,7481,3719,0.6492447533752173,0.2887314530143029,0.004544846945595509,0.006817270418393263,0.03395268012297821,0.7584547520384975,0.13527603261596044,0.03101189680523994,0.2805774629060286,0.35842968539930087,0.18445818768486152,0.30223178273729495,0.1271847270771713,0.01747781661737026,0.0075128046138384025
52,Lee,16913,12023.0,7768,11043,424,12143,16470,396,11851,15420,1444,13522,14937,402,12140,16324,12908,15444,11699,16288,13692,14610,13153,15019,11048,17325,12172,15930,12292,15788,12227,15822,12646,15544,11929,16020,10468,13712,903,10392,13536,864,11370,13017,544,10276,13575,11556,12607,10960,12768,12741,11321,12016,11730,9537,14601,11367,12382,10051,13945,11962,11999,10800,13158,280,6965,7959,769,12523,10518,13160,10206,13041,10472,10522,12752,11696,11272,9948,13490,12625,10408,11254,12240,10082,13529,481,6086,8336,269,11648,11172,786,12107,10267,11553,10714,684,11745,11169,666,10455,11876,11292,10158,880,9923,12687,11819,10374,15365,7617,10784,12775,194,11312,17301,10584,18029,799.0,63285,48392,24073,0.6431848239378409,0.17174326334931395,0.011158869234584229,0.008410481071251447,0.16796164655314927,0.7663043478260869,0.18765498429492478,0.06098115390973715,0.21439494131261366,0.19312092385660284,0.2290117559091098,0.3603622315457151,0.18273584513770613,0.03177834087982387,0.09579956342586565
53,Lenoir,14089,12773.0,7872,10452,295,13605,14590,125,13285,13898,937,14207,13906,133,13375,14636,13926,13974,13208,14549,14480,13396,14327,13451,13099,14824,13457,14309,13429,14379,13762,14093,13683,14213,13301,14332,12632,13608,559,12295,13513,639,12457,13877,195,12478,13269,13123,12767,13130,12511,14196,11597,13793,12108,12651,13328,13224,12455,12452,13333,13525,12230,13943,13966,76,9084,8798,633,14961,12040,15739,11395,15661,11571,14448,12648,14844,12196,14113,13169,15395,11468,14629,12761,13495,14013,263,8282,9232,132,13782,11813,493,14517,10524,14750,10385,428,16785,8926,387,13463,11572,14361,10286,487,13247,11925,14771,10206,17452,8033,13146,13325,40,13250,14945,12833,15362,401.0,55122,42923,22917,0.5216783542622836,0.39370500663979685,0.0058942757961931835,0.0033781422547352236,0.062041329823171724,0.7286769331127834,0.12760058709782635,0.038044871048156,0.2572746546140764,0.3100754898110573,0.2739014705240651,0.26927608325697083,0.12069642623380024,0.021032421346598596,0.05333000516639867
54,Lincoln,38548,14892.0,9417,26131,737,13274,36342,602,12859,34673,2245,14731,34712,667,12884,36359,14200,34875,12597,35799,14377,34460,13974,34746,12623,36247,12772,35832,12823,35743,13119,35584,13942,34853,12614,35897,9847,28647,1313,9749,27714,1903,11273,27407,953,9237,28533,11843,26649,10271,27403,12731,25254,11521,26134,9852,28017,11068,26652,9232,28896,10624,27105,10984,25162,481,6661,15778,1293,13070,21768,12469,22197,13061,22107,9858,25432,11648,23077,10641,24275,12087,22569,10828,24631,8199,27727,584,6934,15589,572,13549,20251,1586,12413,20883,11920,21637,1127,10653,24095,770,11462,22535,12052,20175,1537,11679,21906,13256,20164,15567,18810,11672,23536,452,12766,36850,12226,37390,1587.0,86810,68416,34337,0.8529291393826005,0.052429256314312445,0.007965972871842844,0.0035664172123479887,0.062280753040224505,0.8143124415341441,0.226335944808232,0.07043673994387278,0.2288353601496726,0.1672539825843842,0.20910388210967762,0.31822815039170577,0.2214229548300667,0.08273873663977634,0.11329259793852105
55,McDowell,16787,5861.0,3894,11776,415,5832,16883,282,5934,15894,919,6850,15760,285,5786,16808,6306,16259,5879,16352,6434,15989,6294,16059,5581,16901,5868,16457,5837,16447,5536,17026,6243,16165,5850,16396,4669,14574,640,4903,13676,960,6024,13054,572,4985,13587,5910,13087,5241,13288,6201,12452,5979,12597,4977,13846,5719,12900,5003,13734,5569,13136,6031,11775,293,3402,6920,726,6566,10367,7128,9889,6784,10391,6134,11025,6731,10285,5876,11390,6662,10277,6451,10954,5624,11906,466,3794,8104,336,7879,9535,946,7723,9523,7521,9766,641,8219,9289,769,6845,10520,7476,9044,954,6535,11019,7760,9507,8758,8898,6571,11534,280,5713,17002,5569,17146,784.0,44578,35805,18336,0.8761904761904762,0.040525066331517944,0.00849043429688591,0.004412791509565703,0.051501186985057956,0.7812596006144393,0.1649490294651585,0.04865242284597123,0.25549504259181677,0.19862565445026178,0.2964659685863874,0.33633289703315883,0.14261561954624782,0.016470331588132634,0.039121319267280456
56,Macon,14569,6368.0,4623,10699,430,6230,14210,257,6248,13407,861,7062,13332,247,6128,14222,6537,13778,6150,13863,6730,13457,6525,13580,5997,14151,6206,13882,6115,13966,6307,13788,6458,13747,6170,13836,4878,12132,731,5369,11362,745,6281,10721,525,5187,11477,5668,11347,5310,11276,6236,10548,5824,10819,5361,11386,5758,10891,5132,11575,5674,11073,5713,10805,314,4342,6785,671,6396,9501,6648,9324,6456,9633,5884,10086,6398,9503,6071,9929,6420,9490,6138,10150,5566,10667,489,4189,7676,456,7479,8826,708,7055,8915,6891,9045,619,7809,8427,690,6578,9423,6999,8416,740,6898,9184,7166,8905,7710,8614,6603,10303,289,6198,14242,6111,14329,719.0,37014,30345,17351,0.8871972318339101,0.006656780359202505,0.006755643433844126,0.006294282418849893,0.07371889932443566,0.8156862745098039,0.21828966880869996,0.07088482451804251,0.3437798648871313,0.2714540948648493,0.23670105469425393,0.3066682035617544,0.14056826695867675,0.02996945421013198,0.027718824746992898
57,Madison,8104,4800.0,3960,5797,345,4901,7979,196,4987,7399,557,5489,7353,210,4996,7832,5284,7505,4918,7689,5401,7306,5221,7455,4815,7950,5102,7568,5097,7541,5079,7577,5138,7581,4980,7595,3926,6783,560,4271,6287,505,4797,6050,318,4365,6044,4847,5917,4481,6062,5111,5528,4760,5856,4341,6424,4821,5760,4473,6127,4560,6063,4260,5083,220,3503,3667,481,4575,4537,4719,4439,4760,4466,4393,4763,4636,4491,4198,5095,4544,4502,4486,4821,4045,5279,291,3765,4016,225,5435,4566,388,5340,4448,5163,4570,376,5651,4333,369,5071,4706,5211,4133,491,4983,4959,5420,4372,5836,4137,5026,5193,161,4764,8116,4702,8178,461.0,21193,17481,8319,0.9180824895600939,0.012013042732109147,0.004347577369715691,0.003432297923459756,0.030661861449573825,0.7835364109604713,0.27681482752702935,0.08946856587151765,0.27349693953435156,0.26625796369755983,0.21372761149176583,0.2922226229114076,0.1822334415194134,0.029811275393677124,0.018199180251145766
58,Martin,6265,5464.0,3833,4712,171,5911,6531,43,5972,6034,417,6278,6155,42,5827,6500,6224,6068,5953,6257,6512,5764,6511,5730,5647,6655,6013,6239,6007,6209,6027,6220,6115,6173,5834,6245,5845,5896,218,5678,5825,315,5783,6016,36,5783,5644,6172,5312,5982,5284,6708,4644,6418,4843,5622,5922,6279,5054,5775,5553,6420,4941,6511,5966,44,4292,3666,319,7486,4380,7843,4116,7665,4382,6961,5005,7394,4499,6594,5590,7588,4269,7175,5000,6537,5823,103,4331,3890,82,7336,4877,220,7791,4011,7945,3988,169,8639,3611,160,7151,4593,7807,3766,239,6778,5251,7816,3872,9434,2708,6534,5954,6,5406,7036,4931,7511,173.0,22031,17615,9203,0.5463525404484814,0.3984672154413852,0.0042009650865739425,0.0030655691172296337,0.03099630996309963,0.7497019585580471,0.13227363042861198,0.04093102469486233,0.2941243258586432,0.28066934695208084,0.289144844072585,0.3098989459958709,0.08975334130174943,0.015212430729110073,0.018637155369972618
59,Mecklenburg,173888,376145.0,234813,117741,7876,378107,179211,9735,350774,186693,25203,382725,171123,10584,364571,192445,369136,186984,342922,206364,370852,182318,367220,183535,354519,197213,352075,197777,357862,192718,362580,187945,368174,186053,358505,191741,294543,155507,22775,277001,173261,17254,297108,160491,11974,268726,175802,291822,164977,265713,182074,287444,163548,280310,171312,263042,185871,277652,169911,259540,191238,275994,172229,267126,170450,4930,150867,95282,7078,264586,155933,261083,158743,264008,159045,239746,182223,256028,161988,244149,174537,258205,159153,254128,172779,212290,218196,7808,117541,103764,4131,244594,142495,11809,227084,149531,219004,162261,9513,194878,197519,8150,223590,157079,221605,145820,12479,215934,161648,229378,149021,250766,135261,248719,152351,2978,380868,176450,383586,173732,14207.0,1115482,860025,445211,0.4963355716403593,0.29144385337635537,0.06305049271823493,0.005646347489898549,0.13252986831778146,0.7992825789947967,0.41675300136623933,0.14600156972181041,0.14735269323566175,0.13732365103288105,0.20125513520555421,0.29945800979760157,0.2458272594342907,0.11571816509475283,0.8225401008595701
60,Mitchell,6638,1872.0,1353,5024,155,1867,7089,73,1918,6734,288,2090,6828,82,1822,7062,1991,6829,1909,6769,2001,6760,1921,6805,1645,7160,1859,6855,1840,6875,1798,7025,1952,6799,1839,6852,1595,6280,217,1713,5949,276,1997,5820,198,1599,6003,1841,5782,1664,5723,1942,5497,1840,5582,1450,6134,1779,5683,1563,5930,1801,5667,1826,5786,116,1267,3714,228,1860,5020,1984,4965,1926,5108,1741,5275,1879,5085,1696,5418,1868,5049,1788,5469,1640,5819,179,1106,4006,150,2507,4898,354,2262,4838,2127,5027,272,2449,4995,270,1999,5113,2035,4794,355,2033,5164,2239,4857,2695,4619,2237,5499,108,1758,7198,1574,7382,246.0,14903,12246,6417,0.9309162175404213,0.0033480320104523928,0.0037563285970929282,0.002368120202515107,0.03650171484566389,0.8012412216233872,0.20341335946431488,0.07684141760574882,0.2996896945941532,0.2426367461430575,0.26196041764064204,0.32055477637525326,0.14835592956210067,0.013401901199937666,0.026007591291828454
61,Montgomery,8584,4232.0,2667,5834,143,4327,8411,57,4378,7741,580,5068,7622,64,4257,8347,4605,7869,4390,8071,4791,7712,4627,7852,4051,8529,4672,7845,4425,8027,4414,8095,4610,7887,4275,8083,4152,7134,248,4208,6842,396,4660,6660,122,4233,6827,4717,6533,4586,6477,5143,5943,4828,6172,4061,7147,5131,5990,4068,7080,4581,6486,4708,6408,72,3321,4306,456,5790,4983,5593,5130,5563,5307,4659,6205,5682,5114,4534,6356,5456,5239,5080,5891,4322,6734,134,3263,4293,114,5852,5031,352,5426,5383,5600,5216,272,5649,5368,226,5136,5759,5872,4702,359,4968,5962,5908,4878,6590,4482,4928,6158,77,3885,8853,3401,9337,281.0,25751,20177,9298,0.6924220647271646,0.16568369926153542,0.014571046240769193,0.00510482232244635,0.1160727561084403,0.7454031818407097,0.14511572582643603,0.04073945581602815,0.2640630420776131,0.2221983222198322,0.2520972252097225,0.36416433641643364,0.1198107119810712,0.019466551946655194,0.02022740215619661
62,Moore,38921,20612.0,14599,26875,864,20779,36764,796,19633,35683,2508,22973,34312,842,19903,36926,20791,35954,19008,36829,21209,35209,21077,35040,18112,38338,19412,36518,19548,36393,19791,36249,20546,35808,19270,36548,16326,30485,1872,16056,30720,1555,17791,29684,990,15553,30827,17349,29788,16141,30003,18086,28474,17291,28854,13864,32701,17004,29137,15212,31174,17320,28996,16502,29491,338,11328,20467,1091,18382,26011,18574,26085,18375,26418,15139,29355,17059,27262,14711,30005,18472,25897,16441,28577,14789,30457,755,9069,18803,576,19508,24009,1494,21006,22422,17061,25619,1348,17582,26163,1241,16014,26806,16811,24483,1679,14981,28084,17599,25154,22646,21154,17621,27309,297,20238,37305,19648,37895,1515.0,99727,78212,41309,0.7946862374060246,0.10621132307062855,0.012721832966808162,0.007914386539150003,0.0584692886002148,0.8512248759781108,0.36985373088528617,0.1468828312790876,0.3059249220068532,0.1663559999031688,0.1936139824251374,0.3313563630201651,0.2189595487666126,0.08380740274516449,0.05518938614141924
63,Nash,25924,25213.0,16411,18795,552,25948,25827,472,25475,24719,1702,27692,24062,415,25713,26024,27284,24380,25107,26125,27700,23876,30713,20745,24568,27114,25761,25607,26003,25360,25937,25496,26470,25081,25525,25673,23235,23319,1111,23094,23450,933,24647,22486,489,22963,23422,24159,22898,23572,22931,26190,20447,25538,20986,22130,24769,24670,21840,23142,23488,25148,21456,24313,23841,304,16325,16869,1016,27491,20026,27607,20069,27482,20234,24545,23025,25875,21515,23591,24260,27589,19857,24965,22804,23449,24471,441,14402,16243,345,24964,21234,831,25208,20322,25269,20370,708,25837,20531,666,23512,22056,24716,19960,959,22431,23601,24921,20565,35333,11511,23098,23729,223,25208,26567,24518,27257,803.0,94970,74574,38027,0.5248612116823558,0.3810845603025183,0.009520744495400541,0.0075361386005846544,0.06275645667390779,0.7765575133424518,0.19655644058250865,0.05425483412449379,0.23788451739212058,0.22736476713913797,0.24074999342572384,0.3188523943513819,0.17066820943014174,0.03855155547374234,0.06784821774298407
64,New Hanover,63316,68344.0,46784,45009,2225,66138,63330,2361,61701,61416,7201,69554,59305,2417,63690,64917,66430,61958,60611,65295,66924,60528,65495,60965,61641,65377,61407,64895,63063,63382,64472,62319,66365,61366,62307,63591,50998,55379,5584,49012,56189,5070,56392,51137,3235,47597,55936,54456,52496,47593,56369,53787,51512,51301,53425,46980,57826,49016,55548,44617,60459,50669,53818,48670,53395,1575,31443,31525,3425,46736,49422,49104,47692,49504,48401,42983,54168,46865,50534,44512,52391,47023,49023,47690,51395,41635,57117,3170,25067,37418,1445,52666,41841,3954,46954,44820,45002,45928,4537,48456,45454,4138,42852,49064,44042,42776,5428,42589,49255,45225,46312,55453,38930,48844,50303,975,68070,61398,70080,59388,4768.0,225702,184113,98564,0.781052940313829,0.11529332529479179,0.015593684313437942,0.004366883381401639,0.062814684460087,0.8002748312177848,0.3683824607713741,0.12803006849054657,0.22232541971506628,0.19839900978044722,0.20179781664705165,0.29864859380706954,0.21799034130108355,0.0822815632482448,0.4532669270702588
65,Northampton,3696,5327.0,3720,2962,57,6069,3988,7,6004,3720,286,6313,3688,46,6089,3883,6203,3733,5952,3891,6310,3619,6356,3538,5901,4014,6093,3808,6084,3781,6126,3752,6168,3761,5984,3814,6144,3581,116,6064,3510,130,6100,3616,32,6050,3420,6256,3254,6112,3288,6521,2900,6466,2931,5971,3557,6327,3080,6091,3302,6374,3044,7225,3481,10,4355,2106,153,7775,2576,7869,2531,7777,2647,7444,2894,7560,2786,7192,3305,7862,2511,7498,3002,7108,3475,105,4669,2780,89,7278,3107,135,7500,2629,7605,2601,104,7675,2722,104,7308,2767,7480,2520,142,7212,3075,7498,2625,8227,2070,6881,3666,12,5625,4432,5131,4926,93.0,17471,14372,7322,0.4195658224325077,0.5416086835513498,0.001600333982744225,0.003339827442248817,0.014959643751739493,0.7407458947954356,0.15043139437795713,0.05441135541330364,0.31937099916504313,0.3482655012291724,0.26413548210871346,0.22698716197760174,0.12988254575252664,0.019120458891013385,0.012568865816512257
66,Onslow,52063,25615.0,13544,29106,1363,24267,46078,1891,23345,42868,4990,25653,43838,1987,23915,45954,24605,45316,23647,44939,25480,43743,25250,43652,23495,45520,23514,45376,23694,45093,24889,43833,25179,44059,23542,45037,17516,37137,2499,17031,36194,2907,17996,36702,1658,17160,35435,18935,35278,17535,35424,19990,33503,19355,33742,18218,35300,18442,34777,17103,36161,18747,34466,18492,32252,702,10127,19835,1537,19655,28292,20349,27831,20450,28200,18247,30074,18856,29605,18920,29637,19480,28658,19559,29851,16522,32741,1408,8359,17316,713,21344,25677,2256,20878,25135,21114,24643,1983,24557,22613,1965,19585,26361,19799,23911,2575,19659,26538,21077,24845,24553,22508,19502,30286,426,24779,45566,25281,45064,2966.0,204576,157467,69929,0.6893761867565903,0.1333422240850464,0.025643468155232524,0.007334870163272305,0.1249722164008967,0.6455574818850934,0.17650047311500186,0.056322912102218244,0.12513733036128205,0.1834718071186489,0.25899126256631727,0.3512133735646155,0.17612149465886828,0.027556521614780706,0.10364596949228795
67,Orange,19184,64706.0,51131,14212,1243,63594,20175,1227,61214,20861,2449,65041,18810,963,61917,21755,63291,20402,59456,23178,63151,20070,62868,20058,58193,24749,60640,22164,61349,21523,61599,21220,62363,20989,60553,21885,59906,18517,3857,57859,21846,2052,61323,19116,1489,56341,21543,59645,20126,55910,22419,59509,19318,55668,22567,52993,25752,57299,20745,54116,24634,58223,20379,53889,21521,1316,38698,12768,1341,53021,19582,54184,18947,54119,19218,45527,27324,52115,20131,48168,24856,53553,18888,52162,21581,48673,24474,2378,31085,13780,1074,52024,19868,2085,50007,19631,48626,19889,2956,47877,22273,3431,46898,23101,48120,18336,3370,45106,24927,48338,21139,55285,15988,53794,20250,837,62502,21267,61336,22433,2353.0,148696,119527,55774,0.6907811624151865,0.10738996210061325,0.08591364294259875,0.005387903988220235,0.08890878211617459,0.7336417713152676,0.4839826984698018,0.2751428547524827,0.17980874614103926,0.16002079822139348,0.16595546311901602,0.2694983325563883,0.24057804711872915,0.16333775594362965,0.14440991375961465
68,Pamlico,4971,2763.0,2091,3907,142,2712,4848,50,2681,4590,311,2880,4672,71,2681,4875,2752,4777,2701,4790,2887,4637,2995,4518,2546,4962,2683,4819,2676,4819,2779,4722,2790,4748,2644,4792,2448,4257,164,2373,4200,206,2466,4261,99,2360,4191,2498,4150,2432,4102,2723,3872,2724,3859,2428,4200,2531,4045,2334,4241,2622,3926,2648,4051,54,2196,3011,212,2990,3474,3074,3385,2999,3502,2612,3834,2878,3589,2675,3802,3007,3434,2828,3723,2450,4123,131,1792,2813,70,3058,3420,171,3166,3121,3203,3115,171,3963,2538,154,2828,3452,3117,2979,216,2935,3385,3284,2991,3730,2669,2838,3823,38,2510,5050,2332,5228,170.0,12276,10478,5134,0.7627409811032639,0.17121588089330025,0.005439969459820577,0.00448558885283451,0.03368963542660813,0.8334605840809315,0.21864859706050774,0.09706050773048291,0.3483489215499141,0.25769380599922087,0.22458122321776391,0.2902220490845345,0.18991040124659136,0.029411764705882353,0.014085008002845456
69,Pasquotank,10134,9494.0,6467,7304,389,9831,9769,295,9421,9490,736,10061,9448,301,9724,9833,9886,9590,9442,9911,10173,9288,10133,9291,9481,9914,9840,9556,9721,9661,9915,9463,9881,9547,9641,9653,8614,8180,596,8578,8083,443,8774,8071,335,8529,8027,8936,7810,8713,7854,9323,7308,9173,7411,8614,8067,9076,7510,8392,8183,9110,7563,10282,7633,182,5484,4494,199,10688,6532,11031,6263,10780,6602,10060,7225,10675,6635,10255,7071,10642,6593,10623,6852,10083,7138,482,4841,4575,186,9900,7602,359,10961,6141,10761,6048,491,11443,5939,376,10214,6839,10652,5845,664,10425,6697,10656,6469,11116,6106,10271,7777,98,9325,10275,8805,10795,457.0,40568,31964,15252,0.5621011137529721,0.3546489801026154,0.012357652358903766,0.005162057314478789,0.04526967838818671,0.7807533475159555,0.227349518207984,0.07764985608809911,0.21740082592917032,0.21918436926304746,0.2153160241279832,0.3237608182533438,0.20521898767374772,0.033110411749278784,0.06903781355297642
70,Pender,24317,12895.0,7548,15466,511,11723,21957,490,11272,20659,1827,12600,20854,552,11517,21898,12060,21204,11437,21483,12293,20854,12128,20901,11170,21888,11243,21816,11610,21447,12001,20996,12372,20884,11397,21457,9348,17623,891,9081,17165,1160,10180,16607,683,8889,17367,10290,16460,9190,17111,10447,16074,9918,16520,9104,17433,9451,17020,8855,17569,9700,16674,9628,14609,275,6300,9086,983,9865,13590,10390,13151,10259,13431,9348,14143,9707,13905,9440,14184,9753,13612,9903,13983,8722,15104,520,5883,10251,332,11169,11140,1145,10217,11771,9966,11827,1140,10996,11239,1164,9635,12384,9759,11281,1344,9491,12634,10291,11636,12019,10461,9880,13590,217,11202,22478,10755,22925,1289.0,60203,46608,22785,0.7693099897013388,0.1336036731891521,0.0053638860281496736,0.005835907998626845,0.06432372124957089,0.8185504634397528,0.2712838997596979,0.0920871953312736,0.22725712324064537,0.17327188940092167,0.19872723282861532,0.30686855387316214,0.2547289883695414,0.06078560456440641,0.026678040458201317
71,Perquimans,5037,2267.0,1559,3813,96,2491,4903,86,2382,4818,227,2638,4757,77,2472,4956,2532,4859,2449,4904,2682,4699,2665,4711,2411,4984,2673,4698,2517,4844,2526,4828,2581,4831,2482,4869,2319,4177,212,2281,4152,128,2357,4160,58,2306,4059,2461,3961,2379,3971,2689,3705,2585,3816,2382,4042,2793,3608,2321,4051,2570,3809,2758,3822,65,1533,2500,55,3042,3293,3132,3225,3016,3376,2843,3492,3180,3196,2828,3545,3061,3256,2974,3426,2756,3544,160,1475,2558,58,2771,3464,130,3161,2875,3111,2861,148,3437,2761,123,2905,3109,3270,2675,179,2894,3197,3112,2939,3241,2853,2771,3678,40,2190,5204,1908,5486,135.0,13005,10592,5738,0.7384818731117825,0.20704305135951662,0.0032099697885196376,0.003493202416918429,0.018032477341389727,0.7928625377643505,0.18608383685800603,0.07958836858006042,0.33742447129909364,0.22464273265946322,0.2305681422098292,0.307598466364587,0.2145346810735448,0.013942140118508192,0.020315138488166296
72,Person,12997,8296.0,5906,9201,332,8466,13184,229,8476,12192,915,9301,12297,177,8283,13010,8920,12158,8226,12499,9312,11695,9165,11747,7660,13578,8412,12478,8325,12463,8506,12387,8743,12225,8212,12438,7833,11185,597,7766,11033,565,8399,10770,303,7635,10953,8655,10008,8024,10255,9565,8871,8939,9325,7236,11513,8510,9837,7529,11044,8914,9621,8417,10495,147,5451,6665,560,9802,7840,10131,7698,10069,7877,8021,9795,8987,8531,7838,10153,9570,7984,8765,9241,7783,10672,361,5031,6307,246,9222,8599,508,9217,7736,9294,7848,488,9589,8242,495,8134,8960,9157,7265,623,8006,9322,9405,7483,12417,5308,8446,10029,124,7601,14049,6768,14882,511.0,39097,30963,15977,0.6733197687562574,0.25007266737719214,0.0031004747601976555,0.007072958046700901,0.04540903659206149,0.7950456997061008,0.1582856958305074,0.042308561831863836,0.24994348092885058,0.21286849846654565,0.24791888339488014,0.29229517431307506,0.20792389059272703,0.03617700444388809,0.03847520225633536
73,Pitt,37827,46168.0,27642,26085,1159,47251,38982,1339,45598,37946,3356,48994,37209,1183,46128,40177,47821,38177,45367,39776,49009,36736,49963,35757,44583,41003,46132,39363,46665,38853,47298,38296,47523,38264,45573,39193,41826,35695,3012,40065,37155,2435,41919,36709,1323,40020,36428,42431,35395,40685,36013,44324,32828,43524,33345,39496,37732,41696,35044,38772,38284,42207,34825,41770,36164,681,22709,21178,1467,43007,32886,44136,32082,44369,32032,40764,35423,42326,33581,40450,35935,44406,31617,42410,34550,38809,37946,1399,19784,21277,390,41066,31211,1578,41211,29767,41390,29338,1702,43811,28498,1500,38596,32551,40358,28774,2072,38334,32867,41944,29057,48792,23449,40258,33785,349,46726,39507,46248,39985,1825.0,170243,132273,71581,0.5518737762052724,0.34034912642791804,0.018756662357397202,0.004142946784302163,0.06460880149388008,0.7277902519788619,0.2668496216159004,0.10011113379147672,0.17630204198891686,0.2357748564563222,0.2527626046017798,0.2945893463349213,0.1733979687347201,0.04013634903116749,0.10075786047199822
74,Polk,7875,4691.0,3637,5686,235,4519,7690,132,4436,7395,422,4864,7280,148,4437,7736,4543,7572,4310,7635,4617,7417,4561,7461,4332,7712,4395,7600,4386,7616,4475,7551,4564,7519,4440,7560,3735,6773,431,3971,6366,383,4302,6230,251,3890,6354,4051,6419,3843,6428,4239,6126,4069,6315,3883,6504,4003,6262,3741,6558,4025,6314,4013,6240,90,3079,4156,288,4308,5528,4442,5411,4389,5554,4069,5799,4282,5578,4143,5780,4218,5600,4210,5848,3955,6068,248,3051,4420,207,4972,5053,449,4851,5044,4817,5011,367,4918,5071,407,4494,5350,4564,4910,434,4613,5356,4752,5168,4991,5055,4396,5994,175,4467,7742,4430,7779,369.0,19328,16204,8616,0.8927425327079733,0.03462108121451493,0.002900518390520859,0.004196494692668477,0.040607257467292025,0.8582448778079487,0.30091335472722786,0.1098494198963219,0.3637990619600099,0.19173630454967502,0.27924791086350975,0.30559424326833795,0.17862116991643454,0.036443825441039926,0.03139629703028196
75,Randolph,57332,15758.0,9313,38029,1003,15617,56894,750,15973,53357,3240,18929,53175,762,15515,56749,17067,54853,16748,54641,17312,54284,16900,54501,14150,57829,15249,56275,15732,55531,16017,55299,17145,54703,15690,55545,13198,49446,1951,13211,48064,2732,16379,46385,1460,13132,48431,15795,46901,13876,47773,17133,44685,15698,45559,12126,50411,14852,46949,12027,50270,14432,47361,14745,45106,675,8198,26900,1668,18454,39996,17386,40770,17735,41016,13668,45208,15901,42533,12935,46232,16697,41341,15250,44032,12915,46528,1156,6646,25009,1019,20032,35250,2703,17389,37879,17736,36995,2097,19329,36436,2241,15441,40341,16841,36271,2683,14091,42287,18765,36501,25077,32087,16414,41000,722,14525,57986,13066,59445,2217.0,144171,112315,56257,0.8024217602279303,0.060196768018519344,0.013862796598851444,0.007933045452521924,0.10622801940969595,0.7504251435694252,0.14352490762587367,0.038561189511641364,0.2273427413969639,0.2260696446664415,0.2563236575003999,0.3266615710044972,0.16277085518246617,0.0232148888138365,0.07115202105970717
76,Richmond,11404,7876.0,5030,7316,214,8753,11830,103,8511,11002,918,9623,10740,193,8755,11456,9168,10958,8497,11367,9580,10434,9284,10688,8508,11540,10999,9330,8793,11119,8998,10966,9360,10680,8651,11057,8506,10393,444,8435,9741,704,8954,9853,269,8557,9374,9535,8685,9268,8581,10256,7708,9644,8124,8412,9720,13095,5605,8355,9792,9380,8578,9904,9332,83,6515,5667,746,11757,6332,11879,6204,11781,6596,10081,8348,14104,4939,10077,8280,11338,6703,10911,7576,9119,9795,334,6454,5506,180,11057,7010,702,10808,6871,10657,7061,471,10675,7766,375,10060,7857,13892,4418,433,10066,7749,11592,5976,12471,5655,9586,9316,109,7767,12808,6921,13654,439.0,42946,33238,16335,0.5891750406161622,0.2930080028882604,0.008664781274444913,0.02370780432035622,0.05620073409952464,0.7297069619110657,0.15602623503219207,0.055117636440219026,0.23157229676875865,0.338475665748393,0.2322620140801959,0.2928068564432201,0.11974288337924702,0.007040097949188858,0.03500483755672005
77,Robeson,28364,17256.0,10735,15731,460,19019,27807,182,19135,25211,1603,22281,23888,239,19565,25712,20543,24415,19832,24640,22017,22819,21327,23447,19326,25440,20505,24411,20062,24614,20717,24078,22180,22807,19554,24443,19001,20750,1079,19037,19781,740,18521,21293,180,19942,17867,21395,16849,21874,16054,23097,14875,22017,15696,21467,16760,21317,16605,19602,18543,21291,16773,24985,17513,334,13086,10753,893,28247,12661,29553,11497,29265,12030,27359,13972,28159,12793,28144,13161,28653,12116,28011,13496,25471,16115,733,12001,10550,177,23797,16163,528,26319,12468,27410,10860,960,28478,11271,489,25077,13842,26827,11061,1034,26288,12583,28049,10613,29651,9470,23056,17435,204,15006,31820,11617,35209,756.0,116530,88455,41381,0.28518455711943924,0.22966480131140127,0.008580634220790232,0.3785766774065909,0.08165733989033971,0.6630377027867277,0.11998191170651744,0.039975128596461476,0.19968345486405517,0.3456900509895846,0.268915685942824,0.25644619511369954,0.10731978444213527,0.009956260119378458,0.04749671175043296
78,Rockingham,31805,15888.0,10111,21618,839,15992,31301,491,16190,28971,2153,18198,28891,564,15871,31171,16993,29960,16192,30302,17343,29355,16901,29631,14323,32617,16150,30496,16624,30022,16207,30328,16994,29778,15853,30432,14225,26822,1219,14190,26148,1537,16331,24824,849,14464,25680,16151,24735,14822,25278,17315,23048,16214,23782,12751,28372,15830,24413,13486,27144,15165,25246,16349,25221,421,10553,15985,1567,18987,20947,18801,20928,18761,21525,15879,24430,17979,21938,14411,26518,17790,21839,17222,23506,15060,25884,786,8414,15975,798,19831,19724,1706,18815,20098,19148,19559,1472,20424,19240,1551,17375,21910,18675,18862,1754,15090,25129,19634,19240,22591,17576,17252,23894,451,14654,32639,13327,33966,1432.0,91096,72783,38195,0.7370677218581262,0.18487833697429346,0.005440830963274391,0.004643941579764505,0.05155049942981191,0.7585012983801163,0.14054106041245895,0.04516164488960334,0.2568731709327728,0.25974604005759916,0.2668412095824061,0.29655714098704017,0.15020290613954707,0.020473884016232492,0.062181951971036
79,Rowan,49732,22606.0,14281,32765,1149,23119,49301,997,22619,46450,3687,25479,46681,1070,22999,49235,24758,47341,22582,48622,24875,46934,24307,47298,21350,50396,22636,49087,22739,48744,23242,48378,24345,47453,22641,48563,19419,42840,2161,19246,41259,3224,21652,40840,1631,18937,42132,22872,39561,20609,40844,23502,38157,21965,39350,18382,43576,20939,40672,18464,43479,20795,40738,22667,38802,887,13542,23245,2286,26044,33579,24888,34526,25344,34641,20989,39190,23078,36584,20730,39468,24412,34950,22302,38321,18079,42977,1024,11945,23160,959,25501,32668,2458,24365,33143,23168,34141,1952,22210,36979,1463,22346,35869,23595,31752,2710,21319,36983,25419,32137,29982,28983,23118,37115,705,22682,49738,22150,50270,2256.0,146875,114968,56043,0.728454874399833,0.15351228167838007,0.010550761951151625,0.005010089764108274,0.08576299492032566,0.7701186417089972,0.17636211815461694,0.051605664184816644,0.22469730707675178,0.22645111789161892,0.23851328444230324,0.3276769623324947,0.1664614670877719,0.03715004550077619,0.11084177869075766
80,Rutherford,24885,8560.0,5537,17331,573,9135,24892,354,9137,23596,1335,10470,23438,335,9176,24672,9573,24198,9139,24264,9871,23749,9505,23995,8831,24803,9206,24237,9245,24254,9315,24249,9641,23999,9152,24275,7510,21860,923,8238,20355,1151,9508,19663,727,7778,20799,8758,20377,8295,20377,9778,19047,8989,19895,8381,20602,8976,19834,7859,21090,8728,20055,9372,18948,340,6622,11715,1109,11241,15973,11321,15941,11125,16314,10020,17407,10980,16245,10275,17130,10708,16389,10620,17109,12200,16001,488,5622,12618,457,12631,14635,1095,11804,14923,16429,11217,643,11942,15255,930,10659,16290,11143,14775,1059,11359,15508,12166,14525,13129,14027,9639,18763,267,8927,25100,8454,25573,924.0,64444,51419,25983,0.839767401155215,0.09072521830451778,0.0053482175849394195,0.0034423073183064627,0.039537914000661235,0.7775530445944107,0.1786304673369766,0.05904432213773119,0.2729341294074175,0.26809837201246967,0.2747180849016665,0.2970403725512835,0.1181926644344379,0.03336797136589308,0.04400478805744303
81,Sampson,17404,10166.0,6044,11573,170,10967,17415,131,10819,16524,1021,11892,16407,134,10953,17257,11471,16637,10891,16981,12024,16094,11670,16364,10272,17820,11032,17026,10946,17009,11115,16897,11573,16484,10725,16906,10559,14857,543,10280,14839,529,10578,14955,198,10375,14462,10979,13991,10648,14030,12327,12552,11492,13127,10014,15030,11064,13703,10399,14429,11433,13396,11575,14437,111,7415,9286,689,13142,12279,13527,11989,13534,12145,11876,13617,12338,13057,11486,14247,13085,12288,12333,13338,11337,14520,215,7592,9909,139,13156,12177,475,13186,11707,13344,11635,353,13607,11843,330,12295,12672,12957,11525,510,11912,13237,13031,11850,15949,9368,11771,13969,66,9739,18643,8506,19876,405.0,59036,44936,21219,0.5596848851700196,0.24704023500089015,0.0041169663521452736,0.021252447925939114,0.16774968844578958,0.725053409293217,0.13047445255474452,0.03772031333452021,0.23446679722271677,0.26033272067486685,0.2776756680333663,0.28469767661058487,0.15142089636646403,0.021066025731655592,0.024096867480698548
82,Scotland,7345,6937.0,4358,4922,166,7185,7473,58,6850,7065,545,7670,6821,79,7104,7257,7252,7024,6999,7176,7621,6662,7507,6695,6911,7356,7420,6818,7145,7032,7280,6949,7454,6824,7058,7065,7316,6246,352,7158,6104,244,7347,6083,110,7277,5664,7418,5698,7499,5444,7979,5029,7775,5149,7117,5973,8053,5059,7049,5990,7658,5404,8215,5831,51,5629,4153,330,8851,4399,9051,4339,8973,4483,8386,4996,8958,4461,8256,5146,8797,4535,8609,4920,7994,5556,299,4596,3609,77,8495,5243,180,8475,4746,8645,4438,357,8770,4841,195,8075,5111,8702,4405,314,8079,5133,8867,4243,9405,3954,8152,6005,14,6396,8262,5703,8955,237.0,34174,26845,12076,0.45345501955671447,0.3742223877817098,0.009424473831253492,0.10195567144719687,0.03099273607748184,0.7030731979884522,0.13484820264481281,0.04570683553734401,0.22756565468429876,0.340427293805896,0.258198078834051,0.2724412056972507,0.1042563762835376,0.014408744617422987,0.04134340040818351
83,Stanly,27079,8182.0,5164,17927,535,8129,25459,257,8044,23890,1635,9413,24022,300,8053,25113,8977,24063,8010,24664,9093,23835,8734,24148,7561,25509,8299,24600,8150,24618,8162,24708,8749,24203,7998,24689,7093,21963,858,7254,20830,1559,8162,21053,600,6859,21583,8792,20135,7989,20392,9523,18953,8668,19631,7073,21629,8844,19593,6950,21706,8139,20311,8427,19869,301,5427,12489,1306,10966,16165,10525,16518,10448,16951,8434,19075,9880,17242,8568,18820,9930,17044,8861,18928,6718,21489,376,5267,13001,278,10786,16386,1152,10131,16672,9811,17217,771,8990,18856,569,9120,18068,9837,16193,1166,9197,17802,10623,16206,12871,14720,8859,19312,211,7587,26001,6967,26621,984.0,62504,49264,23978,0.8069787268593699,0.11075024358557974,0.016340532640467684,0.004546930821695355,0.039257875933744725,0.7720850925625203,0.1606446898343618,0.045083631049041895,0.2447629100357259,0.204353991158562,0.23796813745933773,0.32513137042288764,0.19530402869296856,0.02840103428142464,0.06108272710570447
84,Stokes,20578,5442.0,3826,13900,490,5287,20145,273,5611,18600,1270,6568,18851,265,5328,20044,5917,19361,5666,19397,6179,18987,5982,19070,4790,20396,5490,19618,5511,19530,5589,19466,6062,19129,5337,19635,4666,17118,769,4774,16700,975,6178,15727,564,4929,16435,6050,15855,5215,16322,6941,14604,6122,15333,4645,17195,5857,15670,4538,17151,5407,16196,6014,15227,346,3741,9476,943,7485,13326,7379,13323,7546,13401,5623,15310,6787,13981,5512,15594,6870,13770,6628,14485,5515,15571,519,3614,10113,386,8331,12448,1046,7679,13098,7859,12653,845,8834,12009,927,6980,13994,7483,12376,1100,6380,14789,8389,12436,9476,11964,6871,14482,379,4626,20806,3912,21520,898.0,44520,36049,18884,0.9057948902882188,0.03819800826652612,0.0037171627507004354,0.003994562955976587,0.026436239562817276,0.7849038808288719,0.12577325307220727,0.04721351493800106,0.26158839357541125,0.2164795594153781,0.25132387206100404,0.3565452234696039,0.15409870790086846,0.017475111205253125,0.0382542913633118
85,Surry,27470,8702.0,5838,18302,576,8720,27536,341,9267,25473,1560,10871,25365,332,8853,27261,9621,26449,9082,26699,10129,25792,9776,25980,8010,28007,8924,26827,9061,26697,9108,26692,9849,26147,8780,26953,7493,23702,1037,7514,23172,1163,9631,21742,613,7877,22625,9401,21717,8367,22177,10664,19984,9489,21166,7392,23648,9105,21510,7040,23849,9127,21676,9032,19817,426,5900,12296,1077,11378,16567,11864,15921,11580,16495,8540,19521,10657,16981,8389,19803,10651,16839,9708,18594,7921,20637,605,5791,12724,338,12624,15829,998,12138,15846,12103,15849,812,13159,15376,916,10495,17762,11680,15479,948,10052,18375,12888,15167,14563,14249,10482,18753,320,7798,28458,6888,29368,973.0,71359,56438,28679,0.8547786952053581,0.03504730855097629,0.005102944824409086,0.004429639604521776,0.09415641943371487,0.7269747333356958,0.16988553811261917,0.05478578262872533,0.26168538927672846,0.2745562955472646,0.22162557969245789,0.31252833083440845,0.15921057219568324,0.02625614561177168,0.051726625015131845
86,Swain,3972,2702.0,1708,2884,184,2780,4160,127,2697,3846,429,3043,3847,139,2707,4142,2875,3944,2665,4031,2916,3857,2873,3868,2672,4111,2771,3970,2734,3977,2799,3943,2896,3884,2734,3957,2196,3565,363,2321,3324,349,2663,3096,268,2300,3236,2642,3128,2423,3169,2779,2887,2624,3015,2394,3298,2590,3039,2342,3329,2532,3157,2618,2976,111,1964,2045,361,2778,2562,2862,2505,2838,2566,2619,2760,2774,2584,2664,2727,2784,2551,2765,2706,2532,2953,206,1878,2143,149,3265,2248,269,3140,2272,3010,2425,207,3427,2147,204,2929,2510,2962,2292,231,2951,2489,3156,2269,3319,2210,2805,2900,92,2696,4244,2657,4283,282.0,14117,10975,5454,0.6585876993166287,0.008382687927107061,0.004009111617312073,0.26277904328018226,0.033804100227790436,0.741503416856492,0.18596810933940774,0.07061503416856492,0.23699316628701594,0.2607260726072607,0.24972497249724973,0.2687935460212688,0.20168683535020168,0.011184451778511184,0.010328391186810212
87,Transylvania,11225,8585.0,6868,8832,471,8444,11637,324,8158,11209,838,9226,10800,299,8238,11858,8525,11494,7983,11799,8735,11196,8560,11286,7794,12111,8083,11683,8183,11653,8241,11565,8454,11516,8151,11666,6557,10520,791,6750,10221,695,7599,9550,529,6654,10177,7206,10077,6617,10325,7493,9614,7157,9954,6226,10914,6966,10034,6413,10613,7083,10016,6825,9633,303,5478,6944,684,7004,8864,7277,8667,7237,8805,6486,9387,7040,8811,6265,9723,7089,8742,6859,9320,6204,9879,470,4867,7182,316,7918,8218,680,7738,8236,7407,8428,573,7844,8230,661,7325,8573,7358,7958,710,7029,9015,7676,8296,8567,7652,7274,9402,233,8764,11317,8994,11087,654.0,32986,27299,14105,0.8954906773141873,0.02919520861570021,0.00505513022455035,0.0034067181948056707,0.04117366936517821,0.8442067474999084,0.3246272757243855,0.11784314443752518,0.35869445767244224,0.18092874867068415,0.26579227224388513,0.33307337823466854,0.1695852534562212,0.0423963133640553,0.033661038465384825
88,Tyrrell,1001,694.0,481,769,29,758,1044,12,778,945,59,811,974,14,741,1014,802,939,720,1002,850,886,827,909,699,1058,789,949,749,976,780,959,789,966,750,959,720,975,37,695,940,71,704,990,28,736,885,796,848,754,831,910,696,812,776,718,935,856,766,749,850,841,764,837,931,13,569,592,71,967,645,1001,626,1007,644,909,711,991,643,838,844,982,643,934,752,812,919,30,609,693,27,984,832,62,1071,641,1167,594,50,1283,546,49,1033,679,1119,574,59,1010,769,1122,598,1371,442,933,960,14,720,1082,685,1117,41.0,3245,2574,1336,0.614996114996115,0.29526029526029524,0.015151515151515152,0.000777000777000777,0.05827505827505827,0.7393162393162394,0.10528360528360528,0.0337995337995338,0.28477078477078477,0.29191616766467066,0.22380239520958084,0.38023952095808383,0.06736526946107785,0.0007485029940119761,0.0032061827455002285
89,Union,82949,50961.0,31355,56882,1867,48725,80382,1904,45096,79645,5103,51305,77305,1860,46401,81416,48331,79595,44491,81471,48263,79040,47560,78852,45020,81608,45021,81253,45937,80622,46399,79957,47638,79461,45596,80916,34338,66713,4666,32117,67899,4385,35923,66745,2388,30606,69249,36024,65804,31844,67960,35724,64800,34109,66256,31097,69138,34164,65800,30446,69961,33161,66990,32473,61107,1148,19057,37601,2239,35196,54841,34165,55585,33890,56726,29403,60918,33251,56380,30330,59658,32987,56422,31338,60207,24407,68095,1573,14184,34656,1123,32716,49185,2956,30030,49910,28163,52770,2050,25145,58475,1658,28967,51640,29492,48406,2892,28531,51884,30753,49424,36048,46118,31189,54123,777,50975,78132,52985,76122,3528.0,238267,173864,79370,0.7200628077117747,0.11411793125661436,0.03715547784475222,0.004980904615101459,0.10865389039709197,0.7928840933143146,0.33488243684719093,0.10880918418994157,0.1724853908802282,0.09579186090462391,0.1675696106841376,0.2933728108857251,0.2946957288648104,0.1448280206627189,0.14539211576353026
90,Vance,8038,11561.0,7097,5620,250,12431,8391,149,12246,7876,692,13159,7608,163,12407,8287,12917,7780,12038,8450,13264,7367,12905,7624,11909,8748,12529,8064,12347,8172,12482,8063,12673,7937,12213,8158,12229,7331,416,12056,7362,344,12266,7381,193,12015,7151,12681,6621,12409,6716,13535,5659,12886,6173,11697,7589,12740,6351,12129,7062,13021,6154,13323,7428,86,8524,5030,440,14435,5753,14665,5651,14653,5722,13440,6781,13960,6169,12982,7360,14287,5865,13677,6676,12879,7647,197,8136,5523,259,13817,6498,358,14186,5788,14109,5921,293,13983,6379,305,13399,6537,13935,5678,354,13023,7090,14147,5695,16333,3980,13079,7583,72,11607,9215,10748,10074,306.0,42578,32871,16123,0.42383864196404125,0.48720756898177725,0.0062365002585865964,0.0037723221076328677,0.06948373946639895,0.746189650451766,0.15119710383012383,0.0491010313041891,0.24170241246083174,0.2714755318489115,0.28189542889040503,0.2699249519320226,0.155988339639025,0.01612603113564473,0.06513405272771218
91,Wake,225264,395161.0,281375,160818,11003,393303,226160,12295,367687,232352,27119,410350,209148,10102,380553,240044,391537,228593,361079,250906,395470,220514,394148,219350,343876,272460,369316,242198,373405,236222,376980,233995,381739,234315,369605,241021,302620,196008,28795,290175,217708,16526,315434,199282,11658,282445,217694,308498,203300,282684,220878,312463,194244,293802,210443,252146,255192,298076,203222,275692,232117,302370,202347,267233,211560,7014,180014,136214,10155,279767,184521,290782,178375,280441,187101,225294,240355,267139,194706,226363,241575,300478,162901,260744,211122,233797,234545,13584,133309,136110,6624,245747,179398,13153,244081,174059,228811,183449,15276,224007,197211,16484,212426,207257,226712,175062,17818,202052,219043,223264,195506,288345,139297,250864,186969,4352,400650,218813,408152,211311,18559.0,1129410,860079,430876,0.6140342921987398,0.18331106793678256,0.08280983491051404,0.004843741098201444,0.0978944957381822,0.82945868925994,0.48770752454135025,0.19074643143246145,0.1551485386807491,0.10985991329291954,0.16606401841829205,0.27721432616344377,0.3035397655009794,0.14248414857174685,0.5224932896245243
92,Warren,3692,6027.0,4343,2752,63,6399,3753,137,6437,3521,306,6717,3497,57,6527,3734,6710,3532,6349,3882,6793,3467,6728,3502,6278,3974,6537,3682,6507,3727,6514,3710,6620,3635,6506,3720,6436,3217,215,6359,3262,179,6491,3222,83,6416,3169,6623,3039,6535,3058,6929,2702,6754,2867,6267,3406,6739,2859,6500,3119,6770,2832,7002,3142,18,4456,2034,168,7473,2422,7455,2453,7403,2513,6948,2895,7183,2650,6740,3152,7364,2431,7092,2837,6627,3303,97,4199,2185,63,7120,2750,139,7338,2424,7200,2549,121,7135,2695,152,6973,2787,7245,2402,146,6781,3018,7246,2484,8089,1744,7108,3065,14,5923,4229,5417,4735,129.0,18642,15292,7618,0.4176693696050222,0.47613131048914464,0.0033350771645304735,0.04976458278838609,0.030408056500130787,0.7668715668323306,0.13307611823175516,0.04322521579911064,0.3078080041851949,0.32593856655290104,0.27303754266211605,0.2333945917563665,0.11800997637175112,0.03898661065896561,0.01676268508685718
93,Washington,2655,3161.0,2003,1995,55,3397,2781,10,3330,2584,232,3531,2624,23,3357,2761,3483,2608,3303,2738,3553,2526,3540,2538,3244,2844,3460,2626,3358,2701,3430,2647,3427,2661,3298,2715,3510,2564,83,3393,2534,155,3386,2665,31,3468,2457,3625,2331,3516,2382,3831,2092,3678,2177,3405,2567,3669,2218,3479,2408,3617,2288,3834,2622,30,2649,1769,188,4157,2124,4223,2082,4228,2138,4048,2275,4175,2147,3865,2517,4163,2131,4126,2264,3825,2591,56,2475,1980,59,4089,2145,139,4163,1952,4295,1871,106,4692,1608,77,4106,2008,4303,1746,134,3980,2222,4323,1786,4863,1386,3711,2631,24,3133,3045,2863,3315,90.0,11003,8850,4894,0.4856497175141243,0.46937853107344635,0.0032768361581920905,0.0023728813559322033,0.02361581920903955,0.7404519774011299,0.11050847457627119,0.01638418079096045,0.3150282485875706,0.42378422558234574,0.21659174499387004,0.2897425418880262,0.04863097670617082,0.0073559460563955865,0.012260183763474168
94,Watauga,13560,17623.0,11676,10454,654,17122,14451,647,16194,14217,1469,17642,13791,608,16437,14856,16937,14309,15545,15040,17046,13874,16725,14010,15635,15270,15994,14733,16337,14382,16277,14459,16775,14222,15912,14609,14136,13694,2149,13834,14256,1427,15648,13070,1028,13327,13940,15036,13326,13517,14059,15121,12742,14268,13271,13332,14554,14127,13357,12681,15087,14345,13377,13000,13858,763,7829,8231,904,13005,12330,13357,12054,13336,12333,11536,13995,12641,12602,11916,13699,12759,12503,12609,13442,10929,14885,1254,7005,9277,517,14251,12461,1211,13694,12011,13098,12260,1339,13370,13274,1116,12662,13216,12666,11608,1599,12583,13272,13351,12369,15225,11317,14557,13343,469,17838,13735,18620,12953,1296.0,54086,46590,20499,0.8483150890749088,0.042562781712813906,0.018008156256707448,0.0022107748443872077,0.06160120197467268,0.6206267439364671,0.29772483365529084,0.13399871216999357,0.18353723975101954,0.27089126298843846,0.23664569003366018,0.2663544563149422,0.16947168154544123,0.04639250695155861,0.06684033999767666
95,Wayne,30969,22235.0,13990,20723,564,24216,30709,594,23528,29174,2242,25589,29057,671,24003,30641,24895,29648,23371,30551,25820,28592,25396,28810,22795,31667,23996,30184,23784,30363,24254,29993,24698,29655,23596,30346,21769,27542,1379,21284,27531,1288,21858,27822,658,21021,27415,22724,26227,21721,26562,24612,23979,23383,24970,20710,28144,23025,25237,21126,27400,23314,25193,23280,27613,235,14011,17869,1084,25367,24331,26119,23836,26126,23982,23024,26778,24842,24902,22661,27467,25410,24207,23923,26318,22074,28228,699,12208,18342,326,23964,24383,1071,24116,22821,24645,22417,936,25703,22625,909,22226,24719,23814,22266,1075,21667,25756,23914,22928,30184,17749,22668,26960,177,23579,31346,22900,32025,993.0,117333,90502,46781,0.5597997834302004,0.3028441360411925,0.014629510950034253,0.005403195509491503,0.10294800114914587,0.7407018629422554,0.17721155333583788,0.050695012264922325,0.2153875052485028,0.230157542592078,0.27769821081208185,0.2993523011479019,0.15940232145529168,0.027960069258887155,0.08178573146275822
96,Wilkes,28259,6551.0,4769,19294,482,7506,27557,344,8068,25457,1508,9530,25438,329,7541,27226,8381,26288,8176,26114,8536,25887,8302,25960,6884,27713,7604,26717,7648,26639,7775,26585,8453,26068,7624,26594,6635,23731,905,6746,22832,1316,8276,22227,621,6738,22878,8281,21729,7298,22026,9108,20237,8272,20831,6633,23089,7978,21324,6538,23118,7349,22029,8140,20491,443,4893,12549,1114,10046,17413,9352,17821,9866,17801,7890,19733,8982,18324,7498,20408,9013,18131,8313,19887,7041,21429,589,5615,13219,628,11019,17186,1383,9919,17494,10265,17254,1110,11673,16760,1080,9113,18659,9790,16558,1479,8605,19644,10959,16533,12841,15801,8926,20265,501,6610,28453,5567,29496,1106.0,65969,52651,27290,0.884826499021861,0.040284135154128126,0.0049571708039733335,0.002924920704260128,0.054224990978328995,0.7391312605648516,0.1531025051755902,0.04463353022734611,0.2731951909745304,0.25943569072920486,0.2860388420666911,0.297031879809454,0.12678636863319898,0.02158299743495786,0.03379517874780228
97,Wilson,18934,20123.0,12504,13309,430,20754,19581,331,20445,18643,1324,22014,18305,287,20669,19616,21665,18518,20075,19783,22260,17894,22198,17801,19749,20425,20662,19289,20871,19095,20857,19155,21055,19014,20435,19330,19663,17531,941,19435,17642,794,20471,17161,362,19307,17614,20221,17311,19813,17069,22131,14893,21251,15562,18827,18394,20582,16303,19384,17606,21128,15887,20875,17955,248,13325,11750,681,22789,14994,23524,14552,23274,14822,20703,17146,21620,16179,20165,17942,22930,14758,21144,16995,20058,18290,444,13631,12421,431,20777,15385,545,20866,14675,20840,14711,542,21088,15111,504,19416,16133,20412,14598,597,18850,17048,20714,14792,25035,11151,19653,17376,96,19884,20451,18980,21355,602.0,78784,61055,32074,0.502219310457784,0.3775939726476128,0.011039226926541643,0.005847186962574728,0.09224469740398002,0.7283760543772009,0.17806895422160346,0.06017525182212759,0.23698304807141102,0.27302487996508074,0.24075575232275362,0.29170044272619566,0.16184448462929477,0.02656357174035044,0.08275656330849782
98,Yadkin,15791,3613.0,2405,11116,356,3763,15934,227,4036,14799,934,4777,14911,211,3775,15895,4231,15380,3976,15514,4396,15134,4261,15201,3311,16291,3832,15666,3872,15585,3895,15582,4236,15327,3767,15625,3160,13882,584,3162,13706,669,4034,13194,356,3144,13732,4032,13061,3375,13417,4642,12108,4065,12630,4241,12934,3978,12786,2841,14093,3691,13118,3958,12579,278,2356,8311,614,5243,10792,5050,10771,5048,11032,3613,12506,4557,11327,4320,12093,4472,11306,4130,12113,3339,13070,355,2374,8924,286,5720,10557,731,5009,11005,5216,10834,542,6060,10362,582,4314,11890,4807,10601,749,3792,12745,5511,10460,6850,9771,4528,12410,211,3496,16201,3096,16601,589.0,37214,29484,14851,0.8567358567358567,0.030118030118030117,0.004273504273504274,0.004884004884004884,0.09184642517975851,0.7698073531406865,0.12440645773979107,0.026963776963776963,0.24738841405508072,0.23372163490674028,0.25398963032792404,0.31654434044845464,0.147464817184028,0.04296007002895428,0.04289818051034241
99,Yancey,7303,3540.0,2945,5705,235,3688,7516,148,3832,7038,409,4147,7105,122,3767,7431,3958,7200,3831,7126,4057,7013,3985,6825,3643,7439,3899,7138,3864,7148,3892,7137,3935,7134,3799,7125,3197,6386,379,3566,5958,371,3932,5846,230,3563,5891,3999,5620,3705,5640,4116,5299,3905,5458,3642,5885,3930,5459,3701,5721,3834,5624,3980,5279,192,3459,4344,429,4341,4724,4513,4603,4477,4692,4285,4883,4407,4713,4193,5028,4413,4633,4242,5071,4121,5246,181,3972,4878,196,5127,4383,338,4948,4376,4918,4499,235,5207,4379,237,4786,4596,4895,4225,305,4719,4739,4969,4373,5400,4118,4487,5046,186,3398,7806,3124,8080,301.0,18470,15105,7682,0.9270440251572327,0.005958291956305859,0.0026481297583581596,0.004170804369414101,0.039655743131413436,0.8074809665673618,0.18490566037735848,0.06779212181396889,0.3172459450513075,0.25670398333767247,0.27570945066388963,0.2939338713876595,0.1444936214527467,0.01978651392866441,0.02281367881996339
