,County,Baseline_R,Baseline_D,2023_Ssc_D,2023_Ssc_R,2022_Gov_D,2022_Gov_R,2022_Gov_O,2022_Sen_D,2022_Sen_R,2022_Sen_O,2020_Pre_D,2020_Pre_R,2020_Pre_O,2020_Ag_D,2020_Ag_R,2020_Ag_O,2020_Aud_D,2020_Aud_R,2020_Aud_O,2020_Tre_D,2020_Tre_R,2020_Tre_O,2018_Hou_D,2018_Hou_R,2018_Hou_O,2018_Gov_D,2018_Gov_R,2018_Gov_O,2018_Sen_D,2018_Sen_R,2018_Sen_O,2016_Pre_D,2016_Pre_R,2016_Pre_O,2016_Sen_D,2016_Sen_R,2016_Sen_O,2016_Ag_D,2016_Ag_R,2016_Aud_D,2016_Aud_R,2016_Aud_O,2016_Tre_D,2016_Tre_R,2016_Tre_O,2012_Ag_D,2012_Ag_R,2012_Pre_D,2012_Pre_R,2012_Pre_O,2012_Sen_D,2012_Sen_R,2014_Gov_D,2014_Gov_R,2006_Hou_D,2006_Hou_R,2008_Hou_D,2008_Hou_R,2010_Hou_D,2010_Hou_R,2008_Pre_D,2008_Pre_R,2006_Sen_D,2006_Sen_R,2004_Pre_D,2004_Pre_R,2000_Pre_D,2000_Pre_R,2010_Gov_D,2010_Gov_R,2010_Sen_D,2010_Sen_R,2008_Ag_D,2008_Ag_R,2008_Aud_D,2008_Aud_R,2008_Tre_D,2008_Tre_R,2006_Gov_D,2006_Gov_R,2004_Ag_D,2004_Ag_R,2004_Aud_D,2004_Aud_R,2004_Tre_D,2004_Tre_R,2004_Sen_D,2004_Sen_R,2002_Gov_D,2002_Gov_R,2000_Ag_D,2000_Ag_R,2000_Aud_D,2000_Aud_R,2000_Tre_D,2000_Tre_R,2000_Sen_D,2000_Sen_R,2024_Gue_D,2024_Gue_R,2028_Gue_D,2028_Gue_R,Baseline_O,Population 2020,VAP,Number of Households,Percent White VAP,Percent Black VAP,Percent Asian VAP,Percent Native VAP,Percent Latino VAP,Percent High School Attainment,Percent Bachelors Attainment,Percent Graduate Attainment,Percent Senior VAP,Percent Income <25k Households,Percent Income 25-50k Households,Percent Income 50-100k Households,Percent Income 100-200k Households,Percent Income >200k Households,Population Density (Per Square KM)
0,Adams,38764,19372.0,9022,13375,18820,26818,758,16096,29039,1284,18253,37567,721,17707,36476,1701,15859,37076,2619,16418,37087,2180,13290,25596,0,15861,22501,569,14879,23419,731,14218,31423,1847,14592,30491,2418,15301,31431,15423,28214,3062,14565,28448,3572,17382,23171,15091,26768,695,15763,25469,11040,16790,10754,18373,13415,30393,6787,22870,17633,26348,13587,16648,13658,28095,11215,20248,8474,22697,9534,21566,12004,30390,17894,22471,16633,24950,13034,17084,14055,25986,14304,24373,20128,19362,10610,26757,7405,15516,8633,21550,13797,16849,10657,19586,9776,21029,18303,37517,18187,37633,1953.0,103852,83005,40012,0.8998253117282091,0.014902716703813023,0.009637973616047226,0.0030721040901150534,0.05861092705258719,0.794096741160171,0.2117583278115776,0.09015119571110174,0.25740618035058127,0.12021393581925423,0.2034889533140058,0.3336998900329901,0.28448965310406876,0.046860941717484755,0.07730488429427247
1,Allegheny,261491,430909.0,226281,134870,393386,169913,9514,363872,200632,9204,430765,282923,8361,443172,246261,22805,396873,275586,31083,403809,270688,27832,377787,102704,9629,364716,168898,8151,355912,176356,9780,367621,259489,23017,357454,261323,28261,378619,256204,395012,207501,32092,375673,218207,36938,370372,219257,354218,264462,8161,363752,238806,207155,150024,282832,139233,395962,187944,226612,191853,372293,271892,298022,161147,367246,270886,329112,234980,213427,213895,232993,192262,288152,321753,442321,159480,376738,221279,275152,184066,316422,275035,385626,197193,415163,175612,296883,279060,209528,169402,246939,280898,337781,182827,286047,253596,305984,247385,434117,279571,437299,276389,21100.0,1250578,1020183,549729,0.7836113716852761,0.12011374429881698,0.04526932913016586,0.0014615024951405778,0.023659480701011485,0.8457198365391307,0.387651039078283,0.16384707449545816,0.2323445891570434,0.18104011249179142,0.2010918106921774,0.2887422711918054,0.23726417925923501,0.08946044323657656,0.6614987818179318
2,Armstrong,27139,8601.0,5085,11360,9523,18418,408,8064,19574,773,8457,27489,265,10663,24556,851,8221,26076,1490,8745,25864,1270,7521,16761,0,8840,15374,320,8570,15450,326,7177,23484,956,8387,20793,2220,10365,20561,10933,17959,1861,10810,17772,2080,12606,15355,9034,19713,476,9486,19411,7181,11502,9888,11967,13167,15902,7963,14489,10783,18136,11195,11250,11613,18489,10785,15163,6595,16097,7800,14695,8823,19356,15878,11704,12811,15081,9235,13310,11568,17601,14731,14182,17937,11181,9470,17090,7691,11638,9311,16259,13767,11493,11435,14124,11022,15051,7855,28091,6985,28961,1109.0,65558,53182,27557,0.9602873152570418,0.0068068143356774845,0.002312812605768869,0.0011093979165883194,0.005565792937460043,0.8412056710917227,0.16868489338497988,0.05061863036365687,0.27336316798916926,0.19494139420111042,0.2366367892005661,0.3440142250607831,0.1872482490837174,0.025039010051892442,0.03874348148813548
3,Beaver,54344,36712.0,20534,23215,36917,34777,1568,32691,38771,1979,38122,54758,1192,43430,47294,2712,36270,52024,4652,38201,51270,3522,32821,35108,5,36166,30593,1049,34442,31917,1301,32532,48168,2873,34264,44001,5058,38661,43599,40801,36890,4671,39495,37089,5457,42102,33427,36448,42315,957,39369,38071,24456,23303,38857,25648,52902,30116,32915,24444,40186,42870,39836,24434,41684,39710,38676,32454,25017,32646,27187,30120,33786,45749,51938,25275,44963,32977,35346,29050,40572,36620,49814,29313,57081,22920,37918,37378,27185,23719,35149,34725,48503,23547,41326,31155,41165,33576,36931,55949,35922,56958,2975.0,168215,136115,71994,0.8834221063071668,0.060919075781508285,0.005972890570473496,0.0014546523160562758,0.017602762370054734,0.8584726150681409,0.23587407706718583,0.07375381111560078,0.26465856077581457,0.18955746312192684,0.21776814734561215,0.31109536905853263,0.24103397505347668,0.035475178487096144,0.14941420996065125
4,Bedford,22304,2074.0,2251,8815,4721,17199,184,3796,17954,414,4367,23025,64,4739,22085,344,3798,22519,792,4348,22268,518,3489,15312,19092,4408,14261,19255,4567,14044,19268,3645,19551,337,4356,17739,1344,5348,17786,5176,16519,1346,5074,16286,1477,7360,13468,4753,16642,82,5514,15617,4758,9022,6037,10561,7135,15199,3488,12841,6059,16125,6894,9703,6007,16586,5416,13538,3638,12874,4128,12315,4924,16776,8050,12677,7271,14047,6372,10270,6408,15507,6974,14459,11520,10385,5341,14773,4470,10241,4760,13805,7383,11051,5968,12473,4750,13735,4044,23348,3372,24020,3617.0,47577,38284,19274,0.963039389823425,0.003656880158813081,0.003029986417302267,0.0016717166440288372,0.009220562114721555,0.8129505798767109,0.1417041061540069,0.05098735764287953,0.27988193501201547,0.2177026045449829,0.24457818823285254,0.33890214797136037,0.16779080626751064,0.01032478987236692,0.01814745450453715
5,Berks,108121,93161.0,42113,39828,78757,72186,3876,71349,78020,5456,93116,109926,2876,92774,103360,6725,83972,107554,9722,88616,105571,7829,88766,96413,1379,76138,65760,2390,73716,68163,2519,78437,96627,8002,77028,95467,6919,82011,92824,73202,90079,9799,79009,86004,8567,90162,76772,86019,88375,2688,87496,82081,54071,52178,58614,54056,89782,77605,48050,62996,96581,80208,63652,52613,76309,87123,58316,71068,45548,66506,49763,62291,77028,89988,92894,69182,87384,75988,66528,49928,69632,82750,71423,76282,90899,60258,60356,90319,56286,43662,49019,73516,69434,54191,52530,72929,49086,77720,92712,110330,92361,110681,6520.0,428849,333658,161798,0.753759837917868,0.04841784102284375,0.015057334156531538,0.004717405247289141,0.19554154253756842,0.7677861762643186,0.22682806946034562,0.08290824736706448,0.22146629183175587,0.15980420029913844,0.19877254354194737,0.3219013832062201,0.2513380882334763,0.06427767957576731,0.19334156864689891
6,Blair,44232,18294.0,7530,18195,17716,31824,509,14762,34214,1142,17635,45305,356,17495,43912,1687,15245,44824,2688,16592,44443,1907,12507,30874,464,14636,28193,1251,14612,27846,1633,13957,39135,1815,15106,36532,3149,17168,37225,16880,34315,2990,16546,34205,3280,21427,30197,16649,35206,640,17860,33858,13334,19205,15024,23880,20826,32167,10121,25359,19812,32707,17178,21503,17997,35496,15752,28288,9749,26198,11257,24410,14030,37522,22617,27084,20076,30861,15434,23295,16574,35041,18709,31999,29856,22000,14582,34215,10355,23528,10437,32786,18589,24425,15346,27728,12861,30339,17494,45446,17018,45922,1995.0,122822,98475,50121,0.9363899466869764,0.01895912668189896,0.00724041634932724,0.0014318354912414319,0.011332825590251333,0.8263823305407464,0.20755521706016755,0.0652957603452653,0.2567250571210967,0.21761337563097305,0.24632389617126554,0.3056802537858383,0.19237445382175136,0.031184533429101574,0.09028360734547582
7,Bradford,21514,8323.0,3891,9502,7388,15529,431,6632,16033,816,8046,21600,351,8000,20632,931,6866,20846,1575,6465,22175,926,5735,14305,0,6824,13011,386,6900,12972,310,6369,18141,1198,6985,16574,2000,7379,17785,6715,16716,1684,7290,15872,1921,9280,12842,8624,14411,209,8234,14424,5082,9904,8813,10057,13127,12227,6528,10591,10305,15058,8277,10803,8589,16942,7910,14659,4741,12474,5080,12075,7365,16852,9496,13542,9159,14674,8485,10670,7246,17223,7961,15789,11084,13250,6172,17546,4946,10814,6129,15384,8976,12621,6559,15110,6149,16314,7866,21780,7456,22190,1089.0,59967,46941,24143,0.9426514134764917,0.005794507999403507,0.007498775058051597,0.002513793911505933,0.011567712660573912,0.8139579472103279,0.1755821137172195,0.06369698131697236,0.2704245755309857,0.1968686575819078,0.26264341631114607,0.2993000041419873,0.19811125377956343,0.023236548896160378,0.020177762972608756
8,Bucks,185109,203534.0,110181,88381,185339,122981,5720,164535,141340,8435,204712,187367,4155,199992,181357,10104,181635,193356,13752,191229,186887,11389,141577,152461,0,172303,117912,4115,165408,124132,4776,167060,164360,12876,157710,175897,5845,169848,164699,153855,167172,10983,162462,159697,9770,162313,143950,160521,156579,3915,162258,147596,103813,94675,113971,115524,181993,137775,104799,123826,179031,150248,134078,95627,160827,153093,130629,120863,102144,126190,107207,121330,146640,166418,168945,138216,159698,147915,161432,69276,143876,151884,141509,145817,161887,130918,124483,174314,125871,69533,105694,131271,130310,108716,107353,129665,102049,143416,203176,188903,201796,190283,8669.0,646538,515340,246621,0.8405984398649435,0.038151511623394266,0.052309155120891064,0.001728955640936081,0.050500640353941084,0.8511603989599099,0.38673691155353745,0.15744945084798387,0.2357880234408352,0.09667059982726532,0.13625765851245433,0.2703054484411303,0.3203741773814882,0.17513512636798975,0.4130486308226691
9,Butler,76838,39788.0,17583,27960,40066,51547,1850,33921,57168,2246,37508,74359,1438,40634,68359,2945,33213,72828,4639,34085,72888,3873,28498,50374,679,32890,45240,1577,31010,46873,1609,28584,64428,4059,28715,62426,5465,31978,63470,32929,56606,5562,32081,56618,6163,34886,49850,28552,59766,1134,30622,56326,20166,35825,24859,37064,40711,48399,21560,43619,32262,57079,27820,34256,30591,55608,25040,44015,18405,47156,20472,44433,24366,61707,42408,41442,32094,53094,24938,38617,27976,53183,36180,42561,44566,36016,25521,48420,18147,32404,21016,46749,32573,34410,26682,40799,24820,44574,38301,73566,38939,72928,3809.0,193763,155325,78870,0.9360630935136005,0.010925478834701432,0.014150973764686946,0.0011009174311926607,0.015303396104941252,0.8528118461290842,0.3422758731691614,0.12199581522613874,0.2360148076613552,0.14702675288449346,0.17408393559021174,0.29818688981868896,0.2834284265246608,0.09344490934449093,0.09476121775278151
10,Cambria,48149,20391.0,10957,21519,22884,32380,798,18850,35846,1636,21730,48087,500,25424,43037,1501,20664,45880,2881,23929,43690,1894,18571,30835,0,21649,27525,494,21580,27350,399,18867,42259,1947,21894,36949,3886,26869,34793,27422,30302,3895,27980,29387,4008,33848,23636,24132,35003,1040,28636,30077,21442,17842,35527,16988,43487,22415,25570,21951,32452,31997,33198,18929,32594,34054,30268,27934,20105,27446,23028,24255,27818,35108,43082,17874,38267,23819,31857,20507,32630,31460,37639,25437,49835,14564,28031,33749,20343,25589,25734,32073,36996,20788,34171,23454,28933,29518,20649,49168,19448,50369,2001.0,133472,108388,55322,0.9206092925416097,0.03660921873270104,0.005950843266782301,0.0010517769494778019,0.014687972838321585,0.8153393364579105,0.1967930029154519,0.06129829870465365,0.27735542680001474,0.23310798597303062,0.2589385777809913,0.303532048732873,0.17269802248653338,0.021058530060373813,0.07495592958392698
11,Cameron,1551,565.0,324,1018,638,1200,50,547,1247,92,634,1771,19,673,1677,61,525,1701,161,611,1713,78,527,1241,0,619,1127,24,653,1080,22,530,1589,52,593,1390,171,713,1404,669,1287,146,699,1246,154,906,1081,724,1358,22,768,1277,608,778,689,1065,853,1299,387,1113,878,1322,847,913,794,1599,779,1383,460,1100,556,1005,696,1437,1079,965,951,1097,793,989,811,1463,946,1281,1321,948,692,1412,571,1032,713,1339,1059,1023,886,1190,626,1525,636,1769,621,1784,76.0,4547,3751,2084,0.9546787523327113,0.004265529192215409,0.0039989336177019465,0.0021327645961077045,0.013063183151159691,0.8651026392961877,0.09517462010130631,0.011463609704078913,0.34017595307917886,0.30806142034548945,0.286468330134357,0.2768714011516315,0.09644913627639155,0.010076775431861805,0.004430754719187399
12,Carbon,23176,10786.0,5598,8785,10742,14942,544,9682,15658,891,11211,21984,316,12233,19898,924,10543,20751,1490,11006,20763,1048,8902,13447,0,9659,12476,323,8738,13519,171,8937,18742,1097,10085,16360,1770,11512,15942,10446,14819,1980,11226,14106,1935,12888,10705,11365,13261,468,11660,12572,8935,7752,12214,5138,12525,13905,7449,11644,13464,12957,9997,7438,12219,12504,10646,9692,7820,11286,8544,10415,11916,13148,13575,9630,13634,10380,10634,6917,11122,11655,11478,10437,14269,8602,9590,13534,8598,6601,8868,9923,11352,7635,9680,9393,8877,10598,10924,22271,10734,22461,1139.0,64749,52290,26431,0.9203289347867661,0.016351118760757316,0.0051061388410786005,0.0022757697456492637,0.043105756358768406,0.8290304073436604,0.16035570854847964,0.057295850066934405,0.2599541021227768,0.19745753092959026,0.23044909386705006,0.3179221368847187,0.21573152737316031,0.026824562067269495,0.06556024243995197
13,Centre,34713,42260.0,20242,18730,35653,25201,1163,32596,27902,1562,40055,36371,1066,38126,35957,2585,34877,37795,3473,36802,36246,3103,32634,27941,41,34960,24352,1401,34778,24332,1579,37087,35274,3786,35486,36527,4378,38224,37050,35334,33232,5662,35125,32470,6447,38128,26733,34200,34028,1449,34181,32138,22393,16554,19289,22817,33497,37356,16744,25506,41630,32422,24259,18278,30733,33133,21411,26172,20268,24047,21429,22745,30579,38832,39997,27027,37083,31344,23147,19623,27281,32214,27214,30727,37561,21613,24459,33902,14557,19027,15284,29282,22079,22378,18750,25815,16705,30002,41091,35335,42064,34362,2961.0,158172,134439,56825,0.8289633216551745,0.03664115323678397,0.07599729245233898,0.0012496373820096848,0.034967531743020995,0.6739041498374727,0.32633387633052907,0.16086849798049674,0.17041929797157074,0.19790585129784427,0.2018301803783546,0.28506819181698195,0.2339111306643203,0.07421029476462825,0.0550826577664451
14,Chester,123458,187100.0,92599,64621,160797,92586,4644,147559,104021,6383,182371,128565,3565,169172,134371,8293,157950,141239,11593,162895,137798,9470,161869,119716,1314,145213,87874,3794,140138,92379,4273,141682,116115,11004,127552,133662,9588,134067,133583,119097,129206,17367,127864,122171,16427,125083,117728,125040,126034,2829,126510,120427,81188,75869,81000,89565,113157,131907,68006,104906,137833,114420,94645,77508,107863,118092,82179,100495,76439,97111,80737,92666,104139,137018,120606,113080,114793,133127,112048,60062,95812,121372,94159,116225,114631,99331,81548,131670,81996,58668,63974,111593,84512,86537,66097,107842,63234,116940,187379,123557,192611,118325,9174.0,534413,412886,199082,0.7974525655992211,0.0554123898606395,0.06053244721303217,0.0024147101136875555,0.06892217222187239,0.8356035322098594,0.489159235236845,0.20180146577990052,0.21204400246072766,0.08402567786138375,0.1198350428466662,0.24852573311499784,0.3216463567776092,0.2233200389789132,0.27491229153163166
15,Clarion,13894,4273.0,2543,6143,5114,10019,161,4326,10619,340,4678,14578,112,5557,13314,391,4244,14125,833,4567,13981,628,3847,9958,0,5191,8594,239,4924,8838,165,4272,12577,686,4931,11311,1204,5618,11607,5667,10411,1039,5723,10134,1174,6550,8751,5056,10829,227,5105,10451,4371,6418,4596,8196,7026,10019,2916,8764,6745,10737,6080,6801,6048,11062,5463,9504,3565,8827,3998,8266,5197,11851,8702,7777,7192,9328,5451,7505,5837,10514,6756,9249,9423,6841,4853,10336,3895,7237,4704,9753,7105,7377,5845,8669,5337,9538,4315,14941,3820,15436,555.0,37241,29966,14513,0.9473736901822065,0.015684442368017085,0.004705332710405126,0.001134619235133151,0.009343923112861243,0.7684041914169392,0.18537676032837216,0.06794366949209103,0.24384302209170394,0.2304141114862537,0.23895817542892578,0.3161992696203404,0.18225039619651348,0.012333769723695997,0.02393138995615481
16,Clearfield,29303,9647.0,4696,12435,10326,20526,403,8533,21948,854,9673,29203,380,10744,27309,870,8745,28236,1831,10078,27569,1227,7367,19476,0,9235,17241,209,9540,16852,206,8200,24932,1139,9454,22128,2429,11344,22229,11279,20257,2002,11437,19664,2293,14952,15473,11109,20320,502,11271,19823,9560,11083,11944,13446,15582,17424,7262,16568,14555,18663,14185,11480,13518,20533,11718,18013,9018,15681,9684,14807,11217,20941,17600,13287,16409,15363,12937,12830,13881,18588,15078,17243,21720,11005,11556,19106,10221,13822,10237,18539,15181,13660,13683,15269,10415,18581,9142,29734,8138,30738,1190.0,80562,65948,31129,0.9338114878389033,0.027552010675077333,0.0057317886819918725,0.0008339904166919391,0.035315703281373206,0.8068781464183903,0.16726815066415965,0.053678655910717535,0.24962091344695822,0.2203090365896752,0.24912461049182436,0.34074335828327285,0.1594975746088856,0.012303639692890873,0.027158849027382696
17,Clinton,12310,5493.0,2958,5747,5293,8512,201,4749,8790,476,5501,11903,130,6060,10932,443,5115,11473,736,5480,11360,543,4630,7731,0,5516,6727,161,5288,6868,145,4743,10021,628,5510,8702,952,6216,8682,5578,8224,966,6246,7662,954,6456,5227,5380,6702,154,5490,6443,4381,3631,4254,5449,6229,7916,2859,6194,7096,7503,5287,4490,5665,7917,5361,5961,3624,5676,3807,5409,5838,8103,7427,5910,7148,6636,5464,4340,5309,7223,5389,6652,7783,4848,4489,7828,4227,4364,4131,6332,5829,4605,4771,5926,4207,6590,5239,12165,4926,12478,557.0,37450,29598,14470,0.9460098655314548,0.011723765119264816,0.006149064125954456,0.001925805797689033,0.013818501250084466,0.7507601864990878,0.16038245827420772,0.05023988107304548,0.23511723765119263,0.2175535590877678,0.23697304768486524,0.32218382861091915,0.19198341395991708,0.012232204561161022,0.016283656513549568
18,Columbia,20142,11015.0,5123,8708,10147,13958,511,9022,14830,892,10532,20097,428,11689,17990,1040,9692,19143,1588,11391,18107,1211,9826,12691,2,9823,12425,236,8838,13438,178,8933,18004,1290,9819,16292,1991,11081,16539,10588,15122,1880,12035,13590,2028,12416,11685,10805,14114,288,11214,13386,6461,8517,11465,6711,11459,16172,5605,12697,13193,14449,9328,8970,6265,9936,5003,7508,6137,12153,6869,11288,10363,15998,13596,11409,13225,12600,9283,9078,5898,9297,6571,8312,9410,5999,4854,10208,3882,5745,4038,7881,6375,5533,4968,7181,4120,8195,10721,19908,10862,19767,1115.0,64727,53098,25750,0.9298843647595013,0.013239670044069457,0.011695355757278994,0.0015066480846736223,0.028117819880221478,0.7537007043579795,0.2058834607706505,0.0770838826321142,0.2403480357075596,0.2138252427184466,0.23766990291262136,0.3189514563106796,0.18516504854368931,0.026097087378640776,0.051717718274387474
19,Crawford,28838,12388.0,6504,12553,12608,19541,497,11080,20991,960,12924,28560,361,13341,26756,1261,11586,27662,1892,12267,27289,1582,12065,18563,158,12330,18147,370,11719,17812,342,10970,24986,1534,11046,24472,1740,12586,23857,11503,22594,2435,12389,21669,2407,13596,17868,13055,19810,554,12367,20020,9576,12737,9631,16923,15737,21755,9753,17075,16779,20750,13479,14260,16013,21964,13241,18809,8891,17882,9984,16754,12015,23980,18902,16331,16271,19291,11694,16201,12231,23092,15242,18768,18525,16942,11309,23214,9155,15551,9640,20391,15022,14961,13491,17164,11000,20280,12542,28942,11925,29559,1316.0,83938,66608,33054,0.9366892865721835,0.018105933221234688,0.004594042757626712,0.0015463607975018017,0.011935503242853711,0.7963607975018016,0.17840199375450397,0.06392625510449196,0.2604341820802306,0.2092938827373389,0.2467174925878865,0.34561626429479037,0.16076722938222304,0.01996732619350154,0.032013162551716566
20,Cumberland,78310,63514.0,30910,33606,61212,52200,2397,53185,59565,2980,62245,77211,2138,60018,75908,4107,53195,80022,6216,55547,78308,5489,46719,57813,17,52801,49492,2333,47731,54522,2183,47084,69075,5455,44795,71638,5508,47184,73110,50060,63419,6932,45618,66136,8200,44305,62387,44363,64807,1637,46289,61294,31308,43526,25279,50780,35452,73723,19879,56590,48110,63610,36541,42259,37731,67431,30907,54626,24478,56222,27772,52826,30554,77654,46966,57547,45727,60683,32649,46033,34530,66395,35485,62164,53929,46347,27122,67640,24038,40585,22123,60989,38673,44961,23115,59165,27951,55610,65273,74183,68259,71197,4698.0,259469,206533,103624,0.849491364576121,0.03899618947093201,0.05086354238789927,0.001975471232200181,0.03882188318573787,0.8197479337442443,0.3385366987357952,0.12919485021764077,0.22933381106167053,0.11922913610746545,0.18798733884042307,0.3274048482976917,0.28649733652435727,0.07637226897243882,0.18365729064991304
21,Dauphin,67208,76910.0,33883,30418,68585,43579,2233,61600,50141,2706,78983,66407,1975,78403,62431,4514,68185,68840,6657,72374,65515,5823,71213,65846,641,64040,42431,2086,59528,47147,2065,64706,60862,5302,62552,63739,2383,63497,62623,67894,54864,3715,63614,58000,3874,63791,51751,63007,56715,1513,63295,52984,39202,38427,53070,32975,78331,45644,50630,36775,69871,58219,46621,40832,55284,65276,43697,52382,34812,53260,38913,49020,47516,74257,67434,50979,65390,53576,39710,47294,50242,64681,51008,60310,71171,44567,40550,68704,33105,43816,31989,61177,49883,44304,33080,59934,39525,53906,80820,64570,82540,62850,3685.0,286401,224493,117035,0.6701055266756647,0.16500291768562939,0.05819335124035048,0.002752869799949219,0.09123669780349498,0.8076242911805713,0.2878619823335249,0.10298762099486398,0.21608691585038287,0.16524971162472765,0.1952151065920451,0.33633528431665743,0.23543384457640876,0.06343401546545906,0.2106769592006073
22,Delaware,114771,203679.0,94095,57914,170162,76880,3813,157599,87321,5745,206709,118638,2981,196128,120232,7184,183869,126215,11842,189646,124402,8093,254864,176504,2327,167211,80575,2929,163216,84422,3424,177403,110667,9565,163377,126299,3947,168118,121174,157317,121325,8250,165027,115187,7173,162631,104202,169637,108796,2851,168237,101861,109946,70296,120466,84352,179795,103781,98504,98145,178591,115211,127597,79202,160099,117442,133882,104658,106538,95405,113676,88912,139260,137583,158860,112354,150368,121807,153673,54188,137381,123160,135306,116853,153438,104771,123578,140940,122054,62040,104220,120842,130445,97253,107337,117686,104943,127417,208120,117227,209590,115757,6296.0,576830,449790,216252,0.6691989595144401,0.20853064763556325,0.06170212765957447,0.0018297427688476844,0.03928944618599791,0.8190866848973966,0.3558149358589564,0.1520909757887014,0.21028479957313412,0.14031315317314985,0.1799983352755119,0.2734309971699684,0.266582505595324,0.13782069067569316,1.2115986473145834
23,Elk,12351,4125.0,2364,5238,4842,8596,225,4066,9128,425,4521,12140,235,4993,11348,398,4245,11606,776,4727,11386,552,3583,7711,0,4205,6917,172,4497,6609,141,3852,10024,548,4509,8703,1110,5403,8722,5425,7783,865,5455,7636,946,6000,5430,4862,6930,166,5019,6558,3806,4166,5416,5855,6947,6837,3275,6630,7289,6677,7142,4191,6560,7826,5672,7197,3934,6373,4591,5638,5767,7791,9145,4102,7922,5470,6907,4499,6511,6669,7670,5958,9944,3923,5168,8121,3857,5384,5286,7225,7572,4911,7063,5471,5236,7468,4111,12550,3590,13071,548.0,30990,25229,13504,0.9617107297158033,0.002259304768322169,0.003725871021443577,0.000792738515200761,0.007253557414086963,0.8370129612747236,0.16845693448016172,0.050259621863728246,0.2714733045305006,0.18624111374407584,0.25140699052132703,0.3499703791469194,0.17150473933649288,0.031472156398104266,0.014470077197091416
24,Erie,64289,67369.0,29940,30348,63081,40434,2085,56405,46507,2823,68286,66869,1928,69496,59601,4751,60337,64369,7554,64394,61960,6461,60392,40471,616,60790,39388,1511,58906,40348,1635,58112,60070,5498,56846,60947,4930,60945,57925,58260,51814,8645,63018,47775,7995,66005,46301,69162,50064,1873,66519,49728,40018,28446,37138,44405,71331,54669,47711,37258,75775,50350,50857,34756,67328,56907,59306,48886,42580,42752,46850,38146,54275,64934,77458,36892,70987,45077,50042,36059,48411,62739,58395,46319,70198,46510,42364,69602,32773,43095,40347,60460,66959,33531,58070,44073,46667,58138,67741,67414,67357,67798,4665.0,270876,214341,109226,0.8503366131538063,0.06733662715019526,0.021806373955519476,0.001884847042796292,0.034757699180278157,0.7998236454994612,0.25132849058276296,0.0914010851866885,0.23038522727802893,0.22477249006646768,0.22692399245600864,0.31017340193726767,0.1929394100305788,0.040933477377181254,0.13091153723286775
25,Fayette,42156,19625.0,11853,16035,20120,26172,351,17732,28233,708,20466,41263,225,24356,35366,1155,20411,37721,2063,21521,37109,1558,17125,23198,0,19802,20485,461,19574,20527,402,17955,34606,1202,20556,29713,2959,23854,28277,24577,24793,2444,24220,24471,2843,25639,17592,20500,24518,440,22714,21605,17088,12327,22705,14249,28993,22946,16847,16817,25541,25670,24055,13297,28359,24456,27569,19682,15113,19008,16837,16973,23459,24988,33969,13237,30449,17447,22174,15294,25380,20523,29579,14921,34747,12377,23857,21773,18724,13697,24193,19025,30353,13234,26528,17834,26963,19090,18544,43185,16874,44855,1429.0,128804,104708,53971,0.9116590900408755,0.04357833212361997,0.0030561179661534937,0.0015567100890094357,0.01008518928830653,0.8063567253695992,0.1616686404095198,0.05182985063223441,0.2608492187798449,0.25345092734987307,0.23310666839599045,0.30219932926942245,0.18300568823998073,0.018361712771673675,0.06289116553046172
26,Forest,1825,727.0,447,979,824,1340,12,693,1433,40,727,1881,16,858,1693,49,651,1817,125,698,1811,87,562,1363,0,744,1158,20,691,1201,21,625,1682,84,707,1502,163,797,1540,812,1372,140,835,1321,163,1054,1127,895,1382,16,883,1355,814,819,765,1221,1042,1288,580,1226,1038,1365,1028,937,988,1570,842,1371,632,1257,749,1120,811,1501,1214,1015,1057,1223,928,1058,940,1493,1042,1351,1373,1095,782,1595,613,1171,735,1397,1019,1123,847,1322,786,1405,714,1894,669,1939,73.0,6973,6323,1750,0.744899572987506,0.1934208445358216,0.0022141388581369604,0.0003163055511624229,0.04712952712320101,0.7888660445990827,0.10564605408824924,0.019769096947651433,0.25889609362644317,0.2611428571428571,0.2845714285714286,0.324,0.08685714285714285,0.001142857142857143,0.006301277515563424
27,Franklin,57096,23499.0,9583,20101,21612,42732,1007,18718,44820,1683,22421,57245,1116,21836,55346,2232,19189,56361,3545,20087,56325,2713,15640,39121,21,18453,35377,825,17392,36738,831,17465,49767,2498,17827,48659,3309,19397,49219,17965,46029,4471,18393,44682,5164,22884,37380,18998,43262,794,19729,41700,12462,25913,15014,27406,19957,40772,10602,32467,20578,40756,16465,26273,16088,40961,14497,32398,10107,33228,11288,32047,15680,43019,21152,35166,19524,38352,16703,25792,16146,38632,16738,36886,23665,30608,13005,39326,10058,23167,12622,32004,18772,26396,13648,31246,13200,32877,22521,57145,22424,57242,2551.0,155932,120964,62160,0.8851063126219371,0.031926854270692105,0.009300287688899176,0.003009159750008267,0.05442941701663305,0.8086372805132105,0.208665388049337,0.08084223405310671,0.25057041764491916,0.1324163449163449,0.22572393822393821,0.3538770913770914,0.24148970398970399,0.04046010296010296,0.07795590471034002
28,Fulton,6970,996.0,695,3001,1127,5091,33,953,5171,101,1085,6825,34,1106,6557,128,937,6597,228,1040,6557,141,888,4394,0,1037,4202,23,1060,4172,34,912,5694,144,1025,5457,250,1277,5304,1078,5023,403,1203,4886,437,1692,4112,1310,4815,63,1605,4407,1054,2650,1827,2549,2173,4037,1003,3438,1576,4642,1698,2672,1461,4731,1421,3748,945,3522,1037,3434,1460,4458,2037,3636,1704,4120,1670,2668,1723,4116,1747,3904,2439,3388,1267,4350,1138,2681,1382,3581,2005,2973,1602,3379,1311,3762,972,6938,720,7190,173.0,14556,11514,6005,0.9540559319089804,0.007990272711481675,0.002344971339239187,0.0025186729199235714,0.0070349140177175615,0.8185686989751607,0.14373805801632794,0.055931908980371724,0.2696717040125065,0.2031640299750208,0.22447960033305578,0.33039134054954206,0.22131557035803498,0.005995004163197336,0.012844383185470563
29,Greene,11934,4536.0,3058,5194,5141,7706,154,4394,8348,223,4911,12579,72,6226,10563,383,4974,11220,821,5414,11101,533,4957,7267,0,5843,6381,87,5819,6422,83,4481,10848,331,5691,8826,896,6548,8618,6547,7488,963,6734,7175,988,7739,5884,5851,8427,57,6767,7261,5229,4079,7356,5210,8377,7498,5681,5273,7828,7889,8078,4637,7674,7786,7230,5889,5152,6000,5483,5501,6604,8543,10392,4173,9202,5590,7054,5669,8336,6797,9946,4924,11043,4189,6798,7795,5013,4209,7248,5942,9367,3700,8101,5264,7635,5934,4489,13001,3890,13600,437.0,35954,29272,13881,0.9174979502596338,0.035870456408854876,0.003279584585952446,0.0019130910084722602,0.014177370866356929,0.7737086635692813,0.1550628587045641,0.04799808690899153,0.23619841486745013,0.20474029248613212,0.21432173474533536,0.3107845256105468,0.21871623081910524,0.01678553418341618,0.024103396424244986
30,Huntingdon,16729,5558.0,2410,7203,5597,12579,220,4665,13035,564,5445,17062,221,5550,16447,488,4678,16730,935,5161,16593,659,4246,11570,5,5037,10587,241,5126,10492,218,4539,14494,673,5105,13078,1406,6055,13268,5595,12435,1225,5718,12079,1419,6879,9522,5202,11744,231,5594,11073,5318,7095,5811,7708,7605,10765,4075,9185,6621,11745,6314,7279,5878,12126,5073,10407,3629,9763,4223,9134,4915,12915,7523,9602,6908,10626,5490,8104,5612,11573,6039,10851,9454,7802,4848,11632,3696,7841,3857,11135,5874,9188,4877,9938,3910,11184,5215,17292,4841,17666,708.0,44092,36075,15687,0.8952182952182952,0.059542619542619545,0.005516285516285516,0.0013305613305613305,0.018267498267498267,0.7933471933471934,0.15492723492723492,0.04726264726264726,0.25244629244629246,0.20220564798878052,0.23216676228724423,0.3355007330910945,0.19289857844074712,0.01663798049340218,0.019463409875345363
31,Indiana,27790,12793.0,7125,11465,13032,19178,329,11218,20768,649,12633,28087,267,15005,24803,1003,11836,26911,1760,12842,26424,1370,11210,18052,2,12714,16177,307,12702,16312,343,11527,24886,1354,12591,22243,2954,14838,22238,14814,19591,2660,14883,19111,2977,16753,16897,14191,20577,588,14614,19784,9967,11806,12476,13779,16232,20552,8880,16279,17064,19726,14090,12341,16118,20226,13663,16789,8841,16518,10084,15131,13230,22681,20848,13537,18552,16725,12952,13389,15259,19629,18009,16223,22790,12447,12579,19595,9896,13460,11656,18291,16393,13365,14023,16009,12760,17648,12135,28585,11507,29213,1327.0,83246,67726,32087,0.9190119008947819,0.03273484333933792,0.00995186486725925,0.0015946608392640935,0.016551988896435638,0.7365265924460326,0.20579984053391606,0.08698284263059977,0.2375454035377846,0.23551594103531026,0.2369183781593792,0.31134104154330416,0.1869292860036775,0.014834668245706985,0.038846649391326586
32,Jefferson,17579,4737.0,2399,8025,5038,12432,210,4135,13139,0,4527,17960,225,5288,16997,498,3968,17581,960,4551,17582,697,3358,12214,0,4277,11036,159,4437,10872,193,3650,15192,636,4160,13706,1451,4938,14142,5136,12768,1090,5125,12696,1245,5594,8438,3873,10626,174,3932,10401,3574,6118,5665,8321,6950,11233,2947,10007,6446,12056,6424,7729,5279,12096,4823,10343,3419,10018,3882,9327,4918,13167,8325,9087,7250,10562,5401,8774,5349,11546,6226,10311,8985,7703,4605,10627,3392,7877,4574,10187,6884,7897,5832,8980,4733,10186,4387,18100,3973,18514,625.0,44492,35246,17823,0.9595131362424105,0.0027520853430176473,0.0021279010384157066,0.001163252567667253,0.007688815752142087,0.814900981671679,0.1471656358168303,0.04641661465130795,0.26408670487431196,0.21118779105650004,0.2653874207484711,0.33849520282780676,0.15339729562924312,0.0154856084834203,0.02632989898153025
33,Juniata,9300,2312.0,1220,3744,2760,6851,119,2110,7266,352,2252,9649,101,2646,8945,277,2042,9271,469,2232,9231,313,1808,6613,89,2544,5772,253,2409,5844,323,1821,8272,360,2153,7656,612,2621,7644,2706,6882,644,2572,6922,680,3309,5314,2324,6447,154,2752,5960,1969,4156,2487,5164,2753,6790,1627,5658,3068,6484,3235,4557,2797,7144,2656,5796,1534,5834,1829,5503,2013,7407,3440,5502,3286,5902,2747,4995,2897,6788,3244,6098,5055,4591,2260,6924,2187,5027,2229,6012,3808,4464,2490,5821,2407,5912,2187,9714,1979,9922,398.0,23509,18343,8706,0.9491359101564629,0.005342637518399389,0.00256228534045685,0.0011448508967998692,0.030365807119882245,0.7456795507823147,0.13073106907267076,0.03767104617565284,0.2586272692580276,0.1753962784286699,0.26269239604870204,0.3365495060877556,0.19790948770962555,0.01366873420629451,0.023191096449865247
34,Lackawanna,52487,59827.0,29730,21354,54441,32697,1668,50488,36533,1920,61991,52333,795,66644,43223,3027,58770,47296,4984,61016,46601,3896,53466,30361,12,54237,28615,834,51444,31921,583,51982,48384,3089,53936,40518,7455,60591,38588,60392,31675,6436,59032,31715,6831,69364,24709,61838,35085,849,64940,30928,41172,18268,56232,20177,68435,38055,41060,28228,67519,39488,53495,23441,46327,36366,44302,28751,38300,31341,41328,27741,49039,52551,69068,26711,67965,29622,56081,20755,35935,38492,34605,40222,58101,20518,32583,43917,31051,21092,31739,34191,51254,17913,40593,26229,36674,32848,62383,51941,63025,51299,3456.0,215896,173597,87516,0.8575090583362616,0.03300172237999505,0.030853067737345693,0.002367552434661889,0.06646428221685859,0.8038042132064495,0.2591692252746303,0.10050288887480774,0.2458164599618657,0.2141665524018465,0.21999405822935234,0.3118515471456648,0.20337995337995338,0.04619726678550208,0.1816040671989556
35,Lancaster,162762,114529.0,54230,68594,108072,111915,3989,94491,124654,5111,115847,160210,4183,109353,158868,7788,100924,162435,11258,101668,163170,9489,90943,119427,198,96036,102225,4140,90518,107450,4459,91093,137915,12105,89922,142774,9908,92112,146290,89401,133937,14918,86810,134280,16412,95106,118147,88622,130363,4198,88461,126215,57372,82747,54688,90062,79978,131691,46068,102822,99585,126569,62661,87536,73487,145278,54245,114568,43033,105809,47380,101529,67615,150188,85286,126883,89146,124159,62934,87667,64061,143493,64558,137152,90747,114716,56434,130563,40295,82819,40814,121399,50568,115607,50747,111019,47037,118346,117434,158623,118897,157160,9088.0,552984,425314,208589,0.838923712833342,0.037433519705441155,0.02514142492370343,0.0023653112759043906,0.09490164913452179,0.7592061394640195,0.26222508546626727,0.09506153101003023,0.23485942150975514,0.12631538575859705,0.18752666727392145,0.34711801676982007,0.26682135683089714,0.06866133880501848,0.2261939335731413
36,Lawrence,29439,16015.0,8611,12388,15918,19470,615,13658,21384,913,15978,29597,363,18730,25390,1158,15436,27375,2105,16631,26976,1432,13553,18244,219,15035,16717,416,14325,17374,344,14008,25427,1315,15289,22675,2317,17164,22637,17274,20209,2173,17793,19520,2313,20217,18153,17904,21880,435,18994,20158,11977,11058,14400,11769,20008,14207,15265,12513,15314,18740,14463,11613,16327,18753,15531,15381,11497,16482,12314,15487,13351,19556,19260,12739,17238,15227,13699,12450,15354,18055,18393,14204,22204,10948,13890,17622,11167,11080,13616,16055,18608,11094,15543,14244,15941,15026,14899,30676,13823,31752,1333.0,86070,69056,36035,0.9084511121408712,0.03756371640407785,0.0038519462465245596,0.0011584800741427247,0.01494439295644115,0.8225932576459685,0.19203255329008342,0.05547671455050973,0.272532437442076,0.21751075343416124,0.2551408352990148,0.30897738309976414,0.1845705564034966,0.026668516719855696,0.09299034119146914
37,Lebanon,47171,23608.0,10691,18872,23647,31731,1037,19694,35023,1773,23932,46731,815,23755,44715,2122,20816,46259,3095,21669,45942,2615,27049,50114,749,20164,28101,721,18373,29841,782,18952,40525,2367,19079,39386,3060,20372,40062,21268,35898,3312,19754,36577,3769,22367,31548,19900,35872,610,21007,33843,13629,22738,23093,15921,30175,26909,18843,20852,23310,34314,17736,21755,18033,36963,16066,28478,10339,29534,12037,27880,15450,39946,22856,30410,23007,31202,16813,22774,15723,35119,15674,32973,24700,25956,13182,35336,12711,22658,11607,30266,17900,24963,13742,29014,14517,28323,24087,46576,24135,46528,2238.0,143257,111234,55211,0.8502436305446176,0.020326518870129637,0.015471888091770502,0.0018339716273801177,0.11799449808511786,0.7758598989517593,0.19591132207778197,0.07056295736914972,0.2494650916086808,0.15149155059680136,0.21892376519171905,0.34565575700494466,0.2346452699643187,0.04227418449222075,0.15286633039495742
38,Lehigh,84535,97004.0,41852,31563,79990,53468,2825,73096,59220,3986,98498,84418,1850,96028,79663,5719,88859,83302,8347,91615,82223,6629,139571,108541,8703,77248,49072,1974,73632,52577,1878,81323,73691,5979,77233,76216,6627,84421,71740,75609,70137,9321,80180,65610,9286,80112,59202,77983,66371,1449,79526,62071,44657,36893,38427,51226,60668,85250,37882,51190,86219,62484,53291,38879,72573,69192,56302,55129,42802,51976,44916,49594,82034,59982,80652,53823,76526,59412,58673,34218,63950,65416,63146,61993,76372,52004,57526,72789,47851,34523,45777,57233,61108,43204,48201,56080,44871,62603,98089,84827,98114,84802,5985.0,374557,291935,143235,0.690136502988679,0.06736088512853888,0.03645674550841797,0.003706304485587545,0.2235086577491565,0.7856543408635484,0.27614366211656705,0.10599619778375323,0.2136400226077723,0.1556183893601424,0.20682095856459665,0.3051279366076727,0.24815862044891263,0.07858414493664258,0.41872166792431736
39,Luzerne,87108,63346.0,28009,34172,57599,56327,1994,51503,61979,2841,64873,86929,1117,73215,72942,3911,62388,78967,6470,65792,77185,4817,53554,53922,2,55735,50702,1031,49200,58041,606,52450,78688,3844,56478,66551,8650,63192,64010,61419,57039,8462,63150,55192,8337,69171,43860,62449,57531,1565,65049,52178,40281,31919,59437,25979,67450,66493,42412,51242,72493,61128,52555,34675,46196,46256,40773,37219,43392,49735,46566,45314,56836,67427,75362,40567,73399,46376,59042,28436,38175,43646,39215,39404,55029,30132,33884,50512,29732,27482,28730,39787,44299,26273,35128,33353,33637,39384,65987,85815,67378,84424,4494.0,325594,262455,131816,0.8232535101255454,0.04340172601017317,0.012238288468499363,0.0023356384904078794,0.11772303823512602,0.7972414318645101,0.21280219466194206,0.08106532548436875,0.24375988264654894,0.2099365782606057,0.23901499059294776,0.31304242277113553,0.19615221217454634,0.03661922680099532,0.14130751790680476
40,Lycoming,40986,16407.0,7352,17421,15597,29660,653,13535,31074,1478,16971,41463,562,18009,39124,1686,15583,40513,2506,15913,40644,1818,12063,28865,2,14730,25570,486,13893,26488,425,13020,35627,1918,14187,33015,3365,15685,34401,15396,31764,2740,15974,30372,3437,18493,25474,15120,30485,604,16096,28854,10946,20002,15078,20113,20422,25925,10553,22467,18380,30281,14155,21731,17080,33960,14628,27068,9277,25153,10251,23944,14699,32237,19480,25645,19042,27270,14776,21116,14662,31902,14920,30671,21259,25529,12878,31153,9936,20750,10421,28268,16995,22006,13055,25716,11033,28773,17207,41227,17255,41179,1784.0,114188,90800,45392,0.89818281938326,0.04758810572687225,0.008094713656387665,0.002026431718061674,0.01713656387665198,0.8045044052863436,0.2146035242290749,0.07026431718061674,0.24451541850220265,0.18906415227352838,0.24154035953471978,0.3431882270003525,0.187169545294325,0.026921043355657384,0.03587597797448454
41,McKean,13921,5019.0,2275,5101,4392,10082,191,4135,10076,440,5097,14082,285,4968,13623,546,4355,13776,929,4538,13909,630,3489,9064,0,3898,8511,90,3972,8285,143,4025,11635,636,3986,11530,605,4288,11502,3814,10904,1025,4018,10583,1121,5509,8662,5297,9545,212,5355,9250,2944,5310,3660,7189,5743,9307,2408,7222,6465,9223,5002,5927,6293,10940,5509,9662,2763,7117,3107,6801,5235,9721,6217,8125,5985,8687,5043,5889,5143,10278,5467,9552,6720,8832,4340,11078,3214,6372,4328,9119,5945,7612,4403,9497,4304,9803,4927,14252,4703,14476,576.0,40432,32321,15712,0.9262089663067355,0.025587079607685404,0.005228798613904273,0.0027226880356424617,0.013891896909130287,0.8237987686024566,0.17347854336190094,0.0602085331518208,0.2404009776925219,0.23491598778004075,0.24064409368635437,0.3245926680244399,0.1622326883910387,0.02450356415478615,0.01593450269903645
42,Mercer,36871,19326.0,9937,14552,18282,26272,627,17080,27048,1223,21066,36142,600,21504,33957,1578,19082,35029,2548,19930,34898,1943,17841,22798,317,18199,22210,573,18135,22290,528,18732,31544,2032,19192,30566,2046,20815,30031,19720,27843,3176,19874,27561,3171,25314,22648,24232,25925,830,24314,24772,14390,15396,19648,17014,28670,24222,15981,20230,26410,26564,21640,16273,24830,26311,23816,23132,15046,21146,16000,20095,23480,26998,28676,20557,26293,23692,19888,18237,23138,24951,25805,22681,30231,19411,21511,26401,14159,16429,20315,23056,25900,17977,21922,21773,22191,23157,19936,37272,18642,38566,1706.0,110652,89028,45799,0.8985937008581569,0.053792065417621424,0.0060767399020532865,0.0014152850788515972,0.011063934941816058,0.796446061913106,0.2030484791301613,0.0681134025250483,0.2706451902772162,0.22642415773270158,0.24878272451363567,0.30869669643442,0.1819253695495535,0.02360313543963842,0.06352603601829562
43,Mifflin,16806,4481.0,2263,6316,5119,11460,236,3965,12264,557,4604,16670,158,4864,15838,491,4034,16113,857,4368,16057,670,3346,10962,0,4404,9758,155,4189,9936,215,3877,14095,630,4031,13089,1093,4689,13161,4521,12156,1111,4471,12082,1167,5976,8973,4125,11196,99,4737,10433,3360,6833,4199,7724,5142,10896,2470,9486,5375,10928,5247,7097,4888,11725,4834,9400,2587,9642,2974,9181,3741,12280,6007,9420,5825,9934,4729,7642,4367,11387,4700,10615,7389,8236,3982,11380,3362,7121,3559,9969,5461,8297,4259,9540,4020,9767,4311,16963,3963,17311,633.0,46143,36057,18621,0.955847685608897,0.007488143772360429,0.003965942812768672,0.001497628754472086,0.01603017444601603,0.766092575644119,0.11920015530964861,0.037773525251684835,0.2718196189366836,0.1816766016862682,0.25680683099726115,0.3887009290585898,0.15165673164706514,0.014499758337361043,0.04334320249183728
44,Monroe,38751,43750.0,17310,14941,32009,25604,1149,30251,26746,1733,43330,38125,877,43059,35383,2628,40091,36615,3895,40869,36682,3032,30515,23972,368,32065,22530,696,30626,23967,667,33918,33387,2448,34281,30743,1768,34482,30396,32084,30051,2518,34251,27890,2517,34297,23502,35220,26866,755,33502,25578,19864,15046,22226,12174,36271,28538,18143,20954,39453,28293,19861,15555,27966,27970,21762,23101,18082,21162,18920,20295,32903,29242,36686,23575,35897,24883,21430,14070,24032,27100,24446,25694,29268,21999,22354,29943,14569,15257,16971,24299,22370,19345,18498,22434,17251,25394,43852,37603,44508,36947,2183.0,168327,134271,59612,0.6882498826999128,0.13835452182526384,0.024852723223927727,0.0039621362766345675,0.1474331761884547,0.7903940538165353,0.2308242286122841,0.09046629577496258,0.22173067899993298,0.14461853318123868,0.18677447493793195,0.3324498423136281,0.27320002684023353,0.058461383614037445,0.10683114627997838
45,Montgomery,181895,323177.0,164913,86261,285713,121289,6015,260207,143078,9670,319510,185459,5186,312623,178192,13339,284479,195034,21058,296700,189211,16179,228754,126420,11,256222,119506,5099,248454,126516,5802,256083,162730,15874,237352,189573,5431,254709,174427,229622,183243,9462,244045,170719,8900,232166,165426,234188,175544,4482,236325,164615,156485,105110,175049,109227,233848,166146,148730,136982,253546,165960,180441,110958,219181,173217,176632,144555,149074,139243,155407,131954,200901,198351,232449,161412,217311,177997,209645,82568,192708,179064,193017,167788,218876,148053,173494,200970,172761,81271,138494,165942,173574,131910,141540,162521,139452,173200,320831,184138,322219,182750,10340.0,856553,674024,330292,0.7560873203328071,0.09264506901831389,0.07812036366657567,0.002022183186355382,0.052898709838225345,0.848373351690741,0.4551440304796268,0.19846919397528873,0.22614179910507637,0.10033848836786843,0.1354044300194979,0.26725140178993134,0.3102043040703378,0.18638356363460212,0.6847794890653918
46,Montour,5831,3622.0,1705,2644,3639,4037,145,3212,4327,292,3770,5843,130,3940,5413,320,3373,5772,441,3558,5708,356,3071,3914,0,3225,3639,125,2964,3940,104,2856,5287,411,2899,5065,586,3325,5062,3022,4657,647,3308,4316,700,3505,3877,3053,4652,85,3121,4435,2122,2897,3103,2620,4212,3639,2449,3215,3348,4556,2704,3110,2666,4903,2356,3961,1812,3896,2065,3626,2532,5040,3614,3592,3315,4029,2764,3059,2504,4613,2840,4189,4058,3153,2123,4907,1847,2874,1931,4166,3176,2929,2290,3852,1927,4310,3987,5626,4223,5390,355.0,18136,14393,7456,0.9103036198151879,0.014659904120058362,0.035850760786493435,0.002014868338775794,0.022094073507955257,0.838880011116515,0.325158062947266,0.16111998888348503,0.26082123254359757,0.19125536480686695,0.2052038626609442,0.29037017167381973,0.2281384120171674,0.06437768240343347,0.05376321772976691
47,Northampton,85811,85972.0,39743,30208,72268,54928,2704,66565,59859,3562,85087,83853,1748,82628,77937,4834,76571,80729,6914,78974,79759,5874,90781,80377,5673,65748,47527,1602,62275,50385,1698,66274,71736,5511,64150,72171,3566,68031,67041,62220,67505,4804,66441,62937,4660,68241,54293,67676,61382,1470,67080,60134,41223,33862,38211,41512,53499,74986,33911,42817,74820,58062,48418,34644,59659,58798,52317,47043,38870,45986,40321,44209,78627,47794,70569,48405,67163,52416,53007,30081,54147,55171,53658,51523,64829,43471,47859,61248,42238,28158,43750,48504,56099,37319,45420,47051,42433,53670,85862,83078,86827,82113,4688.0,312951,251676,120189,0.7913189974411545,0.05617937348018882,0.03204119582320126,0.002554872137192263,0.11860884629444206,0.8027702283888809,0.2879019056246921,0.11049523991163242,0.23676870261765126,0.13178410669861634,0.18816197821764055,0.30400452620456114,0.28317899308588973,0.08930101756400337,0.3267537311095287
48,Northumberland,29717,11722.0,6316,11943,12052,19094,1805,10812,20991,1048,12703,28974,398,14036,26352,1354,11712,27579,2100,12283,27663,1605,9486,18885,0,12130,16111,312,10519,17913,12,9787,25427,1407,11116,21825,2592,13051,21984,11678,20138,3049,12612,18932,3147,14782,15949,12448,18991,668,12562,18727,10550,10507,14607,11419,19298,14631,11344,14368,14326,19014,13138,13303,14591,22235,13641,18106,8342,17797,9813,16013,10282,21765,15157,14801,14903,15986,13467,13139,11915,21437,13747,18519,19265,14900,11034,22138,10771,14477,10351,18803,15722,14119,12334,17850,11205,19127,13158,28519,13315,28362,1661.0,91647,73275,37350,0.9172296144660526,0.02767656090071648,0.0047355851245308766,0.0017877857386557488,0.03525076765609007,0.818287273967929,0.1623063800750597,0.04547253497099966,0.264373933810986,0.22511378848728247,0.2625435073627845,0.30096385542168674,0.17633199464524765,0.023453815261044175,0.07731744807792572
49,Perry,18621,5923.0,3082,7866,6912,12928,381,5646,13956,629,5950,18293,385,6225,17470,737,5065,18078,1087,5436,17918,924,4492,12577,185,5905,10915,512,5185,11607,539,4632,15617,910,4962,14899,1231,5552,15202,6328,13155,1315,5453,13665,1540,6621,11477,5583,12933,254,6063,12240,4344,8679,5615,8741,7372,11937,4651,9856,6396,13059,5719,8728,5285,13688,4135,10578,3019,11568,3566,10972,3742,15222,7042,10992,6790,11621,4477,9999,5227,12950,5318,12297,9199,8868,3979,12863,3203,8761,3133,11209,5693,8754,3664,10612,3813,10534,5897,18346,5717,18526,914.0,45842,35917,17826,0.9495225102319236,0.0065707046802349865,0.003591613998942005,0.0011415207283459086,0.015424450817161789,0.8122894451095581,0.1635158838433054,0.052788373193752264,0.2386892001002311,0.13973970604734656,0.18243015819589364,0.34786267250084146,0.2692135083585774,0.0415684954560754,0.032096756576607356
50,Philadelphia,123689,573752.0,247042,45902,426886,65293,6082,412246,78385,7899,604176,132870,4854,572158,117140,19536,555315,122995,23286,561439,122763,20992,477118,70092,37,484124,64514,5626,481467,66653,6484,584026,108747,14857,560421,116714,8030,572324,103042,545851,103584,17638,558951,93425,16596,560116,84215,588190,96465,5054,564598,84452,332726,45349,340953,45646,572639,90903,353722,51009,595265,117131,356617,67405,538813,129473,450563,100856,349735,72207,357261,67875,517478,127035,553852,90093,541945,101801,382882,45467,498108,116745,490961,106697,521476,90112,449153,180878,337930,59096,395949,107058,432814,76441,398175,108087,398046,121199,575541,161505,546663,190383,12077.0,1603797,1278362,655757,0.3956164216395669,0.3761094275330462,0.08565727078871244,0.003695353898191592,0.13105677421575423,0.7485454041969333,0.2887179061955847,0.12647200088863716,0.17257553024886535,0.2683539786841772,0.21012204215890948,0.276424041222587,0.17936369722320922,0.0653046784098378,4.608228049961354
51,Pike,20462,13273.0,5606,6895,10340,14371,296,9821,14792,505,13051,19242,185,12502,18578,1045,11802,18821,1309,11964,18973,1080,8711,12029,0,9074,11408,207,8696,11771,198,9256,16057,789,9329,15193,1113,9659,15591,8811,14674,1659,9154,14317,1654,9672,11559,10209,12786,179,10080,12268,5365,7553,7174,6568,10809,9802,5957,9236,11492,12518,6718,7208,8657,12444,7330,9340,5471,9894,5627,9678,10038,12852,10968,10771,10783,11883,7393,6551,7662,12136,7956,11551,8968,10769,6977,12775,4049,6482,6173,9467,7514,8318,6435,8972,6137,9856,13577,18716,14058,18235,935.0,58535,47447,23482,0.8249625898370814,0.053048664826016396,0.01445823761249394,0.003751554365924084,0.09680274832971526,0.8629418087550319,0.24806626340969926,0.09910004847514069,0.27533879908107994,0.16216676603355762,0.17489992334554127,0.3331062090111575,0.260625159696789,0.054169150838940465,0.04147756059366021
52,Potter,7084,1682.0,1023,3579,1512,5234,357,1414,5485,177,1725,7239,39,1663,7047,186,1436,7085,337,1494,7157,195,1417,4809,0,1451,4686,58,1537,4564,53,1301,6250,220,1386,5989,323,1571,5968,1360,5752,418,1434,5602,496,2132,4681,1897,5232,50,1950,5036,1523,3139,1612,3879,2055,5102,1010,4156,2299,5110,2024,3523,2267,5640,1952,4601,1257,4053,1370,3919,1961,5102,2476,4337,2200,4714,2035,3498,2211,5291,2301,5027,3054,4349,1692,5599,1290,3302,1849,4286,2492,3643,1899,4252,1630,4770,1800,7164,1816,7148,242.0,16396,13140,6359,0.9561643835616438,0.0025875190258751904,0.0043378995433789955,0.001902587519025875,0.011872146118721462,0.8114916286149163,0.14505327245053273,0.04254185692541857,0.3002283105022831,0.20301934266394087,0.27976096870577133,0.3337002673376317,0.13681396445982072,0.009749960685642397,0.005854813062703562
53,Schuylkill,48289,21574.0,11171,22080,21202,33009,1123,17953,35293,2166,20727,48871,785,23999,43446,2252,19849,45666,3635,20643,46021,2711,18500,29939,13,21178,26639,1428,17690,30451,939,16770,44000,2098,19539,37757,4832,22380,38759,21102,35372,4423,23127,32795,4860,29273,26156,24544,32277,654,24637,31623,20543,17166,30004,8896,39635,12897,29765,15754,23056,28698,20675,18219,23431,29993,20931,25114,16534,28657,18377,26346,18592,31529,25615,22202,25662,23411,21352,17679,21208,30200,23275,26803,32488,19037,16913,32782,20098,19053,16271,28396,24573,20282,18365,26838,16896,28631,21006,48592,21092,48506,2684.0,143049,115932,56650,0.9074974985336232,0.033071110651071316,0.005606734982575993,0.001621640271883518,0.044094814201428426,0.8054549218507401,0.15991270744919436,0.048028154435358655,0.24899078770313632,0.20229479258605473,0.23067961165048545,0.32879082082965577,0.20118270079435127,0.025136804942630184,0.07093696459077689
54,Snyder,14494,4760.0,2164,5025,4866,10215,212,4219,10657,449,4910,13983,141,5255,13115,478,4220,13634,826,4412,13732,626,3582,9695,4,4834,8284,150,4321,8826,163,4001,11726,636,4299,10866,1116,4742,11232,4232,10398,1190,4615,9876,1304,5402,8844,4686,10072,200,4650,9851,3982,5772,4815,6245,6566,8536,3791,7375,5381,9900,4136,7147,4090,10234,3328,8640,2711,8591,3148,8073,3318,11218,5279,8523,4757,9351,4072,7203,3451,10046,4047,9162,6156,7214,3183,9659,2420,6415,2159,9283,4168,7285,3183,8344,2753,8871,4352,14541,4165,14728,648.0,39736,31144,14300,0.9462496789108656,0.013903159517081942,0.007834574877986129,0.0012843565373747753,0.020935011559208835,0.7362252761366556,0.18302080657590547,0.06755715386591318,0.23911507834574877,0.15776223776223777,0.22538461538461538,0.3683916083916084,0.19531468531468532,0.03825174825174825,0.04666265050337088
55,Somerset,31483,8061.0,4469,15522,9474,22559,380,7660,23964,860,8654,31468,246,9929,29482,815,7777,30676,1560,9041,30043,1029,6962,21571,0,9137,19019,398,9320,18896,220,7376,27380,1018,8340,25472,1923,10561,24551,10929,22525,1760,10793,22120,2168,14123,18149,9436,23985,532,10866,22192,9790,13380,13051,14396,6348,14146,8006,17725,12879,21688,14054,13391,12842,23803,12028,20218,7294,18543,8488,17210,10434,23322,18059,14590,14978,18030,12499,15028,14068,21409,16141,18824,22484,12945,11618,21941,8088,16244,10843,20895,15777,15827,14297,17320,13130,19028,8166,31956,7325,32797,1045.0,74129,60695,28875,0.9359914325726996,0.029804761512480436,0.0027514622291786805,0.0008896943735068786,0.01232391465524343,0.8185023478045967,0.15302743224318313,0.0501853529944806,0.27017052475492215,0.1997922077922078,0.25156709956709955,0.34354978354978355,0.17014718614718616,0.018666666666666668,0.02662349672903322
56,Sullivan,2628,958.0,545,1331,1023,1922,42,868,2023,121,920,2619,24,1071,2378,74,866,2463,166,882,2519,90,824,1878,0,976,1661,33,961,1719,21,750,2291,70,867,2020,206,995,2040,952,1886,189,1005,1816,211,1231,1543,1033,1868,53,1049,1803,778,1325,1252,1243,1670,1392,961,1358,1233,1841,1181,1350,1213,2056,1066,1928,681,1653,753,1561,895,2034,1270,1505,1270,1582,1264,1276,1075,2002,1149,1835,1575,1526,911,2055,856,1441,876,1956,1309,1549,992,1868,897,2046,927,2612,885,2654,109.0,5840,4857,2335,0.9392629194976323,0.014000411776816966,0.0030883261272390363,0.0018529956763434219,0.014823965410747375,0.8972616841671814,0.1789170269713815,0.04776611076796376,0.3343627753757463,0.1931477516059957,0.26038543897216276,0.291220556745182,0.1841541755888651,0.014132762312633832,0.0050114086778033215
57,Susquehanna,15209,6196.0,3071,7043,5767,11153,305,5244,11519,546,6235,15206,216,6466,14368,606,5559,14746,951,5691,14935,736,4814,10983,0,5273,10237,169,5520,10113,151,5123,13357,850,5535,11997,1716,6149,12787,5623,11740,1515,5989,11220,1673,7629,8952,6596,10513,302,6741,10277,4069,7616,7496,7588,11335,7790,6037,7984,8381,10633,7318,7786,7351,11572,6481,10225,4394,9616,4859,9140,6135,12091,7977,9204,7696,10171,8239,6873,6314,11941,6537,11271,9826,8341,5288,12385,4243,8175,4808,11436,7559,8698,6081,10144,5344,11206,6173,15268,5896,15545,803.0,38434,30923,15245,0.9478705170908386,0.0034278692235552824,0.003686576334767002,0.0017786113895805712,0.017171684506677876,0.8352035701581347,0.1777964621802542,0.06040811046793649,0.29104550011318436,0.1870121351262709,0.2249918005903575,0.3279763857002296,0.20039357166284028,0.04093145293538865,0.018020146893688447
58,Tioga,15753,4899.0,2748,7764,4494,11840,243,4103,11988,541,4954,15742,351,4736,15331,666,4154,15431,1018,4250,15647,774,3733,10949,0,3991,10472,269,4145,10242,260,3900,13614,810,3991,13417,764,4408,13491,3758,12886,1225,3985,12389,1467,5354,10583,5311,11238,264,5214,11074,3508,7870,4051,8154,5816,11330,2648,8945,6389,11326,4802,7591,5389,11907,4568,9534,2932,9068,3351,8650,5080,11826,6134,10222,5620,11114,5081,7306,4908,11337,4994,10810,6926,9187,3819,11880,3241,7614,3885,9432,5405,8125,3832,9378,3809,10082,5023,15673,4905,15791,719.0,41045,32720,16336,0.9443459657701712,0.008710268948655257,0.005103911980440098,0.002047677261613692,0.01301955990220049,0.8172371638141809,0.18484107579462103,0.0691320293398533,0.27613080684596575,0.21259794319294809,0.2442458374142997,0.32296767874632715,0.18492899118511263,0.017262487757100882,0.013977381467241949
59,Union,12776,7610.0,3833,5493,6898,8897,283,6249,9400,444,7474,12356,240,7613,11700,560,6655,12354,776,6761,12437,661,5424,8952,5,6426,7676,292,5900,8318,31,6180,10621,666,6092,10567,841,6521,10606,6026,10224,1036,6387,9797,1037,6650,8831,6113,9904,213,6116,9600,4725,5420,5527,5789,8509,8333,4663,7028,7333,9859,4876,6614,5699,10333,4208,8523,3668,8121,4059,7618,5139,11139,7074,8628,6579,9449,5005,6503,4959,10138,5330,9509,7345,7662,4743,9995,3152,6057,3042,9205,4934,7153,3828,8360,3467,9040,7445,12385,7381,12449,599.0,42681,34680,14218,0.8676182237600922,0.0682237600922722,0.02029988465974625,0.0024798154555940024,0.04483852364475202,0.7315743944636678,0.22214532871972317,0.10530565167243368,0.23194925028835064,0.17801378534252357,0.24011816007877337,0.29568153045435364,0.21437614291742862,0.06358137572091714,0.05215711290015104
60,Venango,18308,7267.0,4122,7993,7776,12740,309,6777,13405,671,7584,18569,282,8627,16856,743,6547,18061,1471,7026,17995,1053,5934,12543,0,7430,10856,261,6944,11210,285,6309,16021,1018,6988,14582,1638,7741,15208,7437,13880,1552,7733,13418,1709,9132,11442,7837,13631,488,7718,13415,6285,7644,6030,11345,8765,13252,4013,11086,9237,13718,8501,9042,8862,14120,8271,11445,4954,10937,5596,10146,6894,15318,10750,10562,9198,12594,7905,9741,7789,13930,9174,12194,12205,9849,6624,13839,5358,8978,7415,11471,9635,9196,8286,10659,7724,11544,7301,18852,6931,19222,930.0,50454,40320,20895,0.9490823412698413,0.007638888888888889,0.0035714285714285713,0.0017113095238095238,0.008134920634920636,0.847718253968254,0.17876984126984127,0.058407738095238096,0.2855406746031746,0.2001914333572625,0.23732950466618807,0.3467815266810242,0.19191194065565925,0.009858817899018903,0.02889096686305622
61,Warren,13694,6095.0,2437,5473,6032,9704,302,5420,10174,497,6065,14236,347,6041,13418,713,5304,13637,1121,5679,13591,891,4770,9660,0,5446,8765,230,5390,8733,183,5144,12478,812,5123,12130,958,5812,11843,5155,10935,1492,5666,10378,1532,6934,8886,6994,10009,406,6431,10135,4965,6193,4217,7982,8103,10401,4336,7621,8537,9685,6677,6325,8040,10984,7537,9289,3996,8194,4493,7615,6483,10587,8564,7798,7950,8860,7278,5846,6326,10644,6997,8992,8916,8112,5275,11420,4822,6822,5521,9163,7632,7141,6613,8614,5564,9972,5835,14466,5511,14790,767.0,38587,31105,16012,0.9521620318276804,0.00353640893746986,0.004211541552805015,0.002153994534640733,0.008262337244815947,0.8517601671756952,0.176466805979746,0.06082623372448159,0.28751004661629964,0.19048213839620284,0.26592555583312516,0.34193105171121657,0.16387709218086435,0.02398201348988259,0.01684802589008068
62,Washington,73200,44239.0,24228,29947,45030,47052,1466,39684,52336,1815,45086,72073,1124,50568,63842,2982,41991,69539,4808,44438,68207,3921,33599,45309,8,39896,40659,1925,39217,41954,1235,36321,61379,3741,38131,56947,5823,43356,56016,46617,47968,4934,44381,49217,5479,47364,41973,40278,53179,1085,43638,48006,28297,30362,34152,37911,41768,55573,21460,25161,46024,50955,43338,29700,47503,47268,45085,37780,28326,42483,31824,38329,36981,56213,60147,30757,51630,39843,38716,34666,45941,45447,55554,34493,62925,28310,39962,45913,30498,28671,37833,43457,52750,27185,43413,37758,42903,37409,44130,73029,43515,73644,3403.0,209349,169191,86195,0.9125248978964602,0.03289773096677719,0.009657724110620542,0.0014717094880933384,0.015970116613767873,0.8365515896235616,0.28429999231637615,0.10086233901330449,0.25403242489257705,0.1551134056499797,0.20264516503277452,0.3054585532803527,0.2542142815708568,0.07624572190962353,0.09431622102583741
63,Wayne,18879,9432.0,4196,7168,8466,13867,336,7668,14425,618,9190,18636,136,9616,17282,686,8215,17906,1219,8347,18212,863,7549,12541,0,8023,11751,172,7625,12269,150,7007,16244,766,7487,14537,1803,8154,15155,7467,13984,1751,7789,13608,1800,9956,10724,8396,12896,233,8791,12276,6087,7621,7575,8047,11620,10833,6249,9473,9891,12703,7294,8399,8060,13714,6905,11200,5087,10748,5425,10348,7197,14314,9376,10932,9309,11656,8143,7634,6671,13408,6797,12779,9935,10355,6102,14128,4395,8117,4805,11701,7690,9224,5997,10617,5526,11762,9429,18397,9592,18234,908.0,51155,42587,19398,0.9008852466715195,0.03752318782727123,0.008500246554112757,0.0022072463427806606,0.040082654331133914,0.8362176250968606,0.18153427102167327,0.0705379575926926,0.2880456477328762,0.17604907722445612,0.24909784513867408,0.34384988143107537,0.1843489019486545,0.02639447365707805,0.027213985823511012
64,Westmoreland,132041,72179.0,40182,51220,77153,87804,3012,66240,98238,3531,72178,130272,2248,83276,114886,4770,68233,124902,7753,71660,123352,6142,59829,85587,0,67936,76110,2144,63765,79062,2384,59659,116500,5858,62968,107513,9742,71593,105159,76257,90575,9278,73069,92389,9756,78659,81671,63558,103621,1717,69263,94926,43955,57717,59675,68304,72469,99897,44342,78874,72570,101928,70871,60160,77535,99770,71646,80665,40350,84461,48231,75717,59441,108122,100473,63134,84616,79611,60036,69580,70270,92515,87960,70093,104120,59064,66703,86096,48981,58007,58551,82307,82052,58752,71753,73298,70214,79996,71530,130920,71017,131433,5673.0,354663,289614,152258,0.9308113558046227,0.02301339023665983,0.00894984358490957,0.0011394476786343202,0.011781198422728184,0.8627863293901538,0.2797309522329722,0.10017816818247736,0.2780977438935963,0.18283439950610147,0.21286237833151625,0.31260097991566943,0.22882869865622824,0.05746824468993419,0.13324459452148665
65,Wyoming,9679,4669.0,2152,4324,4519,6966,292,4059,7339,382,4705,9936,208,5077,9152,420,4163,9647,696,4268,9745,494,3567,6980,0,4101,6344,211,3868,6582,159,3811,8837,496,4154,7844,1068,4459,8354,4059,7579,1129,4307,7467,989,5267,5493,4944,6478,214,4867,6077,3439,4317,4327,5896,7551,5399,3962,4925,5984,6948,4590,5635,4981,7782,4363,6822,3016,5901,3283,5569,3871,8495,5720,5925,5550,6582,5518,4726,4006,8334,3873,8192,6795,5502,3297,8460,2938,5152,2861,8068,5064,5852,3941,7015,3356,7857,4753,9888,4698,9943,554.0,26069,21073,10459,0.9433872728135528,0.009728088074787642,0.004555592464290798,0.001613438997769658,0.017083471741090494,0.8262231291225739,0.18535566839083187,0.06278175864850757,0.2630854648127936,0.16253943971699014,0.22506931829046753,0.3483124581699971,0.2210536380151066,0.027822927622143608,0.02532930821227688
66,York,146406,92299.0,35434,50481,83650,98622,4205,71928,109630,4991,88113,146733,3624,86021,142524,7143,77689,145986,10973,79196,146414,9238,66210,102677,9,75312,90589,3263,69271,95813,3798,68524,128528,8934,69394,126349,10271,73708,129905,82696,110020,11257,69686,118646,14199,81449,99685,73189,113300,3506,74679,108016,52385,69602,42895,80457,66013,125359,29985,94164,82838,109268,56470,69270,63549,114043,51892,87477,38034,92482,42039,88394,58816,126108,80690,97241,79840,102597,55275,70591,56264,109690,56989,103475,78089,87770,51521,108299,33247,63893,38225,93645,61024,73718,44845,88606,46093,88853,90573,144273,92727,142119,8104.0,456438,356368,177587,0.8430442688456876,0.05588043819871594,0.014518699771023212,0.002418847932474296,0.07021113006779509,0.8123653077717415,0.23134793247429622,0.08329311273739505,0.22502581601041619,0.13751006548902792,0.19372476588939505,0.3398334337535968,0.2678912307770276,0.05777449925951787,0.1948671052092299
