,County,Baseline_R,Baseline_D,2024_Hou_D,2024_Hou_R,2024_Hou_O,2024_Pre_D,2024_Pre_R,2024_Pre_O,2024_Sen_D,2024_Sen_R,2024_Sen_O,2021_Ag_D,2021_Ag_R,2021_LtG_D,2021_LtG_R,2021_Gov_D,2021_Gov_R,2020_Sen_D,2020_Sen_R,2020_Pre_D,2020_Pre_R,2018_Sen_D,2018_Sen_R,2017_Ag_D,2017_Ag_R,2017_Ag_O,2017_LtG_D,2017_LtG_R,2017_LtG_O,2017_Gov_D,2017_Gov_R,2017_Gov_O,2016_Pre_D,2016_Pre_R,2014_Sen_D,2014_Sen_R,2014_Sen_O,2013_LtG_D,2013_LtG_R,2013_Gov_D,2013_Gov_R,2013_Gov_O,2013_Ag_D,2013_Ag_R,2012_Sen_D,2012_Sen_R,2012_Pre_D,2012_Pre_R,2012_Pre_O,2000_Sen_D,2000_Sen_R,2000_Sen_O,2000_Pre_D,2000_Pre_R,2000_Pre_O,2024_Gue_D,2024_Gue_R,2028_Gue_D,2028_Gue_R,Baseline_O,Population 2020,VAP,Number of Households,Percent White VAP,Percent Black VAP,Percent Asian VAP,Percent Native VAP,Percent Latino VAP,Percent High School Attainment,Percent Bachelors Attainment,Percent Graduate Attainment,Percent Senior VAP,Percent Income <25k Households,Percent Income 25-50k Households,Percent Income 50-100k Households,Percent Income 100-200k Households,Percent Income >200k Households,Population Density (Per Square KM)
0,Accomack,9256,7589.0,7045,9796,267,7375,9660,65,7671,9339,0,5035,7784,4955,7838,4949,7878,7939,8863,7578,9171,5997,6605,4520,6003,0,4468,6055,0,4876,5735,5,6740,8583,4137,5260,244,5136,3938,3806,4879,382,3788,5184,7522,8042,7655,8214,102,5397,6027,0,5092,6352,481,7778,8971,7923,8826,190.0,33413,26872,14320,0.645244120273891,0.24959065197975588,0.007256623995236677,0.007368264364394165,0.07665972015480797,0.759154510270914,0.19525900565644538,0.08123697529026495,0.30961595713009826,0.2134776536312849,0.2849162011173184,0.30377094972067037,0.15062849162011174,0.03191340782122905,0.02871183842383496
1,Albemarle,19693,44671.0,40830,21996,193,44280,21513,1431,43968,21911,45,32282,18808,31560,19465,31919,19141,42730,20699,42466,20804,35701,16371,26594,15439,2,26386,15621,7,26969,14857,472,33344,19258,17924,13929,1185,20570,13736,19038,12407,3279,19877,14679,30973,22342,29756,23298,759,18817,17504,12,16263,18292,2302,43955,19315,45531,17739,1429.0,112395,89545,44177,0.7453347478921213,0.08782176559271875,0.07817298564967334,0.002468032832653973,0.06256072365849573,0.8086883689764922,0.5133954994695404,0.2499190351220057,0.23786922776257746,0.10620911333952056,0.16189419833850194,0.27851596984856375,0.3047513411956448,0.1447133123571089,0.06023250567116412
2,Alleghany,5955,2081.0,1900,5979,182,2113,6092,51,2785,5358,0,1599,4441,1608,4431,1517,4530,2821,5159,2242,5858,1951,3432,1486,2886,0,1375,2999,0,1477,2889,15,2165,4873,2210,1836,97,2261,1766,1627,1993,487,1626,2396,3506,3798,3402,3595,161,3190,3471,0,3081,3421,149,1839,6261,1481,6619,169.0,15223,12380,6387,0.9193053311793214,0.0444264943457189,0.0034733441033925685,0.0013731825525040387,0.009935379644588046,0.8100161550888529,0.13764135702746366,0.05298869143780291,0.2949919224555735,0.2550493189290747,0.24205417253796774,0.30327227180209804,0.17065915140128385,0.018161891341788007,0.0131617512919232
3,Amelia,5509,2368.0,2009,5755,35,2214,5776,47,2315,5600,0,1653,4680,1632,4687,1618,4719,2560,5267,2411,5391,1938,3824,1392,3190,0,1352,3240,0,1403,3169,27,2127,4709,1377,2589,103,1680,2470,1338,2613,290,1449,2722,2482,4276,2490,4331,83,1660,3076,0,1755,2946,86,2190,5612,1983,5819,113.0,13265,10588,5231,0.7376275028333963,0.205043445409898,0.005572346052134492,0.003022289384208538,0.024367208160181338,0.7798451076690593,0.16140914242538723,0.049301095579901776,0.24234982999622215,0.1707130567769069,0.26859109156948957,0.3077805390938635,0.2146817052188874,0.029057541579047982,0.014412478283497196
4,Amherst,11351,5405.0,5535,11610,31,5430,11743,187,5791,11414,2,4015,9608,4003,9625,3897,9731,6274,10625,5672,11041,4541,7779,3232,6462,6,3126,6583,6,3258,6432,81,5057,9719,3242,5369,185,3795,4981,2992,5465,550,3007,5856,6072,8906,5900,8876,174,4888,6662,0,4812,6660,240,5289,11424,4943,11770,417.0,31307,24919,12550,0.7550463501745656,0.17737469400858782,0.005457682892571933,0.007704964083630964,0.021589951442674265,0.7977446928046872,0.19739957462177454,0.07508326979413299,0.26369436975801597,0.19067729083665338,0.23410358565737052,0.3168924302788845,0.2247808764940239,0.02756972111553785,0.025503583144678887
5,Appomattox,7079,2330.0,2207,7146,94,2324,7243,118,2562,6924,0,1509,5891,1460,5921,1438,5970,2740,6305,2418,6701,1828,4750,1219,3928,0,1155,3989,0,1227,3893,24,2022,5715,1399,3234,103,1757,3192,1241,3475,348,1300,3693,2568,5244,2453,5340,131,2305,3642,0,2133,3657,141,2219,6900,2021,7098,158.0,16119,12545,6226,0.7783180550019928,0.17728178557194102,0.002710243124750897,0.0027899561578318055,0.01442805898764448,0.8089278597050618,0.17600637704264646,0.04535671582303707,0.26137903547229974,0.22807581111468037,0.24510118856408608,0.3311917764214584,0.15660134918085447,0.03324767105685834,0.018620947786488116
6,Arlington,19710,103148.0,96185,26659,4801,100447,25223,3892,100725,27269,360,73148,21223,72989,21426,73012,21548,102879,26589,105344,22317,87258,16495,67189,17383,63,66818,17614,57,68092,16268,853,92015,20186,47708,18238,1734,51115,14842,48346,14977,3934,49919,16694,82688,32807,81268,34475,1669,54700,27902,20,50306,28586,4746,102627,25034,99887,27774,2812.0,238643,196563,112235,0.6281497535141405,0.08729516745267421,0.12064834175302575,0.005957377532902937,0.14204097414060632,0.8533956034452058,0.6878252773919812,0.3683551838341906,0.13170332158137596,0.0841716042232815,0.08086604000534593,0.22927785450171514,0.3396979551833207,0.26514901768610505,3.54427315392384
7,Augusta,31781,11157.0,10210,33268,717,11403,32429,584,12517,31606,23,7632,25839,7195,26258,7230,26196,12224,29794,10839,30713,8427,20796,5910,17537,0,5749,17640,0,6030,17216,293,8176,26164,5152,14010,570,5717,14053,5100,13816,1404,5159,14958,9878,24152,9450,23624,552,7650,17286,0,6653,17760,885,11161,30391,11460,30092,894.0,77487,62017,30350,0.9021881097118531,0.04323008207426996,0.005820984568747279,0.0024509408710514857,0.028250318461067125,0.8227421513455988,0.20939419836496445,0.07086766531757421,0.2659270845090862,0.14184514003294893,0.21228995057660627,0.36072487644151563,0.24537067545304778,0.03522240527182867,0.030936602064196832
8,Bath,1838,627.0,540,1963,42,588,1976,10,684,1882,0,431,1504,425,1509,395,1538,743,1687,647,1834,576,1142,449,1008,2,432,1039,0,449,1013,13,604,1547,489,638,41,546,639,392,686,127,402,785,890,1374,894,1273,46,787,1367,0,822,1311,77,579,1902,506,1975,99.0,4209,3512,1799,0.9251138952164009,0.029328018223234623,0.004555808656036446,0.0011389521640091116,0.015660592255125286,0.8080865603644647,0.17539863325740318,0.04441913439635535,0.3445330296127563,0.22568093385214008,0.21289605336297943,0.3318510283490828,0.15008337965536409,0.05336297943301834,0.0030708573521461345
9,Bedford,37039,12619.0,11696,38122,127,12414,38017,650,13068,37536,21,8199,30692,8248,30605,8000,30912,13872,34408,12175,35601,9631,25301,6804,20800,8,6347,21277,1,6985,20573,224,9769,30660,6854,17279,576,7930,16669,5801,17329,1769,6140,18631,11848,27680,11433,28205,533,9570,18074,0,9233,18480,858,11848,35928,11521,36255,773.0,79462,63582,32529,0.8790223648202321,0.061935767984649746,0.011418325941304142,0.0024849800257934636,0.02032021641345035,0.8417948475983769,0.2826428863514831,0.11066024975622031,0.2694473278600862,0.13258938178240953,0.1996987303636755,0.3574963878385441,0.24009345507085986,0.06717083218051585,0.040362962910286355
10,Bland,2959,516.0,511,2962,0,523,2998,23,710,2706,0,378,2251,389,2236,364,2275,732,2651,532,2904,504,1916,387,1667,0,378,1670,0,388,1676,14,453,2573,514,1266,28,524,1251,388,1300,150,432,1368,850,2131,735,2144,57,840,1759,0,851,1759,78,508,2928,454,2982,46.0,6270,5328,2289,0.9380630630630631,0.03153153153153153,0.0011261261261261261,0.0,0.0075075075075075074,0.8224474474474475,0.12575075075075076,0.038475975975975976,0.2802177177177177,0.19397116644823068,0.26430755788553956,0.3425076452599388,0.17300131061598953,0.0034949759720401923,0.006768814226816812
11,Botetourt,15464,5844.0,5163,16038,371,5914,15795,266,6608,14950,6,4091,12967,4090,12940,3990,13066,6512,14190,5700,15100,4542,10721,3332,9096,2,3084,9329,2,3408,8965,113,4493,13375,3488,7296,293,4007,7160,2924,7366,930,2921,8342,5898,12254,5452,12479,288,4959,8829,0,4626,8867,345,5767,15033,5838,14962,401.0,33596,26924,13126,0.9241940276333382,0.028524736294755607,0.0063883523993463085,0.0020427871044421332,0.01708512850987966,0.8638389540930025,0.24977715049769722,0.09526816223443768,0.2808646560689348,0.14208441261618163,0.17720554624409568,0.342297729696785,0.27015084564985525,0.06452841688252324,0.02396470491727269
12,Brunswick,3284,4346.0,4213,3406,0,4182,3523,14,4322,3371,0,3217,2848,3193,2865,3165,2880,4727,3192,4553,3358,3717,2394,2698,2011,0,2710,2039,0,2729,2010,4,4482,3046,2675,1692,15,3025,1414,2704,1618,188,2677,1760,4736,3072,4994,2968,32,3503,2659,3,3387,2561,27,4348,3563,4162,3749,75.0,15849,13337,5985,0.424233335832646,0.5437504686211292,0.0025492989427907324,0.0012746494713953662,0.019794556496963336,0.6961085701432106,0.1483841943465547,0.056459473644747696,0.2605533478293469,0.23191311612364243,0.25914786967418546,0.2995822890559733,0.1572263993316625,0.025898078529657476,0.01080708443968039
13,Buchanan,8423,1499.0,1595,8149,7,1477,8500,39,2537,7156,2,960,4954,898,4976,903,5083,2521,7202,1587,8311,1786,4094,1106,3314,0,1183,3220,0,1062,3449,11,1721,7295,1794,2794,30,1588,3084,1461,3275,90,1529,3208,3408,6133,3094,6437,88,5619,3927,0,5745,3866,243,1119,8779,713,9185,55.0,20355,16787,7328,0.9513909572883779,0.029248823494370645,0.002680645737773277,0.000893548579257759,0.007446238160481325,0.676237564782272,0.104068624530887,0.05254065646035623,0.2675880145350569,0.3387008733624454,0.2918941048034934,0.2554585152838428,0.0951146288209607,0.003820960698689956,0.015628947067355348
14,Buckingham,4606,3102.0,2841,4843,16,2987,4846,66,3242,4580,0,2258,3859,2223,3884,2222,3894,3655,4392,3472,4544,2801,3248,1912,2663,0,1881,2687,0,1923,2639,18,3128,3950,1785,2015,104,2084,1934,1804,2052,291,1812,2226,3654,3610,3750,3568,131,2560,2816,0,2561,2737,155,3239,4777,3002,5014,125.0,16824,13623,5703,0.6249724730235631,0.33436100712031125,0.0036702635249210892,0.0028628055494384495,0.022315202231520222,0.7491007854363944,0.10834617925567055,0.04132716729061146,0.23886075020186448,0.25425214799228474,0.24039978958442926,0.3122917762581098,0.165176223040505,0.012800280554094337,0.0112067283001197
15,Campbell,22197,8237.0,7642,23041,241,7891,23032,364,8525,22448,16,5085,18059,5050,18058,4930,18213,9278,20338,8070,21244,6304,15239,4364,12878,2,4070,13206,4,4416,12791,131,6664,19551,4428,10761,306,5134,10269,3712,11134,940,3787,11776,7900,17904,7595,17695,362,7071,12903,0,6661,13168,506,8044,21270,7982,21332,489.0,55696,44155,22332,0.7925263277092062,0.1418638885743404,0.010780206092175292,0.0034197712603329183,0.026180500509568567,0.8150379345487487,0.2213792322500283,0.07398935567885857,0.25104744649530064,0.1825631380977969,0.27718072720759446,0.30951101558301986,0.2053107648217804,0.023508866200967222,0.042734596792756846
16,Caroline,9164,8084.0,7688,9562,7,7957,9512,230,8249,9218,4,5129,6883,5093,6906,5046,6917,8124,8036,7657,8335,5839,5323,4082,4234,2,4070,4261,0,4126,4135,71,6432,7146,3879,3517,180,4373,3277,3793,3380,564,3972,3723,7328,6057,7275,6152,187,4284,3935,0,4313,3872,163,7452,8540,7282,8710,221.0,30887,23869,11228,0.6342955297666429,0.2601700951024341,0.0101805689387909,0.005823453014370103,0.055301855963802424,0.7981901210775483,0.19594453056265448,0.06787045959193934,0.21207423855209687,0.10936943355895974,0.20431065194157463,0.31955824723904525,0.27894549340933383,0.08104738154613467,0.022613376207011926
17,Carroll,12721,2880.0,2879,12983,0,2925,13151,70,3636,12317,0,1978,9785,1998,9719,1909,9867,3590,11609,2842,12659,2458,8042,1866,6349,0,1758,6444,0,1837,6362,29,2558,10663,2265,4587,202,2756,4885,2181,5060,603,2240,5465,4075,8597,3684,8736,477,3753,6918,0,3637,7141,220,2466,13035,2046,13455,475.0,29155,23710,12131,0.9464361029101644,0.0051455082243779,0.0028258118937157317,0.0017714044706874737,0.025601012231126107,0.7579502319696331,0.13846478279207086,0.03905525094896668,0.30223534373681993,0.2571923172038579,0.3027780067595417,0.30376720797955653,0.11820954579177315,0.008820377545132306,0.023711310022430387
18,Charles City,1642,2484.0,2420,1835,0,2383,1917,52,2397,1803,0,1824,1550,1801,1572,1823,1551,2700,1704,2625,1761,2131,1169,1684,1020,0,1699,1004,0,1700,1000,12,2496,1477,1592,834,51,1684,804,1558,827,144,1581,927,2706,1414,2771,1397,45,1982,1053,0,1981,1022,61,2430,1956,2218,2168,174.0,6773,5779,2922,0.44955874718809485,0.4258522235680914,0.0060564111437965045,0.06800484512891504,0.013670185153140682,0.7684720539885793,0.14933379477418238,0.038241910365115074,0.296071984772452,0.23716632443531827,0.16324435318275154,0.3463381245722108,0.2135523613963039,0.033880903490759756,0.014297807303639998
19,Charlotte,3786,2134.0,1911,4008,0,2009,3962,10,2148,3815,0,1457,3291,1428,3315,1396,3355,2523,3633,2317,3816,1871,2792,1417,2565,0,1393,2582,0,1419,2559,2,2156,3479,1462,2062,16,1663,1947,1358,2104,261,1351,2296,2516,3364,2503,3312,45,2087,2955,0,2017,2855,97,2164,3969,2051,4082,51.0,11529,9129,4631,0.6734582100996823,0.2785628217767554,0.0021908204622631175,0.002409902508489429,0.018731514952349655,0.7500273852557783,0.13626903275276592,0.04918391937780699,0.277576952568737,0.30101489958972144,0.2196069963290866,0.28762686244871516,0.15828114877996113,0.0058302742388253075,0.009365602106915224
20,Chesterfield,90927,112508.0,107967,93541,309,112867,94028,3728,115363,93335,175,74719,80993,74774,80863,74085,80889,107569,92659,106936,93326,83091,67835,57559,60616,28,57845,60385,26,58991,58298,1381,81073,85045,44491,53307,3344,54135,48339,42866,51113,9948,46507,57099,81238,88143,77693,90934,2064,41524,69712,17,38638,69924,2389,111765,88497,116489,83773,3460.0,364548,276953,133522,0.6167761316902146,0.22762345957617358,0.03775730900188841,0.004365361631757013,0.09319631850891667,0.822334475524728,0.3668853559990323,0.14010680512577947,0.19878463132733712,0.09478587798265455,0.15346534653465346,0.3161875945537065,0.33184044576923655,0.1034436272674166,0.33235357399431836
21,Clarke,5474,3990.0,3787,5639,210,3993,5642,204,4182,5486,0,2838,4538,2772,4612,2740,4642,4052,5215,3920,5192,3210,3846,2409,3122,0,2247,3289,0,2400,3103,56,3051,4661,1954,2892,146,2266,2572,2001,2596,300,2149,2708,3419,4225,3239,4296,199,2275,2920,0,2165,2882,234,4027,5085,4129,4983,171.0,14783,11893,5714,0.8622719246615657,0.04019170940889599,0.014882704111662322,0.0030269906667787774,0.04860001681661481,0.8304044395863113,0.31934751534516104,0.12427478348608426,0.25863953586143107,0.11410570528526426,0.16783339166958347,0.24903745187259363,0.3368918445922296,0.12268113405670283,0.032442266459792264
22,Craig,2493,559.0,513,2557,2,542,2562,20,670,2415,2,430,2052,445,2034,400,2079,756,2381,586,2536,544,1615,430,1400,0,390,1438,0,413,1398,16,541,2141,560,1011,46,605,983,396,1064,168,425,1178,883,1755,830,1757,77,873,1610,0,851,1579,62,475,2647,335,2787,52.0,4892,3973,1931,0.9624968537628996,0.0012584948401711553,0.0020135917442738486,0.0012584948401711553,0.007802668009061163,0.782028693682356,0.1807198590485779,0.046312610118298514,0.28492323181474954,0.23977213878819265,0.19471776281719316,0.2677369238736406,0.2703262558259969,0.0072501294665976174,0.005756865403263008
23,Culpeper,16669,11162.0,10526,17603,23,10558,17684,437,11211,17105,0,6892,13223,6773,13346,6661,13437,11124,15590,10617,16012,8093,10912,4937,8553,0,4842,8660,2,4989,8423,159,7760,13348,3822,7487,311,4605,7172,3922,7272,678,4230,7567,8458,11743,8285,11581,319,4415,7604,0,4363,7439,440,11024,15605,11430,15199,411.0,52552,39903,17909,0.7178658246247149,0.12833621532215622,0.015537678871262813,0.0064155577274891615,0.11693356389243917,0.7859559431621682,0.23564644262336165,0.08625917850788162,0.19903265418640204,0.1040817466078508,0.15969624211290412,0.32190518733597634,0.3308392428387961,0.08029482383159306,0.053510425226226954
24,Cumberland,3190,2150.0,1946,3351,4,2117,3335,37,2164,3256,0,1543,2661,1521,2678,1515,2678,2317,2946,2226,3020,1848,2269,1258,1855,0,1279,1839,0,1292,1810,20,2035,2696,1228,1451,97,1464,1370,1190,1457,252,1242,1602,2411,2544,2421,2538,80,1484,2004,0,1406,1975,128,2096,3150,2004,3242,112.0,9675,7701,4065,0.6447214647448384,0.30048045708349563,0.004674717569146864,0.00506427736657577,0.019218283339825996,0.8378132710037658,0.1649136475782366,0.07700298662511362,0.27723672250357095,0.13259532595325954,0.3116851168511685,0.32742927429274293,0.16359163591635917,0.05928659286592866,0.012557612509069387
25,Dickenson,5559,1370.0,1554,5293,0,1315,5700,20,1928,4882,4,960,3819,971,3796,933,3867,2051,5141,1503,5747,1523,2926,958,2445,0,994,2400,0,958,2457,12,1335,4931,1416,1898,63,1264,2077,1184,2125,105,1184,2213,2769,4065,2473,4274,133,3817,3309,0,3953,3123,153,1345,5905,1175,6075,86.0,14124,11373,5554,0.9745889387144993,0.003077464169524312,0.00114305812010903,0.0017585509540138926,0.00474808757583751,0.7383276180427328,0.09751165040007034,0.014947683109118086,0.28031302206981445,0.38926899531868925,0.2722362261433201,0.20651782499099747,0.1094706517824991,0.01026287360460929,0.016502448377270926
26,Dinwiddie,9167,5986.0,6056,9273,7,5943,9549,74,6334,9163,3,4222,7301,4225,7288,4181,7335,6446,8414,6223,8695,4865,5626,3680,4602,0,3649,4654,0,3713,4565,24,5766,7447,3467,3694,147,4091,3204,3380,3506,549,3502,3811,6489,6879,6550,6874,110,3958,5081,0,4001,4960,158,5610,9308,5100,9818,339.0,27947,21990,10291,0.635743519781719,0.2993633469758981,0.0050022737608003635,0.0048658481127785355,0.03105957253296953,0.7976352887676217,0.15698044565711688,0.06025466120964074,0.22783083219645292,0.1711203964629288,0.1917209211932757,0.32047420075794386,0.24652609075891554,0.06782625595180254,0.021414423146917178
27,Essex,3067,2882.0,2510,3477,4,2774,3245,46,2857,3072,1,2037,2655,1975,2707,1981,2684,3194,2918,3037,3076,2265,2115,1699,1996,0,1680,2008,2,1730,1963,26,2542,2657,1419,1544,58,1670,1372,1381,1486,225,1446,1617,2964,2562,3016,2602,55,1774,2004,0,1749,1994,84,2960,3153,2910,3203,70.0,10599,8598,4328,0.5911839962782043,0.34380088392649455,0.00628053035589672,0.00732728541521284,0.02733193765992091,0.755059316120028,0.14259130030239592,0.040474528960223306,0.28227494766224703,0.25069316081330867,0.2104898336414048,0.3463493530499076,0.1628927911275416,0.021256931608133085,0.01590254719826196
28,Fairfax,158176,398856.0,372284,180289,7722,386439,181895,21094,393906,186266,1931,287726,149398,286541,150939,286316,152110,415791,178396,419943,168401,340740,129095,251486,122292,205,251388,122022,225,255200,117141,3663,355133,157711,176418,122856,6594,192855,108221,178745,110680,15827,184962,117425,319747,201414,315272,206772,6270,213237,196776,160,196431,202129,15088,418872,169472,417940,170404,11302.0,1150309,882106,410975,0.5167224800647541,0.09506453872890559,0.20940453868355957,0.005340627997088785,0.1577214076312824,0.831071322494122,0.5670440967412079,0.2853897377412692,0.17830283435324099,0.06494312306101345,0.09118802846888496,0.20796642131516516,0.34622787274165095,0.28910517671391206,1.1358171094998908
29,Fauquier,25482,17822.0,16074,27662,36,17180,26825,763,17442,26971,36,11862,22012,11732,22134,11571,22253,17469,24937,17565,25107,13735,17802,9330,14615,8,8962,15034,2,9431,14333,253,12972,22126,6985,13219,411,8469,12266,7375,12564,992,7882,12935,14352,20745,13965,21034,493,8910,14436,0,8277,14436,726,18210,24462,18943,23729,701.0,72972,56104,25738,0.7981427349208613,0.07272208755168971,0.017699272779124482,0.004188649650648795,0.08821117923855697,0.835252388421503,0.33658919150149724,0.12658633965492658,0.2144766861542849,0.08155256818711633,0.10855544331338876,0.2585282461729738,0.35729271893698034,0.19142901546351698,0.043479789334069
30,Floyd,6239,3085.0,2957,6617,0,2967,6551,147,3303,6251,0,2260,5200,2276,5161,2204,5230,3407,5908,3005,6225,2480,4180,1922,3531,0,1820,3624,0,1946,3467,42,2299,5293,1888,2558,174,1958,2515,1487,2636,426,1564,2935,2967,4551,2731,4673,222,2158,3615,0,1961,3431,359,3077,6153,3147,6083,194.0,15476,12408,6697,0.9272243713733076,0.016521598968407478,0.002740167633784655,0.0008865248226950354,0.02699871050934881,0.8368794326241135,0.19559961315280464,0.07696647324306899,0.29996776273372017,0.2507092728087203,0.2305509929819322,0.3135732417500373,0.190234433328356,0.005076900104524414,0.015686592504371183
31,Fluvanna,8271,7960.0,7438,8984,65,7730,8778,235,7991,8581,8,5436,6950,5246,7119,5312,7067,7829,7880,7414,8154,5981,5793,4243,4935,0,4143,5004,0,4266,4864,67,5760,7025,3562,4481,282,3698,4034,3348,3773,736,3533,4240,5945,6618,5894,6677,156,3604,4990,0,3430,4962,313,7478,8090,7572,7996,277.0,27249,21838,10035,0.7886711237292793,0.13966480446927373,0.008105137833134903,0.003068046524406997,0.03397747046432824,0.8600146533565345,0.33185273376682844,0.12125652532283177,0.24654272369264585,0.10672645739910314,0.1582461385151968,0.3560538116591928,0.2693572496263079,0.10672645739910314,0.036643814431603326
32,Franklin,21682,8444.0,7905,22505,2,8321,22318,380,9114,21570,6,6115,17593,6153,17508,5894,17842,9906,19505,8381,20896,6994,14849,5230,12179,0,4871,12538,0,5314,12063,179,7258,18570,5649,9663,415,6512,9359,4755,10011,1453,4980,11030,9869,16478,9090,16717,865,6954,11569,0,7146,11226,459,8012,21265,7593,21684,513.0,54477,44197,22023,0.8714844898975044,0.07258411204380388,0.0058601262529130935,0.0025567346199968323,0.02751317962757653,0.8040817250039596,0.20542118243319682,0.07593275561689708,0.29350408398760097,0.21368569223084957,0.20042682649956864,0.321845343504518,0.2061481178767652,0.05294464877627934,0.030456861305747707
33,Frederick,31756,18909.0,16963,33056,1341,18330,33118,815,19769,31659,28,11524,24701,11301,24901,11163,25063,17961,29940,17206,30558,12885,20640,8374,15829,0,7794,16430,1,8363,15656,268,11932,26082,6658,14693,601,7327,12889,6338,13147,1070,6858,13524,13341,22464,12689,22858,733,7319,14765,0,7157,14573,659,18296,29468,19443,28321,783.0,91419,70428,33155,0.8311325041176805,0.04076503663315727,0.018557959902311582,0.0031663542909070256,0.08821775430226614,0.797850286817743,0.24967342534219344,0.10500085193388993,0.22686999488839665,0.09992459659176595,0.16063942090182476,0.3397375961393455,0.3137385009802443,0.08412004222590862,0.08543727973398454
34,Giles,6958,2059.0,1964,7119,0,2068,7101,63,2593,6434,2,1634,5694,1632,5664,1534,5788,2713,6307,2155,6875,2035,4500,1647,4096,0,1498,4237,0,1603,4161,45,1949,5910,1759,2855,144,2107,2658,1542,2945,487,1521,3330,3081,4641,2730,4661,155,3026,3687,0,3003,3574,242,1893,7137,1647,7383,152.0,16787,13425,6834,0.9448044692737431,0.01355679702048417,0.00409683426443203,0.0020856610800744878,0.013184357541899441,0.8175046554934823,0.16811918063314713,0.05787709497206704,0.26450651769087524,0.1916886157448054,0.21524729294702954,0.396985659935616,0.16769095697980685,0.015364354697102721,0.018144145818967103
35,Gloucester,15503,7112.0,6107,16694,17,7034,15918,275,7522,15391,8,4844,12444,4712,12572,4712,12585,7521,14604,6964,14875,5529,9816,4133,8417,0,4103,8469,0,4355,8158,144,5404,13096,3729,6989,279,4738,6343,3633,6688,862,3751,7339,7196,12044,6765,12138,345,5275,8216,0,4553,8719,428,7114,14725,7251,14588,337.0,38711,31072,15044,0.8489958805355304,0.0755664263645726,0.008657312049433574,0.004055097837281154,0.028868434603501546,0.8194837796086509,0.23120494335736355,0.08670185375901134,0.2402806385169928,0.11240361605955863,0.19017548524328637,0.34864397766551447,0.28037755915979795,0.0675352299920234,0.06862095127346986
36,Goochland,11124,7973.0,7267,12067,79,7876,11520,346,7955,11654,0,4907,9591,4910,9573,4909,9586,6730,9972,6685,9966,5465,7520,3802,6751,0,3804,6747,0,3926,6558,110,4913,8443,3396,5765,241,4281,4696,3090,5185,842,3385,5715,5082,8136,4705,8504,164,3429,5358,0,3216,5412,203,6846,9805,7038,9613,299.0,24727,20405,9622,0.7876990933594707,0.13834844400882138,0.020926243567753,0.00313648615535408,0.028277382994364126,0.8545944621416319,0.4120558686596422,0.18186718941435923,0.2688556726292575,0.09810850135107047,0.10236956973602161,0.30128871336520474,0.3090833506547495,0.18717522344626897,0.03385164254461621
37,Grayson,6449,1477.0,1525,6425,0,1503,6543,39,1887,6044,0,1115,5074,1117,5063,1061,5143,1945,5972,1534,6529,1411,4248,1051,3440,0,993,3491,0,1028,3478,9,1407,5591,1440,2585,89,1708,2961,1399,3093,359,1476,3276,2397,4656,2067,4800,251,2478,4164,0,2467,4235,135,1317,6746,1137,6926,120.0,15333,12874,6070,0.8869815131272332,0.06579151778778934,0.0015535187199005747,0.0021749262078608047,0.031148050334006524,0.7430480037284449,0.13935062917508156,0.03355600434985242,0.29711045518098494,0.2813838550247117,0.2894563426688633,0.28780889621087313,0.10889621087314662,0.008896210873146623,0.013400371606209285
38,Greene,7161,4494.0,4508,7397,10,4456,7433,218,4731,7193,2,2934,5847,2800,5990,2806,5960,4529,6660,4163,6865,3184,4749,2283,3977,0,2136,4099,0,2218,3999,90,2923,5945,1655,3223,194,1904,3302,1719,3069,534,1850,3414,3374,5552,3291,5569,151,1996,3392,0,1779,3381,263,4455,6573,4726,6302,234.0,20552,15892,7644,0.826705260508432,0.07085325950163604,0.023156305059149257,0.0017618927762396174,0.05178706267304304,0.7917820286936823,0.2593757865592751,0.10168638308582935,0.23754090108230555,0.10989010989010989,0.1695447409733124,0.3680010465724751,0.29199372056514916,0.058084772370486655,0.05088350420769343
39,Greensville,1848,2387.0,2289,1787,2,2333,1935,23,2416,1769,2,1930,1679,1912,1695,1914,1709,2716,1823,2626,1914,2108,1363,1651,1219,0,1638,1229,0,1644,1232,8,2558,1737,1738,984,18,1944,878,1724,1012,130,1722,1105,3014,1794,3134,1765,9,2245,1607,0,2314,1565,11,2446,2094,2315,2225,33.0,11391,9691,3101,0.39531524094520687,0.5778557424414406,0.0028892787122072024,0.001960581983283459,0.02311422969765762,0.7036425549478897,0.09689402538437726,0.03136931173253534,0.1771746981735631,0.19380844888745566,0.2847468558529507,0.30699774266365687,0.181554337310545,0.013866494679135763,0.01489744032392222
40,Halifax,10259,7297.0,6780,10799,12,6985,10742,63,7396,10218,3,4831,8605,4805,8612,4804,8641,8259,9824,7667,10418,5869,7692,4024,6271,0,3933,6365,0,4038,6292,16,6896,9704,4435,5004,110,4722,4763,3909,5432,622,3778,5778,7649,8878,7765,8694,157,6262,7513,0,5963,7732,377,7634,10451,7553,10532,171.0,34022,27225,13496,0.6094398530762167,0.34839302112029386,0.005876951331496786,0.0023875114784205694,0.017777777777777778,0.7451606978879706,0.14817263544536272,0.053186409550045916,0.30835629017447197,0.2822317723770006,0.2717842323651452,0.2976437462951986,0.12314759928867813,0.01704208654416123,0.016063942252530914
41,Hanover,43970,27122.0,23144,46311,90,26741,45569,1102,27214,44714,31,18256,39498,18203,39479,18107,39515,25864,43893,25308,44318,20228,32334,14366,28590,27,14236,28726,14,14756,27779,623,19383,39631,12437,24994,1274,15819,22143,10861,23415,3860,12621,25704,20003,38432,18294,39940,733,13206,28069,0,12041,28605,926,26158,43468,27033,42593,1218.0,109979,85823,40710,0.8311874439252881,0.09044195611898909,0.01838667956142293,0.0035771296738636494,0.028919986483809702,0.8363841860573505,0.3624086783263228,0.13208580450461999,0.23031122193351433,0.09344141488577745,0.14222549742078114,0.28270695160894127,0.35094571358388604,0.1282731515598133,0.09080745721119986
42,Henrico,57902,116372.0,111285,65142,187,115033,62882,3566,116328,61162,118,82376,55821,82162,55822,81409,55797,117199,62687,116571,63441,94826,47786,68788,45757,21,68690,45816,31,69970,43748,1321,93935,59858,54048,41170,2913,64208,36760,53131,39399,9709,56502,45580,93123,67014,89593,70448,1855,52534,62116,18,48603,62860,2718,119182,60830,121624,58388,3641.0,334389,258936,134348,0.5379784966169247,0.2875227855531869,0.09027327215991596,0.003831062501930979,0.056318935953285756,0.8376510025643402,0.4065058547285816,0.1659753761547255,0.2012813977198999,0.1303108345490815,0.18766933635037367,0.29794265638491085,0.2690773215827552,0.11431506237532378,0.5525291764499825
43,Henry,16134,8743.0,7975,16871,13,8457,16800,211,9583,15426,6,5718,12676,5655,12695,5546,12903,10616,15050,9127,16724,7060,11471,4870,9074,0,4705,9245,6,4895,9047,81,8199,15208,5695,7548,244,5709,7320,4557,8023,916,4652,8486,10365,13830,10316,13985,635,8958,11894,0,8897,11869,695,8846,17005,8544,17307,380.0,50948,41087,20525,0.7093727943145034,0.21970452941319638,0.005573539075620026,0.0029693090271862145,0.04797137780806581,0.7338574244894979,0.13739138900382117,0.04819042519531725,0.29573831138803025,0.27814859926918395,0.31108404384896465,0.2817539585870889,0.1143483556638246,0.01222898903775883,0.05144739991093545
44,Highland,1078,411.0,389,1104,11,415,1096,8,497,1012,0,348,945,339,953,325,970,504,1020,417,1092,399,772,333,699,0,311,721,0,317,698,6,370,958,317,564,28,368,505,279,557,63,288,602,476,956,459,923,24,499,952,0,452,942,37,401,1108,356,1153,22.0,2232,1903,982,0.9611140304781923,0.0010509721492380452,0.0031529164477141357,0.0005254860746190226,0.009984235417761429,0.8171308460325801,0.24382553862322648,0.08775617446137678,0.38675775091960063,0.1894093686354379,0.2505091649694501,0.3920570264765784,0.1354378818737271,0.002036659877800407,0.002075773160401837
45,Isle of Wight,14236,9888.0,9098,14781,535,9778,14659,323,10292,14163,9,6663,11900,6532,12011,6565,11999,9820,13546,9400,13707,7357,9170,5758,8288,4,5648,8403,0,5957,8039,112,7880,12203,4979,6713,242,5721,6303,4843,6547,748,4866,7134,8859,11645,8760,11803,232,5782,7318,0,5161,7588,201,9316,13791,9222,13885,313.0,38606,30382,15275,0.703640313343427,0.22681192811533143,0.010236324139293002,0.004706734250543085,0.024850240273846358,0.8300309393719966,0.26802053847672963,0.1027582120992693,0.2404384174840366,0.1472340425531915,0.16667757774140754,0.2746317512274959,0.30448445171849425,0.1046808510638298,0.047217360568379316
46,James City,23079,26573.0,24238,26472,87,26742,23576,956,26991,24033,46,18824,21090,18675,21230,18836,21049,25679,23595,25547,23148,20143,17955,14944,16649,10,14928,16711,14,15561,15937,303,19105,21306,11577,14402,502,13451,13168,11344,13756,1722,11708,14953,18878,21957,17879,22843,451,11071,13359,13,9076,14606,772,26591,22104,27613,21082,666.0,78254,62868,30062,0.766574409874658,0.1238149774129923,0.029474454412419672,0.0032448940637526246,0.052109181141439205,0.8646370172424763,0.45999554622383404,0.220891391486925,0.31605904434688553,0.10538221009912847,0.12713724968398643,0.28903599228261595,0.34937795223205376,0.12860089149091877,0.21232536622557704
47,King and Queen,2555,1544.0,1363,2760,0,1536,2608,25,1628,2513,0,1148,2099,1145,2089,1130,2113,1706,2373,1590,2450,1319,1616,1023,1438,0,1006,1457,0,1038,1404,8,1469,2099,1012,1066,59,1165,982,968,1050,155,982,1153,1805,1877,1745,1865,38,1337,1494,0,1387,1422,41,1386,2654,1187,2853,45.0,6608,5456,2765,0.6929985337243402,0.23826979472140764,0.0032991202346041057,0.014112903225806451,0.02346041055718475,0.8394428152492669,0.20234604105571846,0.04747067448680352,0.28134164222873903,0.1848101265822785,0.227124773960217,0.30452079566003615,0.24773960216998192,0.028933092224231464,0.00809575732330348
48,King George,9245,5700.0,5585,9662,13,5656,9500,280,5844,9460,8,3457,7185,3361,7286,3316,7286,5758,8385,5404,8446,3975,5545,2611,4499,0,2577,4536,0,2657,4395,95,4006,7341,2459,4147,177,2666,3896,2288,3984,381,2461,4125,4624,6565,4477,6603,210,2396,3473,0,2069,3589,192,5556,8294,5742,8108,211.0,26723,19948,9557,0.7299979947864448,0.1559053539201925,0.017796270302787246,0.007018247443352717,0.04862642871465811,0.8230399037497493,0.3142169641066774,0.12878484058552236,0.1751052737116503,0.08088312231871926,0.13926964528617766,0.2726797112064455,0.3834885424296327,0.12284189599246625,0.05744040582077682
49,King William,9527,4018.0,3622,9932,19,3972,9789,134,4301,9298,5,2294,6241,2292,6241,2248,6286,3447,7079,3260,7321,2675,4708,1992,3946,2,1936,4002,2,2018,3890,58,2760,5975,1797,3168,185,2274,2862,1670,2976,543,1878,3277,3470,5372,3345,5466,92,2211,3629,0,2125,3547,93,2978,7603,2708,7873,216.0,17810,13744,6786,0.7701542491268918,0.15708672875436555,0.007566938300349243,0.015424912689173457,0.021027357392316648,0.8270518044237486,0.22337019790454016,0.05755238649592549,0.20823632130384168,0.1040377247273799,0.20925434718538166,0.35882699675803126,0.268788682581786,0.05069260241674035,0.02510512152936848
50,Lancaster,3732,3407.0,2984,4227,0,3356,3866,92,3364,3888,0,2400,3443,2398,3441,2407,3447,3457,3647,3368,3696,2683,2947,2009,2757,0,1965,2814,0,2098,2679,24,2869,3522,1924,2573,96,2358,2085,1787,2367,329,1895,2565,3242,3622,3149,3753,49,2156,3324,0,1938,3412,107,3416,3648,3496,3568,83.0,10919,9388,5230,0.7193225394120153,0.2436088623775032,0.007243289305496378,0.0021303792074989347,0.00948018747337026,0.8343630166169578,0.3087984661269706,0.14603749467405197,0.4165956540264167,0.1931166347992352,0.22504780114722753,0.30191204588910137,0.19024856596558318,0.08795411089866156,0.03162617450441996
51,Lee,8576,1430.0,1456,8356,0,1390,8673,20,2305,7451,2,918,6317,891,6304,882,6373,2239,7600,1488,8365,1671,5095,1336,5235,0,1430,5065,0,1304,5289,50,1626,7542,2030,3690,63,1228,3459,1180,3506,64,1146,3611,2882,6587,2583,6848,149,3651,4678,0,4031,4551,165,1110,8743,779,9074,57.0,22173,17900,8029,0.9207821229050279,0.048100558659217876,0.0020670391061452516,0.003687150837988827,0.02223463687150838,0.7491061452513966,0.10223463687150838,0.01659217877094972,0.2656983240223464,0.34599576535060406,0.26242371403661724,0.28546518869099513,0.08020924149956409,0.008593847303524723,0.019663818148924622
52,Loudoun,81381,136827.0,127234,98857,1018,129279,92108,8305,133436,93441,801,90690,70348,89635,71273,89389,71468,137813,84990,138372,82087,106064,58369,69515,47220,15,67769,49066,15,69778,46397,1312,100794,69949,45042,45500,2162,48164,40063,44369,40464,4502,47349,41317,83383,74325,82479,75292,1968,31862,43009,34,30938,42453,2262,141629,78830,144941,75518,3179.0,420959,302792,138407,0.5617189357710903,0.07401120240957489,0.20866139131813258,0.003639462072974187,0.13164812808792833,0.8450190229596555,0.5674522444450316,0.2511625142011678,0.13289320721815637,0.04161639223449681,0.07138367279111606,0.17280195365841322,0.3542161884875765,0.35678831272984746,0.31514450520862575
53,Louisa,14592,8857.0,8266,15322,91,8779,15083,281,9125,14726,2,5950,11606,5932,11598,5897,11649,8701,13039,8270,13294,6361,8742,4411,7265,0,4322,7333,0,4467,7114,150,6189,10469,3920,5771,335,4454,5306,3532,5352,968,3891,5875,7200,8982,6923,9159,246,4297,5645,0,4285,5420,324,8145,13419,8062,13502,413.0,37596,29861,14431,0.7799805766719132,0.14888985633434915,0.006831653327082147,0.004554435551388098,0.028498710692876995,0.8212384046080171,0.23927530893138207,0.09520779612203208,0.24908743846488732,0.14143164021897303,0.202342180029104,0.31875822881297206,0.2590950038112397,0.07061187720878664,0.029322416330579904
54,Lunenburg,3460,2324.0,2104,3609,0,2254,3593,12,2343,3324,0,1596,2986,1584,2984,1567,3018,2530,3361,2419,3537,1943,2480,1467,2160,0,1428,2191,0,1467,2158,2,2227,3204,1480,1735,31,1708,1535,1396,1704,234,1418,1818,2615,2984,2684,2968,41,2094,2551,0,2026,2509,24,2277,3679,2150,3806,63.0,11936,9579,4250,0.6106065351289278,0.3283223718550997,0.002609875769913352,0.002401085708320284,0.032780039670111706,0.7208476876500679,0.10408184570414448,0.026411942791523122,0.27184466019417475,0.2625882352941176,0.256,0.33788235294117647,0.12376470588235294,0.005411764705882353,0.010675157184892363
55,Madison,5546,2680.0,2658,5703,0,2699,5670,109,2839,5545,0,2061,4610,1991,4686,1973,4721,2924,5156,2699,5300,2273,3655,1756,3126,0,1739,3147,0,1789,3083,51,2203,4419,1418,2561,105,1692,2644,1574,2510,420,1624,2757,2677,3977,2638,3868,97,1943,3010,0,1845,2941,243,2582,5417,2450,5549,143.0,13837,10922,5220,0.8553378502105842,0.08240249038637612,0.007599340780076909,0.0014649331624244644,0.02627723860098883,0.8091924555942135,0.2306354147592016,0.09540377220289324,0.2874015748031496,0.15268199233716476,0.21628352490421457,0.26130268199233714,0.28908045977011493,0.07183908045977011,0.016662090823266477
56,Mathews,3968,1842.0,1522,4348,2,1775,4105,65,1872,4014,2,1404,3447,1348,3503,1363,3492,1943,3857,1826,3902,1566,2790,1329,2584,2,1291,2625,0,1387,2532,33,1564,3517,1208,2140,51,1707,1755,1193,2044,214,1206,2214,1907,3384,1807,3487,69,1737,2844,0,1499,2951,158,1758,3970,1701,4027,70.0,8533,7212,3679,0.8648086522462562,0.08014420410427066,0.005268996117581808,0.0006932889628397116,0.017054908485856904,0.8377703826955075,0.26566833056017747,0.07750970604547976,0.35690515806988354,0.1407991301984235,0.18483283500951345,0.3375917368850231,0.22125577602609406,0.11144332699103017,0.03834987236184518
57,Mecklenburg,9504,6602.0,5888,9795,10,6405,9792,39,6700,9170,0,4138,7827,4064,7902,4075,7922,7004,8872,6803,9266,5149,6533,3347,5171,0,3357,5159,0,3399,5124,2,6286,8288,3266,4375,60,3242,4045,3038,4226,227,2868,4411,6344,8037,6921,7973,112,4709,6642,0,4797,6601,221,6350,9719,6031,10038,91.0,30319,24728,12764,0.6164267227434487,0.3354901326431576,0.006510837916531867,0.002305079262374636,0.022080232934325462,0.7846166289226787,0.20373665480427047,0.0713361371724361,0.31304593982529927,0.28784080225634595,0.23378251331870886,0.2773425258539643,0.1515982450642432,0.02679410842995926,0.018720759425984803
58,Middlesex,4200,2520.0,2258,4567,2,2472,4357,77,2569,4265,0,1866,3714,1881,3699,1861,3704,2657,4080,2491,4197,2032,3015,1567,2725,0,1534,2749,0,1606,2673,25,2107,3670,1427,2305,92,1923,1892,1375,2132,391,1458,2377,2454,3488,2370,3619,78,1842,2776,0,1671,2844,174,2417,4271,2365,4323,109.0,10625,9035,4543,0.8035417819590481,0.14510237963475373,0.002988378527946873,0.0036524626452684008,0.01870503597122302,0.8193691200885446,0.25301604869950195,0.09507470946319867,0.37863862755949085,0.20427030596522122,0.1785163988553819,0.3306185340083645,0.23508694695135374,0.04930662557781202,0.0314755127916484
59,Montgomery,20331,24635.0,22982,23422,92,23810,22180,1063,25038,21575,60,15704,16828,15613,16867,15356,17041,24590,19992,23218,20628,20109,14382,14870,13056,2,14403,13507,6,15114,12499,514,20021,19459,11110,9775,880,12767,10084,10688,10132,2394,11039,11978,20874,19335,19903,20005,1029,12960,13766,0,11716,13983,1448,24461,19385,25623,18223,1024.0,99721,83609,35440,0.8006673922663828,0.04140702555944934,0.0903252042244256,0.0020930761042471505,0.04290207991962588,0.6352545778564509,0.30781375210802664,0.16279347917090264,0.1530098434379074,0.2360609480812641,0.19102708803611737,0.2936512415349887,0.21391083521444695,0.06123024830699774,0.09952731983559993
60,Nelson,4759,4320.0,4188,5079,16,4298,5004,117,4520,4849,0,3466,4175,3416,4212,3347,4260,4673,4527,4327,4812,3808,3418,3023,3081,0,2956,3157,0,3015,3020,126,3689,4155,2495,2288,292,2970,2270,2522,2313,496,2685,2588,4214,3946,4171,3948,108,3068,3110,0,2907,2912,325,4184,4955,4073,5066,223.0,14775,12287,6186,0.8289248799544233,0.10450069178806869,0.0045576625701961426,0.003092699601204525,0.034589403434524296,0.7686986245625458,0.2724831122324408,0.11255798811752259,0.32481484495808577,0.1844487552537989,0.19398642095053345,0.3128031037827352,0.21645651471063693,0.07872615583575816,0.012118343932954186
61,New Kent,10854,5494.0,5141,11432,11,5642,10974,192,5701,10696,2,3478,8562,3484,8544,3438,8569,4764,9449,4621,9630,3736,6774,2637,5867,8,2623,5901,0,2728,5711,110,3545,8118,2303,4667,205,2954,4224,2119,4365,765,2411,4791,3815,7069,3555,7246,140,2238,3929,0,2055,3934,125,4611,9640,4648,9603,268.0,22945,18177,8455,0.7914947461077185,0.12735875006876823,0.010342740826318975,0.010727842878362766,0.02651702701215822,0.8620234362105959,0.302800242064147,0.0964405567475381,0.22357924850085273,0.09603784742755765,0.11117681845062094,0.2798344175044352,0.3642814902424601,0.1485511531638084,0.0421786964953722
62,Northampton,2973,3708.0,3387,3332,74,3603,3184,40,3687,3048,0,2589,2626,2551,2670,2584,2650,3888,2795,3667,2955,2923,2124,2297,2012,0,2250,2066,0,2491,1856,10,3255,2686,1889,1553,121,2782,1170,2048,1589,301,2020,1853,3735,2606,3741,2676,47,2687,2121,0,2341,2300,253,3506,3116,3462,3160,106.0,12282,10057,5304,0.6058466739584369,0.30297305359451127,0.006164860296311027,0.005568260912797057,0.06711743064532166,0.7793576613304166,0.2534553047628517,0.0979417321268768,0.32902456000795466,0.21568627450980393,0.28469079939668174,0.27526395173454,0.16440422322775264,0.0471342383107089,0.022398838659790053
63,Northumberland,4770,3274.0,2806,5319,6,3202,4937,92,3253,4912,0,2336,4144,2339,4135,2311,4166,3385,4306,3252,4485,2630,3566,1982,3326,0,1931,3363,0,2021,3285,29,2852,4301,2090,2938,100,2600,2517,1960,2823,393,2101,3033,3252,4220,3191,4309,47,2209,3440,0,2118,3362,125,3302,4435,3359,4378,95.0,11839,10114,5076,0.7398655329246588,0.20664425548744314,0.005734625271900337,0.0022740755388570297,0.021850899742930592,0.8237097093138224,0.30700019774569903,0.1248764089381056,0.4515523037373937,0.18951930654058313,0.22064617809298662,0.2917651694247439,0.210795902285264,0.07899921197793539,0.023878098465137856
64,Nottoway,3929,2774.0,2496,4190,4,2635,4169,17,2800,3999,2,1947,3445,1896,3490,1893,3497,3136,3869,2970,4027,2466,2775,1773,2452,0,1756,2466,0,1812,2408,9,2828,3712,1795,1941,44,2187,1730,1755,1898,327,1830,2095,3294,3327,3344,3408,48,2592,2912,0,2460,2869,162,2776,4221,2659,4338,101.0,15642,12721,5345,0.5643424259099128,0.37685716531719204,0.0037732882635012972,0.004323559468595237,0.040798679349107775,0.7382281267195975,0.144721326939706,0.034981526609543276,0.2330005502712051,0.22899906454630495,0.21234798877455566,0.35696913002806363,0.1775491113189897,0.01216089803554724,0.019209891583606382
65,Orange,13185,8534.0,8257,13699,28,8274,13763,315,8725,13289,8,5533,10493,5398,10629,5350,10670,8392,12169,7995,12425,6148,8576,4094,6754,0,4021,6816,2,4159,6653,75,5957,10521,3628,5813,256,4241,5589,3628,5560,767,3928,5953,6972,9114,6869,9244,201,4369,6061,0,4132,5999,366,8168,12252,8426,11994,318.0,36254,28591,14041,0.7917526494351369,0.12042251058025252,0.009163722849847854,0.004441957259277395,0.04697282361582316,0.8076317722360183,0.23503899828617397,0.08726522332202441,0.24899443880941555,0.13595897728082046,0.14835125703297486,0.3296061534078769,0.2996937540061249,0.07898297842034044,0.04103981724863197
66,Page,9758,3147.0,2697,10029,251,2975,10124,150,3618,9355,0,2106,7424,2046,7479,1994,7594,3420,8967,3006,9344,2357,5825,1805,4829,0,1722,4890,0,1808,4850,35,2514,7831,1653,3882,89,2284,3663,2000,3753,313,1941,4094,3806,6376,3724,6343,132,2821,5364,0,2726,5092,181,2838,9512,2632,9718,194.0,23709,18981,9337,0.9368842526737263,0.01933512459828249,0.005479163373900216,0.002265423318054897,0.016753595700964123,0.7570201780728096,0.12949791897160318,0.05384331700121174,0.261419314050893,0.21248795116204347,0.26250401627931885,0.36831958873299775,0.13698189996786977,0.010602977401735032,0.029526853009599435
67,Patrick,7566,1971.0,1829,7595,0,1886,7747,38,2390,7004,0,1331,5855,1292,5889,1255,5946,2310,6874,1953,7485,1633,4999,1283,4277,0,1285,4290,0,1259,4320,16,1768,6453,1538,3228,97,1580,3342,1373,3553,191,1412,3548,2679,5536,2416,5621,202,2357,4597,0,2254,4902,230,1713,7725,1450,7988,96.0,17608,14532,7741,0.9031103770988164,0.04775667492430498,0.0029589870630333057,0.0018579686209744012,0.023947151114781174,0.7751857968620974,0.15366088631984587,0.04466006055601431,0.3214973850812001,0.24945097532618524,0.27296214959307585,0.2919519441932567,0.13551220772510011,0.037592042371786594,0.014076895280306737
68,Pittsylvania,23855,9624.0,9236,23903,37,9598,24309,165,10522,22724,4,6476,19392,6427,19396,6319,19542,11509,21992,10116,23751,8104,16923,5726,13708,0,5535,13914,0,5760,13701,38,9199,21555,6557,11277,237,6921,10972,5418,11682,1090,5626,12410,11026,19521,10857,19262,536,8056,15290,0,7811,15693,659,9321,24546,8426,25441,428.0,60501,48776,24574,0.7461866491717238,0.20957028046580287,0.004510414958176152,0.0025627357716909954,0.021793505002460228,0.7733311464654749,0.1292643923240938,0.036821387567656225,0.2839306216171888,0.2459916985431757,0.25649059982094896,0.32835517213314885,0.139090095222593,0.02022462765524538,0.024106913389874068
69,Powhatan,14645,5665.0,5352,15278,61,5734,14918,262,5949,14843,0,3774,12557,3780,12529,3721,12581,5661,13971,5319,14055,4384,10254,3018,8444,0,2990,8476,2,3110,8257,141,4059,11885,2524,6784,376,3620,6334,2326,6748,994,2693,7357,4469,10887,4087,11200,209,2887,6766,0,2707,6819,183,5202,14172,5086,14288,342.0,30333,23936,11165,0.8500167112299465,0.09320688502673796,0.006016042780748663,0.00254846256684492,0.021056149732620322,0.8747493315508021,0.3028910427807487,0.09370822192513369,0.2393048128342246,0.0696820420958352,0.13506493506493505,0.28822212270488135,0.39346171070309,0.11249440214957457,0.04500965987161719
70,Prince Edward,4560,4624.0,4295,4781,28,4539,4783,139,4616,4566,12,3213,3854,3208,3860,3210,3875,5195,4290,4972,4434,3893,3064,2830,2767,2,2808,2788,6,2880,2708,51,4590,4101,2549,2193,123,3023,2083,2673,2251,389,2680,2453,5117,4100,5132,3951,140,3305,3235,0,2921,3213,227,4802,4604,4631,4775,138.0,21849,18384,7100,0.48661879895561355,0.43102697998259354,0.008322454308093995,0.0015774586597040905,0.04993472584856397,0.5789817232375979,0.1703111401218451,0.06532854656222803,0.1928851174934726,0.25985915492957745,0.24507042253521127,0.30985915492957744,0.14028169014084507,0.03380281690140845,0.024106262177805336
71,Prince George,10141,7080.0,6949,10237,2,6850,10593,201,7056,10012,2,4645,8522,4612,8540,4576,8544,7197,9838,7100,10099,5474,7002,4097,6125,0,4056,6175,0,4149,6042,102,6417,9154,3700,5132,248,4442,4704,3580,5011,674,3816,5375,7051,8779,6992,8878,147,4289,6686,4,4182,6578,132,6877,10322,6628,10571,222.0,43010,34541,12444,0.5681074664890999,0.30482614863495555,0.021800179496829854,0.006485046756029067,0.091282823311427,0.7508468197214904,0.2087084913580962,0.059378709359891146,0.16507918126284704,0.11378977820636452,0.1726936676309868,0.33879781420765026,0.31991321118611377,0.05255544840887175,0.06258466973890799
72,Prince William,81306,137033.0,129385,90948,851,131222,90259,7384,137158,87363,711,88374,64147,88336,64250,87352,64657,144162,80069,142863,81222,106448,54040,73908,48172,93,72454,46943,94,74933,46454,1346,113143,71720,48022,45197,2015,53874,41750,50315,42269,4073,51979,43996,102635,74539,103097,74196,2084,44991,52729,12,44712,52735,2975,142259,81826,141647,82438,3142.0,482204,353402,152543,0.43996921353020074,0.2030944929570291,0.10794788937244272,0.007345742242545317,0.2305221815383048,0.785357751229478,0.3754251532249393,0.1549170632877007,0.1378118969332375,0.059412755747559706,0.10305290967137135,0.27187088230859496,0.36652615983689846,0.1987308496620625,0.5553496589269241
73,Pulaski,12172,5108.0,4568,12877,4,4829,12733,155,5656,11742,0,3392,9554,3418,9513,3276,9630,5941,11203,4924,12127,4062,7835,3589,8041,0,3253,8341,0,3533,8080,135,4171,10321,3300,4795,206,3436,4508,2580,4720,713,2708,5297,5731,8716,5292,8919,453,5432,7271,0,5255,7089,353,4623,12428,4349,12702,282.0,33800,27769,14560,0.8993481940293132,0.04983974936079801,0.004789513486261659,0.0020886600165652344,0.01656523461413807,0.8142893154236739,0.18030897763693327,0.0745435557636213,0.2720659728474198,0.22321428571428573,0.2132554945054945,0.35638736263736265,0.17568681318681317,0.025618131868131867,0.040801988432998426
74,Rappahannock,2785,2115.0,1958,2963,2,2041,2943,77,2053,2948,4,1726,2455,1721,2463,1686,2507,2219,2733,2097,2811,1845,1985,1499,1763,0,1428,1827,0,1489,1773,13,1747,2539,1212,1530,51,1432,1441,1289,1499,123,1325,1572,2037,2272,1979,2311,46,1592,1955,0,1479,1868,203,2121,2787,2188,2720,84.0,7348,6139,2759,0.8968887440951295,0.02899495031764131,0.009610685779442907,0.0016289297931259162,0.0350219905522072,0.8377585926046588,0.2875061084867242,0.1246131291741326,0.3050985502524841,0.10909749909387459,0.15295396882928597,0.28959768031895616,0.2700253715114172,0.15295396882928597,0.01065080352108491
75,Richmond,2608,1484.0,1192,2902,0,1439,2698,24,1563,2550,0,977,2202,961,2213,936,2226,1688,2348,1513,2548,1191,1683,856,1503,0,837,1522,0,876,1478,9,1348,2213,844,1193,38,1093,1142,835,1295,150,836,1393,1550,2123,1574,2160,33,1079,1774,0,1075,1783,88,1447,2614,1385,2676,45.0,8923,7348,2813,0.6559608056614045,0.2803483941208492,0.004491017964071856,0.002177463255307567,0.05647795318454001,0.7302667392487752,0.16140446379967338,0.06777354382144801,0.2513609145345672,0.18130110202630642,0.23391397084962673,0.3018130110202631,0.24884464984002844,0.021685033771773908,0.01799253117388008
76,Roanoke,32933,22295.0,19838,35443,607,21694,34453,902,22978,33610,42,14671,27969,14674,27900,14445,28158,24043,32643,21801,34269,17013,24195,12182,20905,35,11574,21946,16,12650,20649,432,17200,31409,11605,18166,843,12978,17487,9843,18040,2717,10123,20549,20008,30530,18711,31624,801,17286,25070,2,16135,25728,935,22518,33552,23189,32881,919.0,96929,77144,39507,0.8536373535206886,0.05751581458052473,0.033755055480659546,0.0025795914134605414,0.028077361816861972,0.8499040754951779,0.3416986415016074,0.11899823706315461,0.2701571087835736,0.14820158452932392,0.1806009061685271,0.3227276178905004,0.26316855240843395,0.08314982155061128,0.1493704125489084
77,Rockbridge,8081,3978.0,3927,8639,169,4160,8468,199,4525,8198,0,3171,6810,3152,6825,3070,6906,4631,7638,4085,8088,3584,5621,2907,4946,0,2770,5085,4,2974,4872,68,3508,6681,2712,3695,145,3292,3267,2430,3640,587,2545,4045,4194,6063,4087,5897,170,3223,4588,0,2959,4529,352,3782,8391,3503,8670,569.0,22650,18521,9114,0.91782301171643,0.024026780411424867,0.00831488580530209,0.003995464607742563,0.017061713730360133,0.822633767075212,0.260083148858053,0.11095513201231035,0.32541439447114084,0.15810840465218345,0.27978933508887427,0.3290542023260917,0.17445687952600394,0.04970375246872943,0.014659795656040418
78,Rockingham,32030,15329.0,13781,33912,751,15036,33032,784,16180,32081,18,8971,26287,8495,26745,8569,26766,13739,29701,12644,30349,9811,21151,6943,18139,2,6823,18219,0,7061,17880,291,9366,25990,5322,14744,559,6165,15500,5725,14967,1317,5425,16561,10014,24339,10064,24186,557,6480,17473,2,5833,17479,678,13327,29666,13971,29022,709.0,83757,65371,31576,0.8847348212510134,0.02343546832693396,0.010738706765997155,0.003181839041776935,0.06932737758333206,0.7609184500772513,0.24946841871778005,0.10139052485046886,0.24359425433296109,0.13209399543957437,0.21899543957436027,0.3549847985812009,0.2356853306308589,0.04930960222954142,0.038055242052003425
79,Russell,11077,2283.0,2564,10696,0,2172,11304,37,3326,9885,2,1490,8118,1469,8121,1452,8229,3288,9962,2373,10879,2471,6378,1483,5159,0,1543,5084,0,1506,5143,31,2329,9521,2442,3946,76,1990,3896,1914,3919,172,1856,4123,4242,7713,3717,8181,161,5316,5348,0,5442,5065,285,1957,11295,1408,11844,116.0,25781,20830,10316,0.9668746999519923,0.009313490158425348,0.0016322611617858858,0.0009121459433509362,0.005376860297647623,0.7530004800768123,0.11344215074411906,0.028612578012481998,0.2668746999519923,0.29430011632415665,0.298856145792943,0.2501938735944164,0.13134936021713842,0.014734393175649476,0.021021569511589545
80,Scott,9247,1687.0,1742,9089,2,1606,9391,28,2430,8358,0,1072,6986,1056,6973,1034,7065,2191,8543,1692,9063,1627,5824,1096,4972,0,1165,4886,0,1089,4997,13,1581,8247,1406,3699,48,1156,4011,1157,4000,95,1084,4184,2775,7121,2394,7439,103,3331,5662,0,3553,5535,248,1483,9272,1301,9454,63.0,21576,17656,8668,0.9598436792025374,0.0061735387403715454,0.001359311282283643,0.0017557770729497056,0.008778885364748527,0.7515858631626643,0.1301540552786588,0.04106252831898505,0.29174218396012686,0.31068297185048455,0.2541532071988925,0.2917628057221966,0.11317489616982003,0.008075680664513151,0.015547088019461242
81,Shenandoah,16715,6958.0,6288,17462,426,6914,17214,360,7967,16096,3,4749,13476,4627,13567,4536,13692,7313,16223,6836,16464,5362,10836,3913,9258,0,3487,9740,0,3932,9219,97,5273,14095,3219,7623,227,4123,7235,3564,7344,649,3555,7918,6630,12411,6470,12538,292,4703,9801,0,4420,9637,396,6916,16384,6952,16348,455.0,44186,34862,17549,0.8848603063507544,0.023549997131547245,0.008261143938959326,0.004417417245137972,0.06674889564568871,0.8064654925133383,0.18590442315415065,0.07110894383569502,0.27135563077276115,0.18052310672972818,0.23562596159325316,0.3509031853666876,0.19340133340931107,0.03265143313009288,0.03357772286105969
82,Smyth,11049,3008.0,2776,11425,2,2806,11520,98,3885,10338,0,1796,8417,1742,8439,1751,8477,3974,10013,3008,10963,2683,6864,1717,6149,0,1789,6049,0,1747,6107,55,2665,9751,2405,4296,130,2399,4907,2307,4880,323,2113,5338,4562,8021,4171,8378,176,4532,6857,0,4835,6580,324,2828,11143,2616,11355,269.0,29800,23953,12560,0.9441823571160188,0.014528451550953952,0.0034233707677535172,0.0016699369598797646,0.014737193670938922,0.7706341585605143,0.14495052811756357,0.04801068759654323,0.2705715359245188,0.28861464968152867,0.29562101910828026,0.2767515923566879,0.1195859872611465,0.009952229299363057,0.02548744743213967
83,Southampton,5868,3782.0,3530,5930,124,3625,6132,61,3914,5800,2,2785,5014,2710,5078,2716,5083,4123,5491,3968,5730,3046,3869,2516,3602,0,2434,3678,0,2528,3563,20,3594,5035,2377,2594,58,2716,2325,2295,2577,237,2306,2737,4440,4626,4436,4733,60,3569,3284,0,3359,3293,25,3669,6029,3421,6277,107.0,17996,14513,6607,0.6217184593123407,0.3366636808378695,0.0032384758492386137,0.0038586095224970715,0.01384965203610556,0.7925308344243093,0.17453317715151934,0.05994625508165093,0.2494315441328464,0.16452247616164672,0.24670803693052823,0.31512032692598757,0.2288481913122446,0.03133040714393825,0.011596100524453557
84,Spotsylvania,40202,36878.0,35407,42775,94,35747,42530,1236,37339,41198,62,21808,32231,21638,32413,21427,32478,35485,39121,34307,39411,24554,26465,15714,20869,6,15532,21027,22,15870,20482,436,24207,34622,12381,19445,758,13867,17411,12220,17754,1657,13001,18299,25834,31266,25164,31844,824,14500,20295,11,13446,20725,826,36988,36730,39648,34070,1197.0,140032,105356,48732,0.6723300049356468,0.16407228824177075,0.029224723793614033,0.004802763962185353,0.10009871293519117,0.817153270815141,0.3000113899540605,0.1162724477011276,0.1894623941683435,0.08493392432077485,0.13804071246819338,0.27636871049823525,0.36678158089140606,0.13325945990314372,0.13469083494043696
85,Stafford,37755,42945.0,40896,41019,130,41251,40589,1697,42603,39764,106,25862,31397,25838,31464,25463,31681,40565,37388,40245,37635,28536,26369,18705,21684,11,18563,21840,12,19010,21124,510,27907,33868,13436,19791,763,15513,18107,13657,18596,1756,14461,19232,27820,31998,27182,32480,780,13908,20164,15,12596,20731,919,43510,34370,46854,31026,1140.0,156927,115060,50878,0.6061359290804798,0.19189118720667478,0.04077872414392491,0.00750912567356162,0.12985398922301408,0.8223535546671302,0.37482183208760644,0.14707109334260385,0.14269077003302624,0.0575494319745273,0.10560556625653524,0.2491253587012068,0.38336805692047643,0.20360470144266676,0.2250707796808532
86,Surry,2064,2272.0,2176,2132,4,2176,2205,54,2232,2100,4,1777,1742,1745,1770,1756,1768,2439,1958,2398,2025,1997,1436,1637,1307,0,1633,1310,0,1658,1268,20,2272,1818,1546,963,50,1644,998,1576,977,116,1559,1076,2553,1659,2577,1672,45,1864,1321,0,1845,1313,71,2125,2298,1842,2581,45.0,6561,5429,2727,0.5422729784490699,0.4162829250322343,0.0020261558298029104,0.002394547798857985,0.013998894824092835,0.7784122306133726,0.2064836986553693,0.05065389574507276,0.27482040891508563,0.2258892555922259,0.17198386505317198,0.3142647598093143,0.23982398239823982,0.019801980198019802,0.009081308228819624
87,Sussex,2201,2611.0,2502,2227,2,2539,2322,19,2605,2225,0,2037,1955,2015,1972,2028,1973,2924,2146,2826,2219,2259,1599,1797,1437,0,1788,1437,0,1829,1429,13,2878,2056,1710,1241,15,2072,1094,1834,1259,139,1816,1373,3278,2056,3358,2021,25,2225,1774,0,2005,1744,150,2603,2442,2387,2658,49.0,10829,9211,3589,0.4244924546737596,0.5382694604277495,0.0011942242970361524,0.0015199218325914667,0.02366735425035284,0.7152317880794702,0.1185539029421344,0.03354684616219737,0.2097492128976224,0.18640289774310392,0.21120089161326275,0.3572025633881304,0.2053496795764837,0.005572582892170521,0.008528960977384746
88,Tazewell,16413,3194.0,3191,16113,4,3029,16711,120,4952,14097,6,1952,11884,1850,11992,1821,12045,4504,15032,3205,16732,2809,10428,1890,8088,2,1836,8131,2,1656,8372,28,2894,15168,2574,6972,70,2558,7179,2358,7490,262,2474,7268,4318,13477,3661,13843,165,6940,8601,0,7226,8654,461,2902,17035,2518,17419,133.0,40429,32852,15703,0.9329112382807744,0.025173505418239376,0.005387799829538536,0.0014306587117983685,0.011688786070863266,0.7631803238767807,0.14434433215633752,0.04870327529526361,0.27882625106538417,0.28236642679742724,0.2873336305164618,0.2521174297904859,0.1443673183468127,0.019677768579252373,0.030088533774712205
89,Warren,15013,6874.0,6391,15431,477,6910,15400,369,7529,14770,18,4488,11152,4421,11204,4327,11295,7076,13875,6604,14069,5059,8875,3568,6727,2,3411,6921,4,3531,6712,105,5168,11772,3047,5932,256,3789,5711,3392,5872,416,3484,6087,6616,9748,6452,9869,322,4354,6651,0,4317,6343,518,6491,14182,6375,14298,423.0,40727,31741,15204,0.8632368230364513,0.04328786112598847,0.012570492423049053,0.004410699095806685,0.04851769005387354,0.7901767430137677,0.20175797863961437,0.07258750511956145,0.20500299297438643,0.14167324388318864,0.18080768218889764,0.3237963693764799,0.26578531965272295,0.08083399105498552,0.07327583104835518
90,Washington,21955,6915.0,6761,22354,11,6771,22455,233,8258,20851,7,4572,17319,4459,17387,4505,17394,7743,20656,6617,21680,5825,14350,3937,12334,0,3975,12242,0,4003,12247,70,5553,19321,4401,9360,219,4103,10027,3935,9988,519,3766,10547,7915,17416,7075,18141,364,7278,12316,0,7549,12065,609,6641,21656,6640,21657,356.0,53935,43964,21877,0.9455691019925393,0.012851423892275499,0.005504503684833045,0.001956145937585297,0.01294240742425621,0.8018606132290056,0.22384223455554544,0.08033845873896825,0.28523337275953053,0.204552726607853,0.2541939022717923,0.3106915939114138,0.18178909356858802,0.03894501074187503,0.037107621390116786
91,Westmoreland,5753,4639.0,3916,6484,0,4490,6003,87,4774,5615,0,3037,4523,3000,4560,2971,4613,4821,5009,4501,5319,3448,3422,2427,2879,0,2375,2939,0,2441,2865,22,3836,4448,2216,2338,85,2320,2001,2115,2116,217,2128,2181,4332,3703,4296,3732,62,3079,2970,0,2922,2932,172,4380,5440,4288,5532,101.0,18477,15055,7965,0.6717369644636333,0.23852540684158088,0.007837927598804384,0.004716041182331451,0.045167718365991365,0.7681833277980737,0.1543008967120558,0.06077715044835603,0.31657256725340416,0.21644695543000628,0.2613935969868173,0.26578782172002513,0.18907721280602638,0.055743879472693034,0.03110915057219488
92,Wise,13466,3089.0,3248,13087,10,3037,13660,94,4495,11806,4,1878,9584,1867,9571,1796,9691,4129,12097,3110,13367,2860,7991,1885,6607,0,2023,6439,0,1910,6630,56,2701,12086,2181,5414,97,2296,5699,2196,5831,273,2080,6092,4236,10519,3760,11076,116,6191,6769,0,6411,6503,393,2888,13589,2611,13866,142.0,36130,29151,13917,0.904840314225927,0.057836780899454564,0.00439092998524922,0.0016122946039586977,0.011457582930259683,0.6939041542314157,0.12912078487873485,0.047442626324997426,0.22551541971115913,0.2968312136236258,0.25838902062226055,0.32686642236114105,0.10361428468779191,0.005963929007688438,0.034578067188448074
93,Wythe,11929,2954.0,2990,12208,4,3075,12267,89,3732,11269,1,2143,9364,2167,9308,2043,9458,4043,10786,3143,11733,2878,7668,2146,6280,0,1973,6448,2,2114,6320,37,2770,10046,2392,4561,176,2793,4795,2048,4966,641,2227,5408,4030,8081,3782,8324,230,3674,6705,0,3462,6538,223,2966,11910,2787,12089,459.0,28290,22692,12133,0.9311210999471179,0.026441036488630356,0.004803454962101181,0.002555966860567601,0.01092896174863388,0.8168958223162348,0.18072448439978847,0.07540102238674423,0.2627357659086903,0.21824775405917746,0.24643534163026456,0.3687463941317069,0.13830050276106487,0.01615428995302069,0.023645186796139875
94,York,19801,18669.0,16392,22568,40,18297,20721,731,18727,20685,17,12272,17460,12133,17594,12190,17486,18026,20524,17684,20242,13635,14827,9700,13246,17,9613,13358,6,10067,12708,283,12999,18837,7974,12140,510,9261,11660,7744,11922,1417,8061,12857,13849,19745,13182,20204,502,10292,14170,18,8543,15279,648,18568,19358,19427,18499,548.0,70045,52982,25791,0.7149975463364916,0.12819448114453966,0.062285304443018386,0.004020233286776641,0.05851043750707788,0.8620474878260541,0.4391868936619984,0.19893548752406479,0.22466120569249934,0.08099724710170214,0.12702105385599627,0.3216625954790431,0.34318173006087394,0.12651700205498043,0.2582875474759394
95,Alexandria city,12612,64165.0,59657,16692,3118,62327,16113,2467,62597,17174,213,44071,13633,43983,13730,43867,14014,65071,16803,66240,14545,53308,10735,40306,11464,19,40342,11467,18,40897,10823,471,57243,13285,29046,11480,905,31048,9164,29585,9405,2029,30279,10423,52502,19497,52199,20249,833,36114,18628,101,33640,19047,2523,64623,16162,63002,17783,1663.0,159467,130034,75230,0.5425042681144931,0.19727148284294876,0.07263484934709384,0.005729270806096867,0.16390328683267452,0.8642662688220004,0.6027961917652306,0.3141639878800929,0.14324715074518973,0.0948690681908813,0.10926492090921175,0.2758341087332181,0.3140635384819886,0.20543666090655324,4.121552815900339
96,Bristol city,5095,2264.0,2128,5170,4,2230,5198,45,2629,4699,0,1338,3739,1320,3745,1342,3773,2788,4893,2314,5347,1770,3427,1191,3040,0,1206,3009,0,1243,3006,31,1835,4892,1295,2445,57,1297,2595,1306,2536,116,1206,2741,2683,4594,2492,4780,67,2527,3705,0,2646,3493,129,2409,5252,2494,5167,69.0,17219,13724,7452,0.8791168755464879,0.056178956572427864,0.008816671524336928,0.003424657534246575,0.02295249198484407,0.7911687554648791,0.20941416496648207,0.10186534538035558,0.28111337802389974,0.2800590445517982,0.28502415458937197,0.2585882984433709,0.1419753086419753,0.02871712292002147,0.5166061624313701
97,Buena Vista city,1952,756.0,690,2060,52,766,2035,33,936,1881,0,519,1415,527,1415,482,1459,1020,1723,826,1863,666,1046,537,1067,0,485,1135,0,528,1090,19,692,1429,475,691,21,562,656,422,721,97,425,804,964,1478,919,1564,23,924,1017,0,934,974,30,719,1970,600,2089,93.0,6641,5354,2560,0.8769144564811356,0.04557340306313037,0.005416511019798282,0.0056032872618602915,0.03137840866641763,0.6023533806499813,0.14475158759805754,0.07022786701531565,0.22413149047441167,0.29921875,0.298828125,0.24296875,0.116015625,0.028515625,0.3981176188477909
98,Charlottesville city,2333,19938.0,19042,3815,94,19436,3428,571,19440,3649,33,14470,2673,14352,2827,14378,2773,20672,3408,20696,3094,17641,2346,13724,2498,4,13687,2561,3,13942,2315,189,17900,2959,8240,2053,424,9928,2272,9440,1922,1026,9797,2507,16800,4588,16510,4844,390,9160,4004,4,7748,4026,1426,20383,3407,20060,3730,593.0,46553,38880,19165,0.6773148148148148,0.14140946502057614,0.09092078189300412,0.002983539094650206,0.060648148148148145,0.7005401234567902,0.4424125514403292,0.22777777777777777,0.14246399176954733,0.2353769893034177,0.1849726063135925,0.24743021132272372,0.21403600313070703,0.11583615966605791,1.754465968191754
99,Chesapeake city,56715,66838.0,63857,59300,1720,65387,60546,2051,67212,59653,86,43572,47823,42910,48505,42881,48066,68045,58121,66295,58148,49443,39610,37457,34466,8,36985,35065,14,38409,33089,855,52555,54017,29602,29898,1266,34043,28371,30837,28854,3390,30706,31701,56110,52182,55051,53900,1222,36078,38828,2,33537,39680,1322,68844,55599,71271,53172,2380.0,249422,189288,90754,0.5795877181860446,0.29020857106631165,0.037693884451206625,0.004744093656227548,0.058693630869363085,0.8321710832171083,0.3172150374033219,0.11836989138244368,0.17799860529986053,0.10814950305220707,0.1574696432113185,0.3179033431033343,0.32038257266897324,0.0956652048394561,0.2845379688929552
100,Colonial Heights city,5692,3033.0,3086,5459,1,2983,5883,72,3259,5455,0,1762,4891,1784,4852,1728,4912,3144,5788,2971,6008,2104,4184,1419,3700,0,1310,3816,0,1388,3710,41,2367,5680,1188,3351,141,1944,2930,1132,3318,561,1310,3631,2662,5771,2545,5942,107,2334,5520,2,2099,5519,163,3087,5892,3159,5820,141.0,18170,14237,7501,0.733160075858678,0.1427969375570696,0.03385544707452413,0.0024583830863243662,0.055067781133665804,0.822645220200885,0.2338975907845754,0.09278640162955679,0.24232633279483037,0.16371150513264898,0.21157179042794294,0.3334222103719504,0.23036928409545393,0.058792161045193976,0.9336621961872463
101,Covington city,1555,859.0,702,1657,44,818,1642,9,1026,1418,0,619,1162,628,1152,578,1198,1157,1387,965,1581,785,957,544,789,0,492,844,0,545,785,7,913,1349,731,457,6,757,472,590,514,161,562,673,1307,1070,1319,975,19,1202,995,0,1167,966,71,844,1702,744,1802,46.0,5737,4560,2558,0.8179824561403509,0.12785087719298247,0.005701754385964913,0.0028508771929824563,0.019736842105263157,0.7978070175438596,0.12456140350877193,0.05175438596491228,0.2412280701754386,0.27834245504300237,0.32447224394057855,0.26035965598123534,0.1325254104769351,0.001563721657544957,0.4048980167972334
102,Danville city,6577,10706.0,10137,6895,2,10614,6893,170,10986,6335,2,6922,5800,6851,5860,6871,5908,12518,6679,11710,7427,9417,5517,6207,4684,0,6094,4807,0,6304,4664,25,11058,7302,6259,4436,70,5586,4566,5390,4824,595,5158,5182,11840,7902,12219,7763,198,8387,9219,0,8243,9494,660,11449,7688,11222,7915,224.0,42590,33776,18631,0.44558266224538134,0.4892231170061582,0.011576267171956419,0.00447063003315964,0.03840004737091426,0.7383053055423969,0.15502131691141638,0.060901231643770724,0.25746091899573664,0.3374483387901884,0.27132199023133485,0.25377059739144436,0.10707959851859804,0.02646127422038538,0.3842163664083573
103,Emporia city,710,1432.0,1414,683,1,1419,743,10,1414,673,0,898,707,1091,720,1088,722,1617,711,1612,754,1164,608,913,707,0,918,693,0,908,701,19,1530,789,854,501,5,1070,504,987,568,90,945,653,1685,957,1793,886,9,1067,985,0,1115,937,18,1608,758,1596,770,20.0,5766,4398,2244,0.2999090495679855,0.6152796725784447,0.010459299681673489,0.0036380172805820826,0.04911323328785812,0.645293315143247,0.10868576625738972,0.04342883128694861,0.21828103683492497,0.2936720142602496,0.29812834224598933,0.2624777183600713,0.13413547237076648,0.00980392156862745,0.3224291226304311
104,Fairfax city,3594,9225.0,8805,4434,66,8796,4302,469,8882,4408,46,6502,3560,6502,3548,6465,3606,9179,4133,9174,4007,7330,2988,5303,2911,4,5339,2894,2,5380,2822,98,7367,3702,3812,3018,163,4356,2661,3987,2778,398,4150,2948,6729,4683,6651,4774,179,4793,4692,2,4376,4779,435,9264,3917,9361,3820,279.0,24146,19443,9173,0.5785115465720311,0.04510620788972895,0.19492876613691304,0.005708995525381885,0.1615491436506712,0.7842411150542612,0.5169984055958443,0.26091652522758835,0.1822249652831353,0.10476398124931866,0.12166139757985392,0.19775427886187724,0.3074239616265126,0.26545295977324757,1.4938134125216531
105,Falls Church city,1102,7391.0,6988,1677,265,7201,1619,242,7164,1790,15,5403,1542,5415,1537,5388,1591,7015,1750,7146,1489,5903,1112,4652,1307,2,4661,1332,3,4780,1194,78,5818,1325,3599,1310,126,3695,1159,3523,1142,253,3613,1281,5147,2051,5015,2148,98,3529,1989,12,3110,2132,353,7054,1581,6965,1670,327.0,14658,11049,5691,0.7206987057652277,0.039822608380848945,0.11186532717893022,0.0028056837722870848,0.09367363562313331,0.8693999456964431,0.7030500497782605,0.438229704045615,0.17440492352249073,0.051309084519416626,0.06185204709189949,0.19768054823405376,0.33948339483394835,0.3494992092778071,2.767749244712991
106,Franklin city,1419,2376.0,2182,1526,104,2358,1476,51,2367,1358,1,1701,1241,1660,1276,1681,1271,2549,1411,2525,1487,1895,1065,1533,1015,0,1481,1068,0,1540,1002,9,2518,1422,1328,818,20,1527,752,1362,833,92,1343,933,2651,1464,2834,1497,25,1871,1363,0,1764,1392,35,2440,1572,2357,1655,39.0,8180,6293,3463,0.4034641665342444,0.5417130144605117,0.010011123470522803,0.005402828539647227,0.02224694104560623,0.7651358652471,0.19323057365326554,0.08231368186874305,0.2590179564595582,0.2746173837712966,0.23130233901241698,0.2812590239676581,0.20213687554143805,0.0014438348252959862,0.3815654445377367
107,Fredericksburg city,4002,8929.0,8718,4636,25,8760,4481,337,8858,4346,22,5527,3434,5452,3490,5403,3503,8496,4079,8518,4036,6622,2832,4583,2549,1,4564,2571,2,4650,2463,86,6706,3744,3340,2212,175,3844,2106,3488,2154,399,3673,2297,7232,3958,7130,4060,228,3896,2818,3,3367,2944,386,8675,3879,8834,3720,310.0,27982,22249,11599,0.6161625241583891,0.2060317317632253,0.040451256236235335,0.005842959234122882,0.10526315789473684,0.7073126882107061,0.33205986785922964,0.1547485280237314,0.14607398085307205,0.16018622295025434,0.15725493577032504,0.34270195706526424,0.2414863350288818,0.0969911199241314,1.0340342189867338
108,Galax city,1891,765.0,738,1942,0,753,1945,18,893,1789,0,514,1386,515,1393,492,1424,918,1680,776,1838,619,1198,401,933,6,388,952,8,409,930,10,680,1603,563,743,33,543,706,455,728,97,445,816,982,1308,900,1333,41,986,1163,0,997,1161,57,722,1892,648,1966,42.0,6720,5318,2789,0.8142158706280557,0.05434373824746145,0.008085746521248589,0.0045129748025573525,0.11470477623166604,0.6771342610003761,0.1536291839037232,0.06242948476871004,0.22677698382850695,0.27500896378630335,0.3194693438508426,0.22122624596629617,0.09752599498027967,0.0817497310864109,0.3151526520658444
109,Hampton city,16992,43988.0,44869,16335,40,43358,18383,1083,44201,17611,23,30236,14596,29878,14923,29972,14650,46628,17777,46220,18430,37079,12696,28499,11583,3,28488,11656,30,28905,11050,383,41311,17902,23484,10149,696,25827,10496,24631,10384,1902,24556,11731,46431,18732,46965,18639,755,28878,19133,12,27477,19545,835,46148,18502,46094,18556,761.0,137148,109170,57712,0.39625354950993863,0.48672712283594394,0.027589997251992307,0.0046074929009801225,0.052862508015022444,0.7848676376293854,0.23333333333333334,0.09185673719886416,0.19561234771457361,0.1898738563903521,0.2273357360687552,0.33131757693374,0.20463681729969505,0.044929997227612976,1.0289675662292648
110,Harrisonburg city,5690,10818.0,9865,6416,469,10640,6266,425,10922,5947,7,6942,4296,6796,4444,6812,4383,11116,5634,11022,5592,9235,4057,6431,3770,4,6432,3772,10,6555,3596,158,10212,6263,3865,3333,341,4349,3499,4190,3236,572,4062,3877,8507,6681,8654,6566,328,4143,5734,8,3482,5741,734,11355,5259,11649,4965,398.0,51814,42444,17325,0.6955282254264442,0.07551126189803034,0.043044953350296865,0.005136179436433889,0.192724531146923,0.5208274432193007,0.21590801997926679,0.09153237206672321,0.11092262746206767,0.25812409812409814,0.23122655122655122,0.29945165945165947,0.17165945165945165,0.036998556998556996,1.15344716279691
111,Hopewell city,3642,5135.0,5068,3586,8,5067,3832,78,5162,3433,6,3158,3085,3130,3095,3085,3096,5696,3846,5430,4020,3877,2894,2681,2720,6,2645,2766,2,2728,2640,55,4724,3884,2412,2197,101,3014,2163,2498,2446,456,2529,2685,5086,3810,5179,3740,58,2927,3831,0,3024,3749,190,5364,4086,5318,4132,122.0,23033,17545,9284,0.4878312909660872,0.40102593331433456,0.012482188657737247,0.00524365916215446,0.06936449130806498,0.7391849529780564,0.09871758335708179,0.02348247363921345,0.19401538899971502,0.2774666092201637,0.26647996553209824,0.3134424816889272,0.12397673416630763,0.013356311934510987,0.8590236079513669
112,Lexington city,786,1850.0,1671,1097,67,1795,1030,67,1817,1032,2,1317,750,1306,756,1289,775,1854,895,1791,906,1511,570,1129,605,0,1102,632,0,1161,573,5,1514,766,982,501,33,1059,428,937,498,65,941,558,1572,1101,1485,1146,46,1177,901,0,1047,956,135,1718,979,1667,1030,189.0,7320,6489,2122,0.8448143011249807,0.06118045923871167,0.04237941131145015,0.0013869625520110957,0.03806441670519341,0.49899830482354757,0.3140699645554014,0.15826783787948837,0.16212051163507474,0.26154571159283696,0.16352497643732328,0.2756833176248822,0.27097078228086713,0.018378887841658812,1.1315504714793632
113,Lynchburg city,18125,17557.0,16501,19693,227,16663,19575,784,17019,19478,49,11146,13545,11054,13657,11001,13668,18586,17209,18049,17098,13583,12238,9823,11247,3,9384,11640,2,10047,10960,280,14792,17982,8283,10626,484,9186,10295,7922,10631,1188,8126,11448,16129,19600,15948,19805,593,11149,12423,15,10375,12520,614,18716,16431,19443,15704,556.0,79009,64409,28783,0.6503749476004906,0.2503997888493844,0.022605536493347202,0.003260413917309693,0.0437050722725085,0.6124920430374637,0.2621683305128165,0.10861836078808862,0.17114067909764163,0.20800472501129139,0.25466421151374075,0.3291526248132578,0.1723239412153007,0.03182434075669666,0.6228635847628657
114,Manassas city,5780,9576.0,8649,6904,33,8953,6614,378,9278,6385,23,6242,4978,6237,4991,6155,5050,10547,6227,10356,6255,8130,4496,5256,3998,0,5212,4024,2,5295,3898,118,8423,5954,4004,3891,245,4277,3818,4013,3827,380,4123,3996,8322,6549,8477,6463,213,5252,6900,0,5281,6786,397,10554,6057,10755,5856,211.0,42772,31660,13713,0.4281427668982944,0.12353126974099811,0.06866708780795958,0.011718256475047378,0.37931143398610234,0.7504106127605812,0.2772267845862287,0.1118445988629185,0.13736576121288693,0.08575803981623277,0.12149055640632976,0.29709035222052066,0.351345438634872,0.14424268941879967,1.6779255423482797
115,Manassas Park city,1912,3822.0,3432,2311,37,3505,2314,177,3714,2112,28,2194,1372,2208,1367,2158,1378,4084,1928,3992,1980,3032,1260,1947,1112,0,1940,1112,0,1958,1064,54,3203,1732,1224,1093,72,1347,1035,1268,1049,104,1307,1088,3053,2021,3113,1962,73,1038,1511,0,1059,1474,73,3985,1987,3977,1995,85.0,17219,12701,5177,0.3466656168805606,0.1307771041650264,0.11739233131249507,0.009605542870640107,0.40894417762380914,0.7040390520431462,0.22037634831903,0.0638532399023699,0.1133768994567357,0.027815337067799883,0.15897237782499518,0.3973343635310025,0.30963878694224456,0.10643229669692872,2.1915489372534047
116,Martinsville city,2003,3471.0,3219,2260,2,3436,2156,82,3515,1942,0,2263,1645,2244,1662,2224,1675,3957,1882,3765,2166,2889,1565,2179,1504,2,2118,1551,0,2186,1488,59,3533,2148,2145,1317,77,1970,1335,1722,1411,240,1788,1543,3811,2299,3854,2312,110,3009,2692,0,3048,2560,79,3693,2238,3594,2337,118.0,13485,10659,5658,0.4728398536448072,0.44084810957875975,0.007974481658692184,0.0028145229383619475,0.058917346843043436,0.7383431841636175,0.1870719579697908,0.06051224317478188,0.22281639928698752,0.331389183457052,0.2880876634853305,0.2513255567338282,0.09544008483563096,0.027748320961470483,0.47542659709490903
117,Newport News city,24039,49485.0,50149,23928,86,48169,26385,1355,49498,25323,35,32685,21091,32339,21430,32357,21198,53208,25387,53045,26335,39399,17890,29761,16779,21,29685,16922,6,30367,15985,609,45618,25467,23386,14537,817,26699,15016,25057,14790,2441,25011,16676,50761,27306,51063,27199,975,31926,26150,18,29870,27054,1041,52784,26596,52526,26854,1030.0,186247,144719,76199,0.43480123549775773,0.40789391855941515,0.03649140748623194,0.004975158755933913,0.09075518763949447,0.7689038757868697,0.23691429598048633,0.08976015588830769,0.16973583288994534,0.20588196695494693,0.22598721768002206,0.327458365595349,0.20716807307182508,0.03211328232653972,1.042378620400168
118,Norfolk city,22764,62720.0,63408,23701,69,61836,25285,1737,63288,24525,30,40918,18770,40392,19294,40327,18888,66160,23085,64449,23444,50569,15603,38432,14763,2,37854,15464,10,39456,13490,601,57029,21552,29209,12252,1081,34515,10393,31707,11654,2703,31404,13716,61887,22953,62688,23146,980,40791,21719,2,38258,21921,1805,63002,24891,61357,26536,1637.0,238005,192486,94137,0.45955030495724364,0.3866463015492036,0.041099092921043606,0.005875752002743056,0.08867657907588085,0.6988612158806354,0.2517066176241389,0.10016832393005205,0.14284675249109027,0.21179769909812296,0.2324059615241616,0.3200866821759776,0.18921359295494863,0.04441399237281834,1.7250864337124094
119,Norton city,1127,485.0,427,1160,0,456,1170,5,604,970,0,344,842,325,859,321,866,591,987,464,1109,408,671,280,567,0,310,535,0,287,561,5,383,1021,293,462,25,355,488,346,482,37,335,523,620,859,567,894,23,784,741,0,866,638,17,469,1104,474,1099,14.0,3687,2895,1533,0.8984455958549222,0.04835924006908463,0.007944732297063902,0.0017271157167530224,0.015889464594127805,0.8158894645941278,0.20207253886010362,0.08704663212435233,0.2690846286701209,0.34833659491193736,0.23026744944553162,0.2576647097195042,0.13894324853228962,0.0182648401826484,0.19036555142503098
120,Petersburg city,1394,11450.0,11163,1586,13,11222,1706,170,11257,1587,6,7626,1210,7594,1275,7593,1210,12416,1509,12392,1589,9172,991,7098,997,2,7131,985,2,7165,940,37,12022,1454,6799,843,60,7295,879,7260,798,223,7218,953,13882,1568,14283,1526,51,8256,2423,0,8750,2109,153,12016,1965,11529,2452,84.0,33458,27056,14560,0.17966439976345358,0.7327395032525134,0.010755470136014193,0.004435245416913069,0.05052483737433471,0.7207273802483738,0.18639118864577173,0.06955943228858663,0.20827173270254287,0.3037087912087912,0.25542582417582416,0.3215659340659341,0.10762362637362638,0.007554945054945055,0.5686074572584209
121,Poquoson city,5669,2130.0,1790,6147,8,2119,5801,145,2273,5729,10,1396,4870,1355,4899,1364,4896,2212,5594,2055,5605,1737,4105,1261,3532,4,1170,3627,1,1298,3474,59,1601,5092,1077,3127,100,1468,2899,1039,2987,377,1129,3216,1843,5194,1679,5312,106,1908,3919,8,1449,4272,141,2109,5551,2162,5498,121.0,12460,9593,4720,0.9054518920045866,0.010424267695194413,0.022620660898571874,0.0032315229855102677,0.027311581361409362,0.8810591055978317,0.3900760971541749,0.192119253622433,0.25768789742520587,0.08029661016949152,0.10317796610169491,0.22330508474576272,0.4521186440677966,0.1402542372881356,0.3132778518090162
122,Portsmouth city,11565,28547.0,29149,11116,23,28318,12374,677,28803,11585,4,19782,9808,19400,10176,19513,9945,31520,12240,30949,12755,23985,8601,19884,8549,6,19558,8922,2,20155,8167,293,28496,12794,17100,6760,591,18850,6696,17671,6776,1428,17655,7784,32282,12819,32502,12857,491,23210,12571,14,22289,12628,541,31017,12687,31025,12679,580.0,97915,76164,39114,0.3979045218213329,0.5132871172732525,0.014284964024998688,0.004490310382858043,0.039493724069114014,0.7853447823118533,0.18341998844598498,0.06639619767869334,0.19461950527808414,0.23656491281893952,0.23140052155238533,0.329600654497111,0.1728025770823746,0.027867259804673517,1.134983192303234
123,Radford city,2944,3362.0,3101,3320,5,3231,3198,138,3422,3052,8,1930,2225,1923,2233,1879,2267,3551,2689,3357,2786,2978,1958,2142,1747,4,2067,1831,2,2163,1707,52,2924,2638,1446,1257,70,1633,1240,1365,1253,287,1401,1500,2839,2452,2732,2520,130,2240,2147,0,2062,2189,194,3311,2832,3327,2816,123.0,16070,13832,5512,0.7695922498554078,0.14018218623481782,0.014820705610179294,0.0025303643724696357,0.04344997108155003,0.496096009253904,0.2199248120300752,0.11307113938692887,0.10526315789473684,0.39459361393323655,0.15584179970972423,0.2474600870827286,0.1612844702467344,0.03356313497822932,0.6415938036491396
124,Richmond city,15075,88236.0,88376,17393,108,88711,17040,2979,89672,17399,65,63723,15722,63198,16246,61930,15712,91222,18204,92174,16603,75485,11962,57170,13518,7,57346,13417,4,58046,12262,895,81260,15581,38963,10749,1726,46896,10055,42958,9853,5225,44683,12677,76783,19080,75922,20049,1443,45014,20246,1,42761,20300,2945,89805,18972,87012,21765,2440.0,226610,187946,99656,0.46740021069881776,0.38396135060070447,0.031312185414959615,0.0037883221776467708,0.0898502761431475,0.7448362827620699,0.37633149947325295,0.15624168644185032,0.15774743809392058,0.23660391747611784,0.2305029300794734,0.2850004013807498,0.1703961628000321,0.07590109978325439,1.4604547446572658
125,Roanoke city,14426,26201.0,23678,16641,1058,25737,15787,760,26675,15081,23,17078,11813,16941,11897,16817,12023,28345,14498,26772,15606,20148,10508,14934,9169,0,14493,9591,3,15098,8890,232,22285,14788,12311,7713,739,13402,7770,11713,7785,2099,11931,9461,24871,14600,24134,14991,954,18160,14692,0,17916,14626,891,26949,15429,27161,15217,897.0,100011,78948,43311,0.6180903886102245,0.2570806100217865,0.02414247352687845,0.00409130060292851,0.06861478441505801,0.7908370066372802,0.24361605107159143,0.09558190201145057,0.21568627450980393,0.27318695019740946,0.23631410034402345,0.2980074346009097,0.14652166886010481,0.042645055528618594,0.9080929421699219
126,Salem city,7480,5277.0,4636,7976,318,5237,7768,201,5652,7352,7,3395,6100,3372,6102,3345,6145,5696,7234,5149,7683,4117,5570,3061,5059,0,2857,5241,6,3135,4945,102,4201,7227,2749,3913,212,3158,3842,2324,4018,731,2436,4653,5138,7031,4760,7299,226,4639,6022,2,4356,6200,234,5288,7544,5421,7411,248.0,25346,20582,9935,0.8482168885433874,0.07074142454571956,0.02166941988144981,0.0020406180157419105,0.03415605869206102,0.7751919152657663,0.2712564376639782,0.11077640656884656,0.2323389369351861,0.16607951685958733,0.2008052340211374,0.3108203321590337,0.24962254655259183,0.07267237040764972,0.6745262933787524
127,Staunton city,5461,7631.0,7047,6002,306,7592,5779,256,7820,5553,9,5163,4529,5003,4686,5004,4640,7288,5546,6982,5695,5418,3937,3990,3522,6,3956,3534,6,4047,3406,103,5333,5133,3010,3045,182,3267,3012,3057,2868,503,3004,3344,5625,5238,5729,5271,187,3740,4642,0,3324,4879,312,7294,5383,7650,5027,279.0,25750,21005,11315,0.8046179481075935,0.11411568674125208,0.012044751249702453,0.003761009283503928,0.036324684598905026,0.8101404427517258,0.2679838133777672,0.11059271601999524,0.25789097833849084,0.21970835174547063,0.2533804684047724,0.3049049933716306,0.18418029164825453,0.033318603623508615,0.49909871494194946
128,Suffolk city,21674,30182.0,28918,22310,1466,30597,22112,836,31586,21256,47,19335,17197,19041,17489,19104,17364,29359,19987,28757,20115,21459,13418,16393,12007,2,16120,12314,2,16670,11641,256,23351,18036,13532,10201,452,14036,9699,13131,9905,1143,12886,10824,24246,17543,24266,17819,405,12743,11534,0,12471,11836,349,28520,20352,28192,20680,853.0,94324,72009,35893,0.49789609632129317,0.41365662625505145,0.01877543084892166,0.0038189670735602494,0.03712035995500562,0.8123429015817467,0.27860406338096627,0.11006957463650377,0.19104556374897583,0.14713175270944195,0.1618978630930822,0.2926197308667428,0.3035968016047697,0.09235784136182543,0.09123999686593455
129,Virginia Beach city,102797,118447.0,108932,111291,5402,115407,109373,3983,118914,106475,89,74427,86888,73994,87170,73962,86972,120744,103035,117384,105086,91808,73575,63785,63333,28,62084,65189,20,66439,60073,1622,91026,98224,49218,54602,2927,57485,47715,49357,51494,7023,49208,57261,96466,95389,94299,99292,2559,69132,80947,35,62268,83675,3829,121207,101263,124980,97490,3536.0,459470,358086,178897,0.6326860028037957,0.18126092614623301,0.07798964494562759,0.004202900979094408,0.07574437425646353,0.8363493685874342,0.34325273816904317,0.12772909301117608,0.1852850991102696,0.10052152914805726,0.16886252983560374,0.33381219360861275,0.302559573385803,0.09401499186682839,0.7249573596259954
130,Waynesboro city,5686,5217.0,4847,5954,238,5240,5882,152,5520,5598,4,3416,4362,3273,4507,3274,4472,5275,5323,4961,5507,3850,3713,2614,3211,0,2578,3232,0,2653,3144,57,3763,4800,1952,2675,151,2140,2700,1919,2598,460,2030,2900,3873,4775,3841,4790,97,2908,4054,0,2726,4067,279,5087,5381,5182,5286,219.0,22196,17424,9446,0.7806473829201102,0.11547291092745639,0.012511478420569329,0.0014348025711662074,0.06823921028466483,0.7817378328741965,0.24626951331496785,0.08999081726354453,0.21504820936639119,0.27006140165149267,0.25111158162185054,0.30002117298327335,0.15032818124073682,0.027842473004446325,0.5725340486999587
131,Williamsburg city,1928,5681.0,5282,2438,4,5613,2119,162,5635,2151,4,3208,1702,3186,1712,3184,1704,4812,2020,4790,1964,4530,1548,3690,1549,0,3656,1595,0,3724,1492,56,5205,1924,2467,1359,91,2970,1313,2749,1337,254,2770,1508,5037,2547,4903,2682,143,2080,1606,0,1737,1798,225,4530,2224,4294,2460,123.0,15425,13910,4839,0.49662113587347234,0.38267433501078363,0.03357296908698778,0.002156721782890007,0.06412652767792955,0.5416247304097771,0.29583033788641266,0.13860531991373112,0.18641265276779295,0.1868154577392023,0.1911551973548254,0.3180409175449473,0.200661293655714,0.10146724529861542,0.6661915867668653
132,Winchester city,4858,6598.0,6075,5250,317,6406,5253,235,6805,4904,2,4422,4032,4325,4122,4295,4138,6899,5077,6611,5222,5243,3658,3543,3040,0,3327,3287,0,3569,2970,107,5165,4790,2732,2985,204,2929,2669,2631,2702,326,2748,2918,5291,4815,5095,4946,223,3491,4264,0,3317,4314,254,6778,5055,6949,4884,203.0,28120,22235,11020,0.6944456937261075,0.10173150438497863,0.026085001124353496,0.007960422756914774,0.1573645154036429,0.7369012817629863,0.2861254778502361,0.11382954800989431,0.20661119856082752,0.15517241379310345,0.23693284936479128,0.3340290381125227,0.1911978221415608,0.07903811252268603,1.180718844474303
