,County,Baseline_R,Baseline_D,2024_StH_D,2024_StH_R,2024_StH_O,2023_Ssc_D,2023_Ssc_R,2022_Sos_D,2022_Sos_R,2022_Sos_O,2022_Ag_D,2022_Ag_R,2022_Ag_O,2022_Gov_D,2022_Gov_R,2022_Gov_O,2022_Sen_D,2022_Sen_R,2022_Sen_O,2022_Tre_D,2022_Tre_R,2022_Tre_O,2020_Pre_D,2020_Pre_R,2020_Pre_O,2020_Hou_D,2020_Hou_R,2020_Hou_O,2018_Gov_D,2018_Gov_R,2018_Gov_O,2018_Sos_D,2018_Sos_R,2018_Sos_O,2018_Tre_D,2018_Tre_R,2018_Tre_O,2018_Sen_D,2018_Sen_R,2018_Sen_O,2018_Ag_D,2018_Ag_R,2018_Ag_O,2016_Pre_D,2016_Pre_R,2016_Pre_O,2016_Sen_D,2016_Sen_R,2016_Sen_O,2014_Ag_D,2014_Ag_R,2014_Ag_O,2014_Gov_D,2014_Gov_R,2014_Gov_O,2014_Sos_D,2014_Sos_R,2014_Sos_O,2014_Tre_D,2014_Tre_R,2014_Tre_O,2014_Hou_D,2014_Hou_R,2014_Hou_O,2012_Gov_D,2012_Gov_R,2012_Gov_O,2012_Pre_D,2012_Pre_R,2012_Pre_O,2012_Hou_D,2012_Hou_R,2012_Hou_O,2012_Sen_D,2012_Sen_R,2012_Sen_O,2012_StH_D,2012_StH_R,2012_StH_O,2010_Gov_D,2010_Gov_R,2010_Gov_O,2010_Sos_D,2010_Sos_R,2010_Sos_O,2010_Tre_D,2010_Tre_R,2010_Tre_O,2010_Hou_D,2010_Hou_R,2010_Hou_O,2010_Sen_D,2010_Sen_R,2010_Sen_O,2010_Ag_D,2010_Ag_R,2010_Ag_O,2008_Pre_D,2008_Pre_R,2008_Pre_O,2006_Gov_D,2006_Gov_R,2006_Gov_O,2006_Sos_D,2006_Sos_R,2006_Sos_O,2006_Tre_D,2006_Tre_R,2006_Tre_O,2006_Sen_D,2006_Sen_R,2006_Sen_O,2006_Ag_D,2006_Ag_R,2006_Ag_O,2004_Pre_D,2004_Pre_R,2004_Pre_O,2004_Sen_D,2004_Sen_R,2004_Sen_O,2002_Gov_D,2002_Gov_R,2002_Gov_O,2002_Sos_D,2002_Sos_R,2002_Sos_O,2002_Tre_D,2002_Tre_R,2002_Tre_O,2002_Ag_D,2002_Ag_R,2002_Ag_O,2096_Pre_D,2096_Pre_R,2096_Pre_O,2000_Pre_D,2000_Pre_R,2000_Pre_O,2092_Pre_D,2092_Pre_R,2092_Pre_O,2098_Ag_D,2098_Ag_R,2098_Ag_O,2094_Ag_D,2094_Ag_R,2094_Ag_O,2094_Sos_D,2094_Sos_R,2094_Sos_O,2098_Sos_D,2098_Sos_R,2098_Sos_O,2000_Hou_D,2000_Hou_R,2000_Hou_O,2000_Sen_D,2000_Sen_R,2000_Sen_O,2098_Gov_D,2098_Gov_R,2098_Gov_O,2098_Tre_D,2098_Tre_R,2098_Tre_O,2098_Sen_D,2098_Sen_R,2098_Sen_O,2096_Hou_D,2096_Hou_R,2096_Hou_O,2094_Gov_D,2094_Gov_R,2094_Gov_O,2094_Tre_D,2094_Tre_R,2094_Tre_O,2094_Sen_D,2094_Sen_R,2094_Sen_O,2092_Hou_D,2092_Hou_R,2092_Hou_O,2092_Sen_D,2092_Sen_R,2092_Sen_O,2090_Gov_D,2090_Gov_R,2090_Gov_O,Baseline_O,Population 2020,VAP,Number of Households,Percent White VAP,Percent Black VAP,Percent Asian VAP,Percent Native VAP,Percent Latino VAP,Percent High School Attainment,Percent Bachelors Attainment,Percent Graduate Attainment,Percent Senior VAP,Percent Income <25k Households,Percent Income 25-50k Households,Percent Income 50-100k Households,Percent Income 100-200k Households,Percent Income >200k Households,Population Density (Per Square KM)
0,Adams,7581,4114.0,4412,8119,15,3241,4191,3540,5941,342,3820,6004,0,3859,5857,110,3644,6202,0,3569,5974,223,4328,7362,62,4640,6910,0,3892,5210,129,4104,5095,0,3896,4998,206,4537,4855,0,3817,5243,141,3745,5967,419,4093,5447,493,3545,4139,259,3761,4296,55,4031,3516,290,3503,3721,537,4183,3730,0,3657,4496,69,5542,4643,39,5183,3798,0,5160,4403,207,4643,4408,0,3400,3785,58,3685,3368,9,3432,3522,7,2964,4143,0,3460,3795,0,3061,4090,2,5993,4032,209,4521,3381,152,4772,2591,215,3883,3107,330,5753,2011,153,3980,3794,6,5632,4966,115,5972,4556,43,3160,2166,103,3931,2210,157,3088,2573,649,3781,2668,0,4117,2448,1250,4823,3917,369,3538,2464,19,4125,1964,68,2516,2301,28,2570,1910,80,3487,2361,100,3291,5172,17,5750,2991,78,2449,3901,60,2779,2786,65,3158,3129,61,2554,4263,130,1609,3161,49,1730,2553,143,2903,2006,26,3487,3789,0,3978,3491,24,2152,2390,0,510.0,20654,17644,8816,0.9132282929041033,0.03230559963727046,0.004477442756744502,0.00997506234413965,0.03134209929721152,0.8271933801858989,0.14021763772387213,0.026637950578100204,0.34396962140104287,0.21075317604355717,0.2666742286751361,0.3286070780399274,0.16379310344827586,0.007146098003629764,0.012351179174622615
1,Ashland,3919,4716.0,4542,4168,0,3022,1764,3776,2842,266,3933,2961,1,4033,2904,34,3903,3075,1,3842,2881,90,4800,3840,52,4794,3745,2,4168,2583,105,4294,2493,0,4194,2417,54,4532,2350,2,4089,2526,51,4225,3302,503,4451,3214,180,3966,2203,102,4151,2333,44,4118,2014,105,3738,2040,421,4143,2286,53,4173,2598,25,5400,2821,131,5051,3171,0,5307,2912,115,5455,2630,0,3664,2206,17,3888,1907,0,3599,2068,2,3338,2464,80,3734,2156,0,3313,2583,0,5818,2633,84,4118,1903,217,4004,1637,297,3554,1930,360,4579,1326,187,3720,2369,0,3840,2410,26,3854,2026,6,3091,1573,96,3265,1343,3,2693,1609,122,3204,1442,0,3808,1863,1106,4356,3038,496,4212,2371,40,3497,1477,11,3218,1654,31,3259,1387,63,3355,1538,46,5680,1622,0,5469,1649,126,2692,2610,21,2725,1875,122,3259,2022,5,4496,2214,0,2002,3221,68,2242,1983,131,3776,1426,119,5334,1985,0,4650,3152,46,2086,3065,0,167.0,16027,12586,6637,0.825282059431114,0.006515175591927539,0.005800095344033053,0.11385666613697759,0.017400286032099158,0.8252026060702368,0.16677260448116954,0.05013507071349118,0.24781503257587795,0.238662046105168,0.20219978906132288,0.3656772638240169,0.14675305107729394,0.01190296820852795,0.005921919489681073
2,Barron,16094,9280.0,8351,17988,0,5313,7728,7079,12321,657,7490,12578,2,7552,12246,199,7121,12927,6,7088,12492,289,9193,15803,246,9118,15936,0,7623,10654,149,7994,10300,2,7635,10226,287,8570,9910,0,7510,10447,258,7888,13614,1168,8698,12893,758,6673,9045,456,6831,9695,101,7416,8254,616,6644,8500,1017,6504,9773,112,7014,10419,99,10889,11443,271,9707,11621,7,10643,10804,836,11328,10692,2,6745,8485,154,7292,7948,12,6782,8355,12,6808,8330,479,6854,8445,2,6091,9280,10,12077,10456,327,8135,7919,227,8848,6218,681,7657,7041,838,10466,5119,593,8305,7668,7,11696,12029,160,12360,10611,63,6540,6237,253,7615,5346,34,6357,6304,348,7501,5734,0,8024,6157,3001,8927,9848,1128,8063,6572,50,7920,4544,77,5642,4766,11,5430,4278,51,7126,5008,177,11845,6863,0,11394,7213,116,5715,7448,74,5786,5878,166,6165,6973,26,8667,8035,0,3993,6784,60,3915,5314,114,5865,4776,10,8029,10069,82,9867,9137,88,4983,5494,0,295.0,46711,36847,19068,0.9249328303525389,0.014682335061199012,0.007626129671343664,0.008983092246315846,0.02122289467256493,0.8175699514207398,0.1849811382202079,0.05625966835834668,0.27920861942627623,0.18119362282357876,0.26012166981329976,0.34508076358296624,0.1738514789175582,0.022131319488147682,0.02089736397319683
3,Bayfield,4688,6181.0,5940,5102,0,4343,2438,5131,3810,283,5237,3974,0,5366,3842,26,5182,4082,0,5125,3924,101,6147,4616,44,6106,4588,0,5152,3457,130,5315,3368,0,5196,3285,55,5540,3232,0,5112,3402,48,4954,4123,535,5162,4019,185,4731,2867,189,4888,3074,15,4874,2646,254,4447,2749,494,4775,3080,48,4888,3268,22,6033,3602,106,5573,4026,0,6016,3476,83,6147,3251,2,4184,2960,24,4453,2659,0,4163,2802,0,4017,3009,212,4270,2881,0,3860,3329,0,5971,3365,82,4653,2468,95,4619,2081,332,4116,2392,387,5113,1777,289,4134,3048,1,5845,3753,64,6331,3039,15,3752,1948,186,4152,1741,2,3570,2036,167,4054,1894,0,3894,2249,1191,4426,3265,566,3872,2393,22,4139,1691,9,3198,1796,17,3267,1633,23,3971,1817,22,5900,1991,0,5772,2009,26,3351,2816,4,3411,2114,110,3822,2261,2,4739,2473,0,2051,3256,34,2326,2164,167,3702,1546,17,5097,2218,4,4487,3112,23,2276,3308,0,99.0,16220,13450,7537,0.8595539033457249,0.0026022304832713753,0.002453531598513011,0.08810408921933086,0.012193308550185874,0.8845353159851301,0.31107806691449813,0.11137546468401487,0.33888475836431226,0.16637919596656495,0.20432532837999204,0.3634071911901287,0.2008756799787714,0.020299854053336872,0.004237548283100621
4,Brown,76379,67745.0,64641,79365,19,39666,37136,49961,58303,4443,53165,59968,19,53887,58986,1332,51421,62221,71,48880,60250,2880,65513,75874,2635,55345,87049,8,51726,61426,2521,55196,57861,16,52572,56748,3355,59134,55753,28,51559,60758,2166,53384,67212,8419,51009,71762,4670,39096,55095,3345,40751,58409,1132,44470,47968,3596,37461,50926,6402,35824,61409,21,41238,61968,569,62526,64835,1566,55731,67020,20,60408,61837,3729,52735,61581,1646,37573,49608,918,42320,42868,50,34977,49733,42,39750,48961,58,37393,50791,7,31472,55134,28,67316,55903,1632,45003,46938,1600,49898,35332,4024,39096,43783,5127,63554,26713,2306,42093,49490,90,54892,67120,1186,62339,58487,574,29946,32359,2640,35795,29793,1577,25239,34420,6466,33522,34727,8,42822,38555,9426,49005,54113,4405,37510,42350,342,46738,25449,919,31670,30749,609,33884,24795,1493,40101,29367,1540,27471,76770,49,59674,44380,1374,27273,47480,753,29527,37110,1990,34176,40722,567,50441,40487,62,21120,42293,1076,21930,34293,2674,35493,28213,545,34405,64654,1,50127,49486,1842,26146,35560,2,2946.0,268740,206130,108774,0.8282831223014603,0.02795808470382768,0.027768883714160968,0.025639159753553582,0.0776548779896182,0.8094988599427546,0.27929461990006305,0.08406830640857711,0.1959054965313152,0.14250648132825858,0.21192564399580782,0.33781969956055674,0.2463364406935481,0.05857098203614834,0.19573952963952723
5,Buffalo,5013,2885.0,2597,5348,0,1764,2160,2215,3644,228,2431,3653,0,2390,3637,70,2200,3907,0,2232,3623,161,2856,4826,80,3452,4275,0,2381,3457,93,2624,3186,0,2508,3139,130,2941,2964,0,2358,3317,136,2518,4038,407,2739,3842,285,2168,2971,144,2263,3163,34,2527,2538,211,2185,2619,384,2983,2435,2,2144,3396,28,3563,3358,69,4283,2247,0,3360,3277,226,5256,100,0,2169,2605,40,2330,2318,0,2310,2342,2,2568,2118,200,2193,2626,0,2033,2677,0,3942,2920,109,3073,2192,52,3111,1742,153,2837,1955,154,3842,1274,81,3018,2104,0,3991,3495,46,4182,3137,9,2221,1703,89,2532,1517,19,2133,1735,91,2409,1713,0,2676,1794,1072,3232,3031,365,2993,2024,16,2629,1392,3,2052,1609,23,2111,1411,33,2327,1549,21,4093,1898,0,4011,1932,39,1733,2516,31,1959,1763,34,2134,2065,2,2485,2866,0,1403,2424,23,1392,1902,71,2322,1442,14,3461,3100,71,3423,3174,37,2080,2257,0,79.0,13317,10554,5511,0.9570778851620239,0.002747773356073527,0.0018002653022550692,0.0031267765776009098,0.01847640704945992,0.8436611711199545,0.18031078264165246,0.04368012128103089,0.28311540648095507,0.1638541099618944,0.22355289421157684,0.36726546906187624,0.20776628561059698,0.009072763563781528,0.007608462150228991
6,Burnett,6702,3769.0,3375,7218,0,2083,3260,2814,5145,169,2876,5290,0,2965,5062,52,2833,5363,0,2789,5209,114,3569,6461,50,3498,6497,0,2742,4663,127,2959,4514,0,2890,4436,86,3239,4289,0,2834,4465,136,2949,5410,379,3143,5197,218,2590,3513,135,2615,3868,12,2762,3357,193,2531,3441,303,2574,3777,34,2536,3997,21,3987,4549,100,3586,4525,0,3996,4287,123,4420,2753,0,2555,3479,20,2665,3284,0,2614,3315,0,2637,3311,106,2550,3452,0,2504,3475,0,4338,4201,114,3225,2899,14,3244,2552,108,2977,2729,133,3542,2356,90,3167,2834,0,4498,4742,35,4815,4114,11,3005,3142,50,3333,2497,8,2830,2803,92,2987,2926,0,3624,2451,1091,3626,3966,558,3171,2340,29,3398,2293,14,2565,2469,24,2763,2141,51,3219,2466,63,4966,2723,0,4485,2969,81,3010,3075,14,2881,2490,120,2910,3044,6,4133,2667,0,1817,3495,49,2068,2569,183,2795,2355,30,4442,2345,0,3627,3052,245,2308,2175,2,202.0,16526,13642,7049,0.9137223281043835,0.0038117578067732006,0.003445242633045008,0.036578214338073595,0.011288667350828323,0.8652690221375164,0.1990910423691541,0.061574549186336314,0.35075502125788005,0.20173074194921264,0.23634558093346575,0.3347992623067102,0.18456518655128387,0.013902681231380337,0.007766572345532106
7,Calumet,19165,12618.0,11779,20183,6,7035,9030,9331,14571,831,9953,14834,2,9935,14827,189,9444,15465,11,8965,14992,589,12115,18156,501,10302,20137,0,8991,14312,398,9758,13456,0,9150,13320,613,10741,12822,0,9026,14059,399,9643,15367,1586,9197,16484,937,7014,13189,762,7284,14087,187,8492,11649,720,7101,12201,1321,7040,14183,0,7514,15003,90,11488,14539,392,10245,15354,4,10988,14053,930,8063,15931,0,7064,11153,162,8115,9835,4,6719,11107,4,5579,12804,11,7155,11224,0,6096,12136,3,13333,12784,457,9058,9995,328,10017,7886,600,6977,11611,804,12599,6170,459,8236,10735,4,9735,13398,270,10850,12166,92,5527,6841,448,6378,6693,273,4366,8230,691,5699,8005,0,6941,7049,2310,8193,10818,907,5694,7532,59,7547,5229,192,4820,5444,66,5216,4519,219,6413,6054,329,6378,12837,2,9395,9728,209,3873,9153,179,4360,7772,361,5390,7692,176,3554,11957,349,2743,7697,181,2763,6742,334,5488,4985,61,7716,9823,0,8118,9414,236,3146,6102,0,634.0,52442,39712,20604,0.9093724818694601,0.007025584206285254,0.021756647864625302,0.004306003223207091,0.0421786865431104,0.8668412570507655,0.2778757050765512,0.07657634971796938,0.201651893634166,0.10837701417200543,0.18627450980392157,0.3251795767812075,0.31319161327897493,0.05756163851679286,0.06362390051562027
8,Chippewa,22614,14618.0,13470,23734,102,8362,9658,11190,16520,1159,12251,16709,0,11993,16793,323,11069,17693,10,10990,16882,776,13982,21317,638,15081,20310,0,11740,15499,499,12529,14607,0,11874,14624,576,13797,13829,0,11346,15339,735,11886,17914,1765,12661,17337,1324,9475,13703,763,10402,13765,245,11302,11444,993,9923,11958,1554,11322,12634,90,10415,14874,188,15231,15316,292,16294,13055,0,14769,14671,1045,14231,15773,0,8743,11886,281,9955,10705,4,8868,11529,2,8985,11509,667,9162,11787,2,7995,12841,0,16235,13488,480,11463,9837,512,12236,7953,906,9971,9482,1269,15299,5761,660,11052,10347,0,14635,15340,270,16458,13317,115,7510,7554,601,10183,6987,521,7898,8473,1167,9861,8043,2,9603,7490,3940,12055,12784,1232,10440,8170,37,10927,5266,164,9221,6511,86,9441,5387,376,9181,5962,318,18045,7515,0,17363,7921,358,6106,10326,120,7561,7316,534,8176,8525,111,11713,9166,0,4973,11001,123,6037,7899,816,10645,5507,95,16051,6667,0,12919,11161,305,6517,7913,0,739.0,66297,51536,26146,0.9290398944427196,0.018006830176963674,0.012340887923005278,0.005413691400186277,0.01596941943495809,0.8454866501086619,0.2104936355169202,0.05788186898478733,0.2291407947842285,0.16193681633901935,0.2206073586781917,0.3495754608735562,0.22018664422856268,0.03740533924883347,0.02538560682003892
9,Clark,10233,4544.0,3661,10583,635,3104,5340,3515,7636,333,3920,7644,0,3791,7684,75,3444,8175,0,3443,7744,259,4523,10004,312,4671,9970,2,4013,7470,108,4599,6787,0,4137,6792,260,5083,6560,0,4075,7148,196,4221,8652,794,4779,8084,652,3769,6854,222,3847,7409,32,4843,5618,375,3884,5939,859,3480,7469,46,3618,8132,40,6172,7411,120,5701,7823,0,6159,6874,513,5517,7973,0,3842,6367,129,4888,5316,0,4323,5812,0,4887,5115,533,4181,6162,0,3647,6636,0,7453,6381,304,5755,5151,261,6325,4006,512,4793,5174,675,7937,2981,244,5036,5985,0,6841,7825,84,7847,6848,10,3823,4028,175,5696,3797,155,4056,4788,729,5225,4701,0,5540,4619,2696,5928,7451,757,5539,4973,21,6851,3331,37,4552,4543,14,5035,3553,77,5658,4131,114,8584,5030,0,8733,4796,108,3633,6944,75,3978,5305,112,4750,5874,37,5913,6222,0,2796,6501,46,2970,5350,174,5564,3759,18,6730,7096,34,6774,7143,51,4130,5757,0,183.0,34659,24688,12588,0.9331254050550875,0.0027138690861957227,0.003361957226182761,0.005225210628645496,0.049173687621516526,0.722253726506805,0.11199773169151005,0.022480557355800387,0.2278839922229423,0.15745154115030188,0.2523037813790912,0.36391801715919925,0.18001271051795362,0.010247855100095328,0.01106217498337913
10,Columbia,16903,16730.0,15483,17903,6,10883,8883,13101,12979,1028,13380,13654,2,14167,13007,165,13409,13898,8,12755,13284,742,16410,16926,520,15836,16970,0,14124,12363,524,14367,12211,0,13334,12002,716,15229,11673,0,13390,12695,527,13527,14162,2007,15057,13557,853,11837,11574,805,12526,11838,264,12710,10120,1043,11062,10673,1778,11894,11253,640,13070,12913,163,17174,13026,276,14700,13710,1,16028,13414,761,14826,14091,2,10013,11059,131,10722,9996,6,9253,11043,7,9942,11193,6,10524,10746,2,8374,12734,0,16660,12192,413,11660,9934,567,12203,8164,942,9255,10625,1196,15206,6119,674,10260,11707,6,14298,14954,273,15892,13247,186,7578,6305,626,9452,7167,475,6729,8868,1130,9510,7912,0,10334,8378,2803,12579,11801,956,9348,9096,32,11223,5466,424,8282,6921,131,8546,5852,597,9375,6963,614,9923,14648,2,15942,8604,335,6504,10455,323,6998,8737,596,9053,8144,182,6796,14529,186,4829,10287,341,4885,8877,819,9311,5947,136,6953,16522,99,13002,10182,165,6020,8302,2,742.0,58490,46137,24043,0.9284522183930468,0.016624401239785855,0.006545722522053883,0.005201898693022953,0.02928235472614171,0.8510089516006676,0.2131911481023907,0.06643258122548064,0.22548063376465743,0.12506758723952918,0.18758058478559247,0.34621303497899597,0.281537245767999,0.04521066422659402,0.02949892676156354
11,Crawford,4935,3945.0,3784,5088,1,2470,2098,3225,3483,203,3460,3499,0,3429,3486,34,3178,3796,2,3198,3542,122,3952,4619,70,4551,4054,0,3353,3117,84,3567,2925,0,3369,2934,97,3851,2702,0,3291,3092,117,3418,3835,473,3708,3671,271,2973,2817,255,3224,2973,35,3437,2359,215,2963,2476,509,3651,2591,0,3159,3357,31,4629,3067,85,5202,2157,3,4321,3117,159,3329,4071,0,3025,2766,40,3308,2342,1,2958,2591,0,3127,2681,123,3103,2768,0,2729,2980,1,4932,2800,154,3702,2419,101,3788,1857,227,3226,2203,336,4604,1344,147,3491,2558,1,4604,3644,95,4883,3287,5,2295,1878,210,3020,1584,4,2501,1918,239,2616,2109,0,3658,2149,1253,4005,3023,365,3540,2390,54,4018,1818,41,2387,1727,7,2427,1519,48,3359,2171,75,4943,2095,0,4949,2034,46,2457,3646,30,2607,2462,107,3256,2761,9,3428,3096,0,1534,2686,24,1569,2067,137,2551,1655,20,2651,4712,12,3620,3430,50,1976,2462,0,92.0,16113,12817,6476,0.9394554107825545,0.019973472731528438,0.0031988764921588517,0.0038230475150191155,0.015838339705079193,0.8413825388156355,0.15799329016150426,0.04384801435593352,0.2917999531871733,0.1971896232242125,0.2592649783817171,0.3350833848054355,0.1522544780728845,0.022235948116121063,0.01090213786911345
12,Dane,79855,271417.0,275279,42552,3305,196925,43364,222001,63268,11930,229411,68603,57,236154,62246,1988,231399,68167,314,222279,67752,5019,260060,78773,5805,253727,83044,85,219994,69182,5360,219479,69161,187,213328,68382,5364,227989,65493,141,214771,72998,3717,217618,71224,20363,220261,80619,5942,166272,73833,7019,175866,73629,2854,171094,62148,9586,151782,67157,20405,176480,67962,124,176388,77587,1340,215979,83583,4461,204104,81922,133,206832,88329,5273,203359,37984,7328,149638,68188,1479,148319,62721,137,134367,73300,137,146276,73003,70,153851,65846,24,130617,84731,98,205899,73015,3891,149281,58124,5968,140098,48435,14441,114851,69079,16871,162726,35933,13074,138176,72117,401,180867,90217,2827,194795,74660,1676,97035,41758,10588,111694,45403,3835,78415,61569,17830,112663,53842,53,109274,59418,23319,141387,75107,14576,114433,61731,1573,121682,32924,4513,94838,39313,2055,89691,37648,4204,105391,44912,5591,125970,100901,69,170800,51482,4304,86094,72463,3387,78355,60157,11699,113565,47772,1489,86838,101739,3497,63385,71065,3382,56310,57197,12976,100507,35134,2043,81493,123863,685,132150,67845,2194,66457,55764,64,7906.0,561504,448406,238757,0.8032274322823513,0.047140314803994596,0.06374803191750333,0.004130185590736966,0.06196839471371926,0.7956182566691793,0.4398112424900648,0.17770056600491518,0.17308421385976103,0.1273177330926423,0.17481372273901918,0.31373739827523384,0.282437792399804,0.09970807138638867,0.18119853506142475
13,Dodge,32241,16338.0,13615,34075,0,9895,16459,12436,24524,1347,13121,25308,0,13145,25272,259,12740,25754,0,12030,24969,995,16239,31143,721,15896,31261,0,13444,23370,728,14421,22295,0,13354,22244,896,15889,21345,0,13275,23355,559,13865,26449,2456,14642,26896,1318,12208,22469,957,12624,23570,263,13726,20360,1206,11632,21220,2019,12149,22785,396,13794,24625,203,18617,25016,493,15088,26726,0,17723,24465,1378,16995,25451,5775,10058,20428,298,11645,18390,4,10036,19748,6,8267,22000,3,10348,20352,0,8650,21782,10,19070,22860,610,13093,17245,607,14569,14396,1128,11093,17038,1509,18261,11565,913,11463,19120,6,16580,26995,438,17900,25534,254,8557,12656,563,11862,12332,718,8458,14700,1674,10938,14363,0,12546,12771,3888,14499,21518,1424,11396,14878,68,13307,8809,602,9337,11093,153,10264,9066,716,11347,9928,688,11128,25296,0,19481,17055,515,6372,16116,475,8099,13018,728,8706,14323,232,8369,20530,32,4905,15474,400,6203,12526,960,10835,9969,67,10490,22443,1046,15850,18923,680,6826,12268,0,949.0,89396,71608,35350,0.8985867500837895,0.03517763378393476,0.005976985811641158,0.005167020444643056,0.048947045022902466,0.8306474136967936,0.16918500726175847,0.046796447324321304,0.2207714221874651,0.12605374823196605,0.2392079207920792,0.3697029702970297,0.22783592644978784,0.025374823196605376,0.03941537418283291
14,Door,9796,10429.0,8943,11689,0,6972,5310,8450,8187,531,8920,8286,0,8983,8145,118,8610,8684,2,8254,8421,285,10043,9751,305,8776,11254,0,8151,8535,254,8479,8140,0,8187,7915,395,9441,7493,0,8230,8309,252,8013,8579,998,7671,9295,592,6614,7573,450,6842,8161,93,7404,6707,470,6341,7108,860,6010,8832,0,6308,8400,42,9356,8122,158,8544,8636,0,8967,7996,470,8167,9132,5,6719,6932,148,7294,6107,8,6267,6988,6,7099,6840,3,6808,7081,0,5693,7899,9,10143,7112,227,7592,6478,322,7807,5273,721,6170,6495,909,10009,3728,527,7082,7018,4,8364,8907,214,9145,8073,79,4645,5329,644,5708,4959,197,3852,5966,1047,5277,5832,0,5589,4947,1711,6559,7808,850,4730,5462,57,5997,3742,178,4374,4482,111,4672,3724,231,5206,4390,192,2950,11925,7,8371,6423,196,3595,6390,130,3947,5023,493,4645,5514,73,6707,5811,0,2472,6370,139,2970,5110,412,5128,3886,102,3731,9646,0,6270,7356,157,3233,5285,0,438.0,30066,25305,13787,0.9399723374827109,0.0037146808931041294,0.0043469670025686625,0.004386484884410196,0.028136731871171706,0.8840545346769413,0.3188697885793321,0.10966212211025489,0.35696502667457025,0.14709508957713788,0.2257924131428157,0.3442373250163197,0.21360702110683977,0.05048233843475738,0.024090535414673545
15,Douglas,11002,13400.0,12968,11361,0,6967,4402,10048,7735,721,10323,8138,0,10605,7824,48,10269,8372,0,10118,7922,321,13218,10922,536,13265,10962,2,11033,7251,434,11242,7268,0,11063,7004,176,11688,6925,0,11034,7191,203,11356,9661,1518,11893,9364,795,9387,5480,305,9589,6001,28,9520,5281,456,9038,5276,883,8920,6459,58,11711,6374,43,14863,7705,166,13381,8936,0,14600,7478,272,17484,250,0,8702,6255,137,9110,5793,1,8643,6038,1,8303,6184,741,8653,6289,1,8429,6545,2,15830,7834,401,10671,5233,360,10802,4545,641,10198,4779,839,11736,3876,576,10336,5739,2,16536,8448,194,17813,6748,167,9297,4153,308,9759,3902,270,8370,4566,832,9371,4608,0,10977,5166,2444,13593,6930,1183,12322,5680,33,9263,3145,229,8430,3882,71,8461,3544,280,8602,3543,342,16287,4904,0,16480,4350,400,6550,5904,64,7753,4028,408,8127,4745,29,12161,5963,2,4656,7921,86,6785,4568,576,9397,3271,39,13661,4476,0,13503,7082,407,6140,7898,2,404.0,44295,35640,19031,0.9138327721661055,0.011672278338945005,0.0064253647586980924,0.017480359147025813,0.013103254769921437,0.843939393939394,0.23779461279461278,0.0733726150392817,0.2329405162738496,0.19210761389312175,0.22946771057747886,0.3141716147338553,0.22363512164363408,0.01954705480531764,0.013112679942262171
16,Dunn,14138,10833.0,10372,14419,0,6302,5881,7655,9949,780,8245,10107,0,8299,9899,135,7876,10545,0,7742,10055,386,9896,13172,399,10666,12616,0,8666,9255,535,9019,9117,0,8683,8941,422,9743,8622,0,8536,9139,475,9033,11485,1586,9490,11425,896,6608,7889,610,7065,8229,137,7270,7123,690,6562,7224,1159,8263,6982,0,7098,8417,67,11315,10225,442,12673,7912,14,10671,10037,800,10425,10391,0,5972,7282,157,6458,6879,2,6020,7226,5,6489,6573,534,6086,7224,0,5760,7641,4,13002,9566,421,8069,6208,298,8214,5247,637,7117,5858,1009,9783,4234,490,8105,6122,8,12040,10879,202,13030,9373,166,5522,4561,365,6312,4379,82,5176,5006,546,6177,4776,0,7536,4917,2956,9173,8911,1247,7963,5282,105,6473,3712,78,4916,3889,45,5046,3419,94,5906,4006,145,11850,5814,0,11868,5835,286,4927,5763,59,4861,4622,256,5480,5125,35,7705,6751,0,3578,5524,98,3494,4448,338,5635,3442,39,7050,8900,151,8800,7333,237,4900,4612,2,397.0,45440,36191,17408,0.9200906302671935,0.008455140780857118,0.028266696139924292,0.0040065209582492885,0.01837473404990191,0.7281920919565638,0.23091376309027106,0.07863833549777569,0.19491033682407227,0.17899816176470587,0.20237821691176472,0.3532858455882353,0.22202435661764705,0.026309742647058824,0.020636900904272303
17,Eau Claire,26659,34202.0,33208,28145,30,21122,11884,25722,19882,2287,27834,20173,3,28040,19835,444,26510,21183,36,26011,20384,1273,31603,25330,1314,33191,24251,12,26762,20855,1209,27629,20088,8,27103,19367,1291,29608,18958,7,26476,20547,1222,27336,23327,4354,27524,24644,1983,19352,20110,1506,21236,20303,525,21515,17183,1816,19262,17762,3044,24072,17280,12,20592,20736,266,30662,23251,884,33635,17716,16,29052,23030,1740,33920,11445,470,18356,17986,495,19297,16514,14,17707,17760,20,20275,15521,1257,18809,17916,6,16530,19659,17,32953,20896,902,22130,15671,929,22298,13069,1775,19061,15333,2386,27430,9875,1133,21561,16265,13,29878,24571,706,32975,21134,286,15954,11941,1571,18639,11797,659,14476,13900,2443,18315,13403,9,20295,13894,6165,24072,20914,2875,21216,15909,59,20025,9116,646,15576,10788,372,15866,9384,851,17645,10573,982,31060,14523,405,32032,13900,862,12714,17160,541,14200,12983,1279,16513,13446,415,22017,17132,149,9742,16988,393,10347,13432,1404,18015,8889,244,18490,24912,1224,25842,19486,599,12708,14856,0,1047.0,105710,83793,42279,0.9033093456493979,0.010740754000930865,0.03648276108982851,0.004821405129306744,0.023283567839795686,0.7710667955557147,0.26750444547873925,0.08944661248552982,0.19589941880586684,0.15333853686227206,0.20996239267721564,0.34383500082783414,0.23676056671160622,0.04872395278980109,0.06398178416633932
18,Florence,2298,818.0,732,2347,0,471,1099,615,1833,43,643,1864,0,655,1838,14,620,1898,0,605,1855,25,781,2133,13,751,2149,0,642,1502,33,675,1474,0,647,1453,21,730,1438,0,631,1478,20,665,1897,90,759,1769,85,597,1233,59,628,1348,9,683,1153,75,616,1173,93,599,1306,16,717,1337,3,952,1644,22,867,1505,0,908,1586,55,809,1447,0,612,1196,14,673,1099,0,591,1168,0,694,1139,0,645,1187,0,560,1230,0,1135,1511,38,864,1079,15,850,880,43,692,1001,50,1053,776,20,793,1007,0,992,1703,28,1183,1430,9,608,842,4,612,778,0,460,888,12,530,879,0,869,927,346,816,1528,61,978,942,6,789,740,11,830,854,5,817,749,13,699,797,13,539,1619,0,1106,1066,13,505,1104,5,547,896,13,696,883,2,966,1048,0,473,1318,18,488,1032,36,988,807,0,702,1793,0,1038,1323,20,586,808,0,23.0,4558,3848,2092,0.9641372141372141,0.0018191268191268192,0.0012993762993762994,0.005717255717255718,0.009355509355509356,0.862006237006237,0.18996881496881496,0.04158004158004158,0.31782744282744285,0.22036328871892927,0.2566921606118547,0.3398661567877629,0.14483747609942638,0.017208413001912046,0.0036053423611907597
19,Fond du Lac,36497,20370.0,18505,37786,8,11966,18002,15684,28802,1507,16159,29998,0,16598,29641,358,15983,30584,0,15020,29297,1149,20587,35754,909,20191,36176,0,16438,27940,806,17631,26648,2,16496,26272,1133,19065,25495,2,16778,27365,675,17387,31022,3387,17131,32464,1734,14336,26185,1254,15013,27486,313,16436,23282,1425,14062,24194,2434,16024,24713,912,16105,29061,197,22379,30355,668,16049,33411,5,21273,29539,1482,16079,30997,0,13144,24407,234,14697,21930,6,13027,23359,4,9921,27629,6,12834,24866,0,11043,26077,4,23462,28164,696,16059,21507,638,18090,17083,1556,13818,20405,1959,22937,13855,992,13965,23602,39,19216,33291,529,21514,30853,176,10390,17649,737,14663,14738,579,10109,17246,2211,15713,15211,0,15542,16486,4891,18120,26455,1859,13758,19785,236,16365,10891,402,11945,13866,260,13785,10724,776,13770,11880,605,13482,31899,10,24251,20897,557,7665,19598,379,9883,15612,818,10900,17407,187,7816,28582,1124,6478,19320,449,8225,15241,1310,12538,13580,225,21686,23484,6,20582,23426,700,7991,16045,0,898.0,104154,82059,42283,0.9010224350772006,0.019522538661207182,0.01085804116550287,0.004996405025652274,0.05154827624026615,0.8190204608878977,0.20434077919545693,0.06578193738651458,0.2320525475572454,0.13511340254948798,0.2151928671097131,0.35718846817870065,0.2512830215453019,0.03275548092614053,0.05588725320541198
20,Forest,3330,1687.0,1555,3483,0,1005,1547,1363,2572,153,1538,2607,0,1452,2670,29,1371,2784,0,1339,2649,58,1720,3284,18,1776,3211,0,1485,2420,52,1635,2196,2,1523,2191,46,1878,2061,0,1488,2296,35,1579,2786,179,1651,2589,203,1412,1883,78,1511,2031,26,1680,1577,122,1445,1617,228,1361,2078,33,1485,2180,29,2425,2172,35,1951,2327,0,2289,2028,139,2110,2106,8,1564,1791,13,1704,1424,0,1536,1559,0,1839,1534,0,1687,1722,0,1328,1957,0,2674,1964,32,1853,1712,31,2043,1150,38,1598,1470,98,2574,846,23,1654,1704,0,2509,2609,20,2828,2092,2,1434,1332,45,1678,1037,5,1167,1171,356,1508,1324,0,2092,1165,706,2158,2404,154,1905,1393,1,2190,977,9,1586,1265,9,1703,902,37,1961,1062,34,1214,2919,0,3194,1132,32,1426,1987,7,1465,1358,22,1732,1634,2,1903,1571,0,1051,1957,17,1114,1338,74,1932,1052,3,1277,2581,0,2121,1915,10,1364,1710,0,46.0,9179,7302,3651,0.8540125992878663,0.003423719528896193,0.0015064365927143248,0.10449192002191181,0.009997261024376883,0.8170364283757875,0.13037523966036701,0.021227061079156395,0.28594905505341,0.22377430840865517,0.2451383182689674,0.3541495480690222,0.12407559572719803,0.011229800054779512,0.0034942646702775465
21,Grant,15356,11240.0,9378,17131,6,7048,6662,8495,10634,755,8674,11201,6,9233,10594,142,8670,11397,9,8314,10936,360,10991,14137,397,11960,13109,6,9660,9497,310,9767,9373,2,8950,9660,369,10548,8856,2,9074,9783,254,10045,12344,1966,10920,12191,785,8178,8576,704,8702,9148,212,9013,7519,800,7777,7962,1344,10565,7236,0,8617,9492,77,13588,10249,308,14523,7113,8,12021,10897,687,10656,12737,0,7567,8602,145,8049,7695,12,7099,8504,17,8507,7473,527,7941,8464,0,6514,9475,6,14867,9060,344,9235,7419,237,9377,5948,517,7683,7233,683,11614,4534,377,7987,8367,9,12856,12199,139,12754,11568,44,6169,5943,316,7212,5766,73,5706,6759,471,6567,6650,13,9199,7016,2982,10685,10233,1025,8909,7672,105,7028,5389,101,6138,6695,64,6247,5936,191,6244,5950,136,12136,7954,42,13091,7464,174,4670,8365,73,4829,6904,165,5823,7166,44,7187,10835,24,3827,9583,117,3951,7496,389,7138,6081,79,6357,14130,96,9659,12025,120,4128,6777,0,291.0,51938,40847,19690,0.9446470977060739,0.013073175508605282,0.007858594266408794,0.002546086615908145,0.020956251377090118,0.7310206379905501,0.1889490048228756,0.06690821847381692,0.21808211129336305,0.1691721686135094,0.23671914677501268,0.35647536820721176,0.19746063991874047,0.017064499746063992,0.017485222499102813
22,Green,10323,11041.0,10559,10753,0,7598,5211,8838,7859,652,8999,8355,0,9603,7682,122,9097,8350,2,8632,8001,458,10851,10169,321,11060,9874,4,9379,7333,299,9596,7144,2,8789,7310,437,10294,6732,2,8858,7662,258,9106,8679,1163,10189,8093,524,7513,6922,438,7934,7182,114,8311,5902,601,7050,6360,1140,8288,6539,2,7965,8384,65,11189,7837,172,10229,7984,0,10702,7934,404,10200,8285,274,6557,6377,159,7065,5738,2,5992,6629,2,6744,6459,0,7036,6090,0,5600,7362,2,11484,6714,302,7756,5138,323,8022,4091,595,5964,5775,768,9681,3014,469,6807,6266,0,9560,8479,131,10949,6985,55,5139,3572,291,6314,3875,160,4373,5162,809,5965,4658,2,6127,4684,1779,7850,6775,623,5459,4878,41,7166,2932,169,6116,3798,61,5894,3231,431,5888,3513,216,5120,9127,0,10245,4575,104,3605,6740,118,4172,5095,374,5701,4941,41,4307,8427,49,3184,6806,211,3343,5227,663,7068,3122,48,5376,8538,134,7159,6682,203,3175,4446,0,382.0,37093,28864,15359,0.9390243902439024,0.004434589800443459,0.0048849778270509975,0.0026676829268292685,0.03041851441241685,0.8478727827050998,0.22259562084257206,0.0680778824833703,0.2410268847006652,0.13744384400026044,0.20164073181847778,0.3505436551858845,0.2528810469431604,0.042060029949866524,0.02452223846328275
23,Green Lake,7309,3401.0,2953,7802,0,2187,3767,2579,5757,271,2796,5849,2,2746,5863,72,2626,6060,0,2392,5783,258,3343,7168,140,3218,7312,0,2633,5410,121,2836,5210,0,2662,5119,196,3222,4893,0,2685,5294,63,2693,6215,507,2773,6214,330,2374,5052,236,2463,5336,39,2686,4681,266,2212,4806,540,2629,4907,125,2563,5800,52,3792,5783,81,3048,6090,0,3637,5601,293,2973,6206,0,2262,4489,57,2596,4141,0,2280,4414,0,2045,4883,4,2250,4693,0,1934,4909,0,3999,5393,132,3121,4713,150,3436,3819,344,2613,4475,400,4710,2956,223,2694,5106,8,3604,6472,95,4042,5990,51,2233,3322,173,2639,3199,172,1971,3497,438,2605,3483,0,3151,3564,1165,3300,5450,355,2771,3897,36,2847,2868,58,2110,3450,43,2302,2959,112,2363,3109,70,2299,6489,6,4275,4575,98,1639,4297,48,1736,3539,77,2127,3782,40,1450,5807,236,1269,4341,85,1310,3823,145,2055,3437,49,3912,5164,0,4018,5067,110,1526,3412,0,197.0,19018,15013,8002,0.9349896756144674,0.005661759808166256,0.005062279357889829,0.0033304469459801505,0.03903283820688736,0.8096982615066942,0.19349896756144674,0.06247918470658762,0.2779591021115034,0.14808797800549864,0.23981504623844038,0.3514121469632592,0.220319920019995,0.022619345163709073,0.021007308042381344
24,Iowa,6304,7901.0,7249,7144,2,5453,3107,6431,4661,427,6622,4936,0,6836,4716,71,6514,5082,4,6313,4835,240,7828,5908,239,8062,5596,0,6674,4288,187,6819,4123,0,6382,4260,187,7270,3834,2,6375,4472,150,6668,4809,797,7226,4679,286,5585,4295,427,5937,4481,135,6300,3490,421,5361,3797,841,6321,3858,0,5660,4958,52,8105,4287,118,7008,4330,4,7454,4631,297,6860,5117,619,4749,3868,27,5084,3328,0,4427,3879,0,5064,3468,240,4973,3731,0,4069,4519,0,7993,3834,126,5504,3201,132,5537,2432,303,4331,3486,410,6718,1763,200,4699,4024,0,6934,5243,29,7343,4848,4,3607,2235,366,4365,2364,20,3246,3068,398,4179,2811,0,4691,2867,1357,5842,4221,479,4468,3288,21,4716,2181,23,3652,2343,28,3528,2048,85,3955,2576,63,4615,5710,0,7020,3075,50,2990,4270,77,2673,3404,167,3994,3242,16,2739,5903,35,2033,4102,121,1894,3182,266,4011,2108,25,3118,6597,4,5169,4413,37,2594,3425,0,178.0,23709,18441,9758,0.950924570251071,0.003958570576432948,0.007591779187679627,0.0017894908085244834,0.016376552247708908,0.8696383059487013,0.24000867631907163,0.07917141152865896,0.24049671926685104,0.15064562410329985,0.1802623488419758,0.32660381225660995,0.2777208444353351,0.038942406230784994,0.012002211213403354
25,Iron,2479,1518.0,1380,2555,0,966,1088,1207,1951,44,1251,1989,0,1258,1963,12,1196,2064,0,1209,1986,9,1533,2438,14,1541,2396,0,1263,1784,14,1366,1669,0,1324,1657,18,1459,1605,0,1297,1702,12,1275,2080,157,1361,1948,74,1100,1550,60,1084,1754,3,1272,1373,77,1113,1429,167,1045,1737,9,1266,1614,2,1783,1789,31,1464,1907,0,1656,1785,12,1379,2019,0,1138,1335,9,1224,1192,0,1146,1258,0,1140,1310,21,1175,1320,0,1081,1348,0,1913,1464,43,1559,1188,13,1644,918,82,1447,1047,118,1854,827,29,1549,1151,0,1956,1883,16,2165,1507,4,1461,899,58,1654,787,4,1396,941,74,1542,904,0,1725,1260,543,1620,1733,153,1761,1272,11,1519,844,16,1716,1066,29,1725,899,28,1385,881,17,2238,1070,0,2194,1059,20,986,1593,14,1136,1043,19,1283,1187,10,2029,1271,0,829,2322,27,1153,1279,65,2016,970,19,2484,826,0,1912,1665,26,773,1793,0,47.0,6137,5255,2804,0.9577545195052332,0.0024738344433872504,0.0020932445290199808,0.01065651760228354,0.007611798287345386,0.900475737392959,0.2159847764034253,0.05004757373929591,0.3621313035204567,0.23787446504992868,0.2785306704707561,0.2917261055634807,0.16476462196861627,0.005706134094151213,0.0031251384466376374
26,Jackson,5988,4166.0,3845,6336,0,2667,2640,3283,4352,280,3588,4376,0,3505,4374,69,3287,4700,0,3267,4367,207,4255,5791,88,4834,5270,0,3712,4128,115,4040,3823,0,3855,3773,154,4369,3610,0,3741,3946,167,3818,4905,543,4095,4614,444,3375,3685,204,3630,3812,63,3875,3142,269,3535,3133,541,4315,3137,5,3465,4073,36,5298,3899,62,5739,2875,2,4979,3894,269,6340,733,0,3218,3427,54,3593,2969,0,3323,3178,2,3797,2810,192,3300,3438,0,2959,3649,0,5572,3552,91,3857,2931,106,4191,2178,223,3438,2747,330,5172,1556,96,3686,3058,0,5248,4387,46,5617,3825,3,2768,2098,109,3618,1998,46,2783,2452,365,3289,2518,0,3704,2261,1311,4379,3670,367,3680,2644,21,4409,1551,81,3168,2300,16,3357,1718,72,3796,1963,128,5506,2600,0,5631,2448,55,2812,3446,84,2860,2566,114,3428,2863,33,3943,3008,0,1904,3695,38,2010,2745,192,3815,1821,9,4168,3741,91,4448,3436,64,2918,3196,0,205.0,21145,16416,7992,0.8740862573099415,0.024244639376218322,0.004568713450292397,0.054946393762183236,0.027168615984405457,0.8255360623781677,0.14394493177387915,0.04452972709551657,0.24000974658869395,0.1946946946946947,0.21621621621621623,0.3576076076076076,0.17555055055055055,0.016266266266266267,0.008263968627794292
27,Jefferson,27803,20600.0,18434,29233,123,13263,14856,15567,21219,1458,16306,22014,5,16766,21488,378,16141,22402,11,15317,21706,996,19903,27207,866,19282,27605,5,16018,21475,638,16781,20436,2,15697,20340,898,18055,19809,10,15735,21352,533,16568,23416,3123,17148,23901,1283,14359,19876,971,13875,21443,356,14659,18304,1412,12639,19063,2254,12631,21857,9,14698,22475,221,20158,23516,606,15310,25236,306,19081,23393,1040,17045,23507,293,11891,19132,358,13294,16896,46,11591,18268,164,11644,18772,552,12325,18777,3,10432,20301,81,21443,21092,622,14246,16030,680,14949,13867,1259,12070,16080,1606,18509,11156,1060,13052,17500,17,17604,23411,403,19322,21402,205,9242,11234,772,12022,11142,795,8696,13326,1752,10586,13693,7,13187,12676,3894,15200,19205,1693,11592,13069,77,13886,8412,717,9116,10088,104,9615,8530,687,12249,9922,784,10946,23725,37,19284,15802,445,7644,15361,490,8851,12457,951,10235,13078,236,9399,19292,21,5363,13775,379,6292,11189,989,10575,8898,126,10118,19724,924,15851,16314,534,6304,10645,4,942.0,84900,66349,33984,0.9042939607228444,0.009314383035162549,0.008003134937979472,0.004009103377594236,0.06515546579451084,0.829944686430843,0.24674071952855356,0.07389711977573137,0.21956623310072496,0.12455861581920905,0.2088924199623352,0.3295668549905838,0.2890477871939736,0.0398717043314501,0.05890466463888457
28,Juneau,9213,4874.0,4386,9715,0,3050,4052,3705,6598,317,3866,6829,0,4048,6516,100,3781,6944,3,3717,6656,265,4745,8749,140,5102,8360,0,4247,5688,140,4250,5709,0,4020,5623,227,4657,5429,0,3984,5807,163,4072,7129,532,4697,6441,399,3838,4618,286,4080,4816,68,4250,4139,364,3739,4267,638,4496,4303,36,4224,5429,51,6242,5410,112,6340,4445,0,5473,5805,310,5639,5240,0,3358,4500,52,3513,4092,2,3188,4341,0,3549,4094,229,3311,4593,0,2867,4886,0,6185,5148,171,3969,4101,174,4331,3312,303,3462,3945,363,5292,2649,160,3621,4515,2,5733,6472,140,5979,5849,78,2248,2117,109,3260,2609,132,2569,2940,317,3234,2940,0,4331,3226,1623,4812,4909,495,4177,4050,78,3390,2796,107,2639,3424,26,2649,3079,114,2820,3167,113,3101,6266,4,5541,4114,64,2063,4402,82,2130,3613,37,2715,3853,34,1842,6123,337,1437,4769,118,1536,4001,101,3076,3154,11,3410,6427,2,4955,5355,52,2158,5243,0,290.0,26718,21387,10405,0.9174264740262776,0.023893019123766773,0.005423855613222986,0.013699911160985645,0.021508392948987702,0.8298499088231168,0.13994482629634825,0.03665778276523122,0.2528171319025576,0.1802018260451706,0.241902931283037,0.3654973570398847,0.17924074963959635,0.012205670350792888,0.013448316997337818
29,Kenosha,44623,43012.0,40650,46331,36,22943,19555,30359,32648,2405,31806,33550,6,32174,33066,763,31370,34390,38,30259,33357,1380,42187,44966,1568,38334,48516,15,34476,31507,2071,35777,30823,15,34753,29449,1668,38291,29175,25,33935,31769,1414,35794,36029,4457,35666,37532,2687,26252,27089,1742,27364,28395,631,27425,24826,2099,25240,25606,3129,25215,30468,10,29638,28935,288,44866,34976,1052,41120,36128,1446,42822,33271,3010,49387,17578,1359,23313,25135,420,24315,22992,25,22017,24666,25,17646,29880,1165,22996,25478,12,21079,26660,59,45836,31608,1344,28138,21557,992,28662,17550,2293,25198,19481,2912,34822,13280,1833,27029,22360,35,40023,35486,734,43651,29455,538,21917,14825,650,22330,13567,698,18166,15781,1696,20442,16563,4,27535,17781,7224,31879,28002,2311,27017,19375,364,28051,13467,903,20979,15806,476,21463,13014,1296,25745,14979,1291,22241,35781,7,38538,19962,990,16772,27518,694,20216,18011,1312,22559,22081,560,27692,24239,34,14075,24145,717,15859,16268,1951,24639,14029,369,35222,20627,726,31464,24769,1713,12972,14749,0,1662.0,169151,131452,66120,0.7922892006207589,0.06428201929221312,0.017542525028147158,0.004366612908133768,0.11959498524176125,0.7954462465386605,0.25521102759942793,0.09500045644037368,0.1822338191887533,0.1543708408953418,0.18549606775559588,0.33781004234724743,0.2566999395039322,0.06300665456745312,0.24026755263767186
30,Kewaunee,7999,4096.0,4062,8244,0,2535,4124,3360,6155,309,3602,6259,0,3529,6229,77,3273,6626,4,3214,6279,249,3975,7927,167,3413,8614,0,3572,5792,105,3926,5420,0,3672,5376,257,4287,5158,0,3548,5694,120,3627,6617,522,3697,6679,388,3405,5269,250,3378,5676,34,4121,4480,245,3409,4855,530,3054,5926,0,3387,6107,16,5152,5747,88,4779,5847,0,5149,5419,350,5560,5214,0,3344,4577,124,4030,3731,1,3387,4394,2,3799,4373,7,3469,4611,0,2950,5030,0,5902,4711,172,4354,4479,212,5258,2864,548,3714,4316,535,6557,2086,327,4339,4543,2,5176,5970,128,5780,5393,40,2583,2987,481,4324,2639,138,2772,3730,602,3741,3564,0,4311,3431,1301,4671,4883,531,4049,3569,47,4962,2062,106,3447,3399,66,4239,2337,228,4218,2639,187,1938,7994,0,5356,4471,110,2581,4579,63,3033,3589,245,3155,4044,86,4692,3747,11,2465,4455,91,2452,3943,340,3915,3114,51,3044,7231,4,4956,4755,191,3085,4138,0,229.0,20563,16113,8123,0.9457580835350339,0.0028548377086824303,0.002978961087320797,0.004530503320300378,0.030410227766399803,0.8554583255756222,0.1765655061130764,0.049090796251473966,0.26394836467448646,0.1316016250153884,0.19992613566416348,0.3592268866182445,0.27514465099101315,0.017727440600763266,0.023184363210791332
31,La Crosse,29965,39953.0,39563,31177,0,23964,13287,29487,22391,2593,31849,22789,13,32119,22325,725,30695,24413,27,29333,23263,1488,37845,28684,1354,40504,26698,20,32102,23536,1441,33059,22662,0,31843,22126,1472,35732,21160,0,31716,23356,1213,32406,26378,4889,32902,27694,2100,23695,21914,1621,25428,22320,670,24542,20698,1764,23031,19549,3496,27954,19937,2,24650,22608,352,36693,25751,1018,41057,19766,4,34203,26272,1877,41097,12068,0,20638,20752,517,22034,18762,4,19874,20453,8,22374,18702,1113,21314,20479,15,19233,21629,10,38522,23699,993,24629,17221,1112,24438,14831,2075,20813,17310,2693,30291,11144,1270,24365,17616,55,32839,28007,662,36425,24007,377,15235,12580,1261,19794,12825,928,15134,15504,2729,17855,16091,48,23648,16482,5861,28456,24329,2775,22836,18893,298,25627,10012,824,17519,12625,393,17714,11172,865,21451,12863,1163,35157,18857,266,37731,16200,754,14892,21983,621,16809,16085,1516,20345,16629,583,26876,18917,101,10392,19938,576,10980,16026,1740,20356,10434,236,20453,28143,925,27935,22006,661,14164,16790,0,1336.0,120784,96611,49778,0.9025680305555268,0.014553208226806471,0.038918963679084165,0.004005755038246162,0.02162279657595926,0.7744977280019874,0.283466685988138,0.10664417095361811,0.20424175300949168,0.1598497328136928,0.23526457471172005,0.3301659367592109,0.20661738117240547,0.06482783559001969,0.10322086636681932
32,Lafayette,5064,3545.0,3056,5592,0,2228,2173,2845,3474,120,2817,3710,0,3004,3497,17,2786,3779,0,2701,3614,57,3646,4820,35,3835,4455,0,3134,3323,27,3346,3071,0,2914,3307,38,3591,2899,0,2919,3370,49,3288,3977,397,3756,3659,109,2782,2964,139,2981,3189,21,3194,2467,132,2627,2738,384,3177,2757,0,2921,3885,7,4536,3314,37,3673,3318,0,4108,3548,107,3408,4190,268,2565,2924,30,2911,2464,4,2394,2892,4,2773,2609,111,2691,2888,1,2212,3236,4,4731,2982,68,3345,2405,44,3513,1872,189,2647,2614,163,4274,1413,64,2752,2988,0,4401,3928,38,4677,3520,10,2313,1647,67,2906,1761,5,2005,2400,106,2644,2146,2,3259,2170,1024,3708,3334,193,3140,2578,26,3291,1648,16,2748,1963,5,2768,1729,48,2897,1947,26,2869,4202,0,4685,2278,12,1740,3417,10,1868,2694,43,2574,2601,8,1824,4325,6,1517,3411,24,1402,2678,128,3140,1733,7,2234,4839,1,3547,3568,6,2024,3194,0,114.0,16611,12491,6647,0.9289888719878312,0.0016812104715395084,0.0028020174525658476,0.002882075094067729,0.05259787046673605,0.8290769353934833,0.1730045632855656,0.04587302858057802,0.25282203186294133,0.14457650067699715,0.22882503384985708,0.3679855573943132,0.21272754626147133,0.009177072363472243,0.010122634334688624
33,Langlade,7486,3828.0,3432,7873,0,2339,3959,2794,5904,262,3055,5919,0,2958,5965,51,2818,6190,0,2733,5922,234,3703,7330,106,3676,7413,0,2825,5711,728,3394,5629,11,3293,5432,248,3889,5239,0,3023,5871,187,3250,6478,458,3464,6006,417,2759,5217,162,2920,5477,21,3297,4482,269,2952,4435,542,2706,5533,38,2898,5621,28,4573,5816,103,3614,6202,0,4580,5255,340,3758,5817,4,2754,4481,18,3151,3945,0,2742,4254,0,2845,4249,186,2882,4433,0,2356,4841,0,5182,5080,107,4184,4276,99,4584,3174,246,3426,4065,322,6009,2304,124,3577,4623,2,4751,6234,49,5562,5272,10,3320,3238,169,4030,2857,63,2711,3518,593,3661,3426,0,4074,3205,1350,4199,5125,397,3629,3889,49,3932,2285,40,3112,3087,41,3623,2206,81,3443,2630,65,2386,6774,0,5931,3301,57,2376,4108,40,2542,3233,115,2854,3641,50,3428,4593,8,1745,4536,68,2084,3497,209,3941,2446,32,2211,7270,0,4193,5370,75,2340,3636,2,215.0,19491,15647,8463,0.9447178372851026,0.003195500734965169,0.0035789608231609894,0.011439892631175305,0.01604141368952515,0.8218827890330415,0.14648175369080335,0.04428964018661724,0.29903495877804054,0.19768403639371382,0.2692898499350112,0.3276615857261019,0.16058135412974123,0.016660758596242466,0.008642979879164125
34,Lincoln,10274,6252.0,5787,10870,1,3608,4868,4947,7953,451,5359,7985,0,5226,8084,202,4919,8540,1,4775,8143,354,6260,10016,189,6128,10122,0,5334,7864,310,5662,7438,0,5527,7128,303,6463,6901,0,5184,7732,259,5370,8401,940,5784,8031,748,4558,6876,398,5104,6867,150,5533,5692,507,4788,5768,1023,4780,7078,62,5352,7201,98,7564,7456,158,6306,8517,4,7380,6911,645,6713,7236,182,4872,6201,183,5559,5461,1,4703,6147,1,4607,6218,484,4945,6202,1,4278,6860,3,8425,6520,325,6019,4714,351,6165,3918,595,4929,4827,734,7882,2785,346,5055,5723,2,7483,8024,192,8878,6601,79,4377,3661,244,5791,3579,287,4129,4669,787,5253,4577,0,5033,3337,1676,5519,5662,722,4306,3448,38,4904,2285,349,3873,3555,58,4469,2655,235,4248,2762,567,6919,4879,0,8326,3157,224,2950,4376,206,3407,3315,849,3692,3634,209,5653,4450,0,2413,4917,113,2841,4068,341,4556,2914,85,6310,3971,0,5523,4994,140,2892,3583,0,411.0,28415,23017,12109,0.9596819741929878,0.002215753573445714,0.004127384107398879,0.003953599513403137,0.013946213668158318,0.855671894686536,0.17408871703523482,0.051483685971238646,0.26901855150540904,0.1901065323313238,0.20810967049302173,0.35395160624329014,0.2128169130398877,0.01602114129985961,0.012485527289983676
35,Manitowoc,27359,17358.0,15714,29340,0,10571,13936,13461,20766,1280,14294,21282,0,13937,21573,398,13288,22561,7,12789,21521,982,16818,27218,793,16164,27662,2,13512,21359,683,15353,19388,0,14045,19570,968,16540,18795,0,13937,20344,745,14537,23244,3003,14299,23768,1813,12616,19255,1298,12563,21044,318,15352,16115,1359,13034,17156,2196,13698,18440,887,12682,23086,227,20403,21605,584,14927,25429,0,19616,20646,1600,17742,23000,0,11784,18234,201,14908,14320,0,12019,16811,0,8847,21101,0,12457,17713,0,10455,19243,0,22427,19234,752,15736,16154,573,18724,10881,1274,14207,14309,1983,22357,8809,773,14819,16977,0,20649,23024,481,21785,21389,154,11989,11530,845,15581,9767,286,11234,12199,2081,14381,11818,0,16747,13235,4444,17667,19356,1801,15901,14007,56,17940,8985,168,12629,12508,154,15264,8661,585,16545,9775,491,14782,22725,10,21319,15825,622,10291,17732,174,12096,12827,572,13176,14730,119,9526,22009,643,7761,17705,392,9723,13128,1024,13952,11795,136,21401,18015,0,22308,16746,569,10097,12966,0,882.0,81359,64596,35000,0.9097312527091461,0.010666295126633227,0.022632980370301568,0.005232522137593659,0.03684438664932813,0.8419097157718745,0.20053873304848596,0.05768159019134312,0.2580345532231098,0.1652,0.23542857142857143,0.35045714285714286,0.20691428571428572,0.03065714285714286,0.05330633040109969
36,Marathon,44452,32006.0,28684,48117,183,18668,23684,23788,35494,1945,25337,35956,0,25160,35860,499,23911,37526,9,22966,36142,1545,30807,44621,1318,29769,46093,12,24057,36883,1200,26566,34235,4,25387,33737,1540,29083,32658,2,24241,36313,940,26479,39012,4022,27807,38564,2554,19978,33877,1467,21305,34584,386,24085,28781,2003,21017,29346,3824,19979,35228,275,21809,36352,268,32361,36617,737,27215,40880,6,31751,34689,2348,30134,36134,0,19999,28475,390,23486,24687,10,19771,27562,14,19585,28151,1758,21130,27675,0,18096,30461,7,36368,30346,1228,25773,22139,1127,26907,18375,2352,21851,21999,2940,33775,13702,1412,22485,25628,9,30865,36348,657,37112,30211,238,18945,16906,1324,24371,15870,1133,18412,19102,3406,21853,19675,0,21729,17911,6899,23786,25837,2716,21460,20936,161,23530,11740,645,18880,18291,356,21859,13833,1277,20658,13866,1096,29378,22696,2,34403,16621,562,12325,23550,350,16224,16874,1432,17974,18084,345,23602,22800,0,10664,26485,798,14102,20574,1662,23083,14878,217,29922,24891,0,27282,28226,766,14698,21908,0,1279.0,138013,106877,56497,0.8958896675617766,0.0075788055428202515,0.049411940829177464,0.004472430925269235,0.024177325336601888,0.834332924763981,0.2403417012079306,0.07663950148301318,0.22931032869560336,0.14044993539479972,0.21785227534205356,0.3508150875267713,0.23401242543851886,0.04892295166115015,0.034485498589601
37,Marinette,16313,7528.0,6921,16759,95,4589,7147,5742,12047,577,6218,12205,0,6109,12163,149,5815,12676,0,5593,12214,389,7365,15304,203,6274,16514,0,6192,10915,187,6662,10356,0,6397,10241,222,7519,9730,0,6173,10683,216,6409,13122,812,6501,12596,773,5861,8931,437,6023,9610,45,6778,7979,510,5804,8299,942,5230,10262,0,6242,10268,33,9881,10618,195,8806,10617,0,9684,9989,589,7549,11956,0,6126,8222,113,6594,7515,0,5809,8128,2,6821,7767,0,6214,8318,0,5156,9123,0,11195,9726,334,8407,8454,93,8773,6622,516,6995,8035,599,11079,5337,195,7606,8898,0,10190,11867,158,10855,10897,44,6029,6625,292,6392,6084,65,4835,6935,509,6209,6712,0,8413,7232,2569,8676,10536,711,7624,7983,21,8121,5598,80,6114,6959,30,6627,5965,153,6655,6315,155,4425,14677,2,10546,8357,145,4716,9457,41,5476,7164,159,6325,7728,56,10043,7799,4,4019,9271,80,4368,7911,339,7085,6231,22,4940,14973,0,9158,10185,104,5285,7524,0,245.0,41872,33918,18450,0.9429506456748629,0.003921221770151542,0.00448139630874462,0.005985022701810248,0.020638009316587064,0.8456276903119287,0.16283389350787192,0.044578100123828054,0.29185093460699335,0.18417344173441735,0.25257452574525746,0.35663956639566397,0.16899728997289973,0.015284552845528456,0.0115521808355522
38,Marquette,5832,3246.0,3059,6011,0,2124,3042,2522,4534,219,2595,4690,0,2696,4549,33,2588,4753,2,2425,4564,230,3239,5719,49,3211,5691,0,2910,4143,119,3044,4005,0,2751,3915,395,3336,3791,0,2778,4150,133,2808,4708,374,3189,4357,257,2547,3413,203,2629,3612,38,2790,3105,226,2376,3142,570,2570,3442,137,2764,4103,24,4014,3992,64,2999,4294,4,3744,4032,229,3289,4255,0,2384,3484,69,2647,3161,0,2373,3386,2,2046,3868,0,2430,3525,1,2132,3755,0,4068,3655,97,2878,3095,119,3070,2517,214,2359,3059,312,3860,2022,110,2553,3435,0,3785,4604,63,3952,4217,15,2033,1862,134,2327,2140,12,1838,2439,222,2375,2293,0,2859,2207,1049,3437,3522,235,2534,2321,8,2554,1979,42,1881,2283,16,1979,1971,50,2223,2209,49,2506,4437,0,3967,3031,24,1624,3112,44,1628,2610,24,1985,2736,20,1662,3981,75,1292,2952,40,1280,2480,65,2116,2006,8,2811,3454,0,3195,3048,36,1524,2245,0,215.0,15592,12550,6728,0.9508366533864542,0.002549800796812749,0.003346613545816733,0.004860557768924302,0.022071713147410358,0.8492430278884462,0.12693227091633466,0.026852589641434263,0.3054183266932271,0.16869797859690844,0.27779429250891796,0.3330856123662307,0.1901010701545779,0.00401307966706302,0.013210256757844437
39,Menominee,249,1274.0,1134,322,0,396,171,903,252,30,937,267,0,978,253,0,961,264,0,874,269,21,1303,278,3,1110,411,0,866,233,21,847,237,0,838,322,4,895,220,0,827,255,16,1001,267,22,844,303,66,646,212,26,752,214,16,666,175,22,626,177,53,580,306,0,574,208,2,1191,179,3,924,238,0,1014,213,33,779,214,0,585,166,0,607,142,0,581,152,0,615,138,0,594,159,0,543,191,0,1257,185,3,886,180,5,813,138,42,731,193,45,939,83,12,775,238,2,1411,288,8,1332,298,7,680,171,16,614,180,16,486,203,111,613,221,0,991,230,125,948,224,58,691,244,4,737,181,1,573,227,6,400,161,3,679,192,7,474,640,5,921,207,27,724,300,11,585,243,11,654,292,2,966,254,0,443,423,11,350,294,27,645,171,5,233,480,0,476,300,6,544,390,0,39.0,4255,2893,1249,0.1655720705150363,0.000691323885240235,0.000691323885240235,0.8071206360179745,0.02799861735222952,0.8102315935015555,0.15727618389215348,0.05737988247493951,0.19080539232630486,0.1521216973578863,0.21617293835068055,0.32826261008807045,0.1489191353082466,0.02321857485988791,0.0045939756837790014
40,Milwaukee,128983,313880.0,298920,110405,8820,170514,63052,232301,95733,13494,241579,101557,52,246029,97454,3092,243594,103650,204,232330,100767,6044,317527,134481,7714,302325,137670,8357,262124,124055,7698,269144,113771,142,261615,112126,8003,280427,111684,214,257776,123388,7375,288822,126069,26162,276557,147921,10236,219902,128915,9931,231316,132705,4071,228262,110904,11826,209866,119184,18884,219920,131435,7578,250476,143454,1709,332438,154923,5214,286000,151321,10665,312619,155409,9856,261703,103286,11693,209932,128614,1502,211710,107993,223,197568,120447,1020,189714,135351,5962,209394,129843,26,188548,139141,169,319818,149443,5928,199536,118948,5583,204293,92039,14742,180747,109185,17652,238033,70997,9858,188457,130010,191,294826,178910,4253,309908,156404,2252,150802,94959,5905,168769,81210,5177,138781,96661,17183,153423,106082,108,215898,118805,34940,251533,162496,17650,234864,150555,2348,210655,66114,7656,154267,111181,4040,166218,83815,10773,190522,80513,8771,298771,112115,3584,298181,119616,5367,139819,143774,5662,160846,98870,12014,177738,109523,3269,246700,110176,4279,90396,175839,6133,123417,115358,16760,175304,96800,3040,299264,124786,5067,272873,174903,5854,108432,128375,294,11352.0,939489,720446,389764,0.5714363047334567,0.23813304536356647,0.04554678629626648,0.00773548607390422,0.13855861508010317,0.7724937052881132,0.2833827934362881,0.10346923988751412,0.17697926006945697,0.22698863927915353,0.23166839420777702,0.3047895649675188,0.1885346004248725,0.0475364579591753,1.5022041646479813
41,Monroe,14189,8511.0,7439,15431,0,4970,6399,6410,10223,607,7016,10244,0,6932,10152,145,6461,10802,8,6355,10268,510,8432,13773,400,9478,12838,8,6968,9464,313,7346,9182,4,6963,8935,550,8150,8558,2,6728,9401,479,7050,11356,1291,7671,10797,956,5846,8307,597,6398,8445,176,6491,7555,669,5818,7529,1152,7094,7811,34,6083,9047,151,9502,9655,236,10495,7812,4,8616,9880,626,7656,10724,4,5191,7556,219,6021,6709,14,5256,7319,23,6202,6407,593,5425,7504,5,4755,8073,24,10182,8651,288,6546,6505,373,7046,5477,507,5893,6168,823,8822,4173,362,6488,6693,19,8959,10356,180,9793,9299,86,3269,3429,187,6332,4566,272,4825,5342,864,5808,5499,8,6914,5290,2372,7448,8201,658,6421,6110,55,7064,4106,159,4906,4936,71,5030,4283,215,6000,4828,212,6743,8583,45,9541,5933,214,4144,7451,144,4524,5788,187,5129,6218,97,4894,8802,172,2816,7110,146,2975,5843,461,5644,4385,73,6513,8956,82,7925,8181,121,3542,5182,0,338.0,46274,34674,17787,0.9105669954432716,0.013352944569418008,0.008161735017592433,0.01173790159773894,0.041673876679933095,0.8169521831920171,0.18691238391878642,0.05701678491088424,0.2235392513122224,0.15629392252768876,0.2235340417158599,0.3550907966492382,0.21830550401978974,0.030696576151121605,0.019831674622365042
42,Oconto,17436,6899.0,6593,17577,0,4424,7996,5610,13058,695,6037,13360,0,5909,13362,162,5526,13961,10,5372,13369,505,6713,16222,183,5642,17370,0,5856,11487,166,6274,10934,0,5864,10897,440,7040,10389,0,5719,11282,268,5938,13342,920,6059,13002,744,5550,9499,553,5656,10299,93,6613,8537,564,5422,8997,991,5094,10711,0,5782,11049,66,8864,10741,185,7884,10839,0,8792,10032,710,7513,10955,0,5381,8131,114,6217,7191,4,5309,8019,4,5958,7752,4,5387,8191,2,4606,8883,0,9928,8755,286,6639,7497,232,7583,5618,656,6031,6886,816,9553,4534,309,6273,7860,11,8535,11044,217,9440,10037,84,4561,5419,285,5537,5054,181,4096,5702,954,5296,5823,1,6724,5390,1773,7262,8708,630,5898,5720,21,6307,4698,56,4105,5028,38,4615,4150,130,5482,5215,105,3919,12281,15,8797,7374,139,3970,7455,84,4178,6114,117,4913,6474,61,7388,6083,0,3074,6306,92,2920,5456,169,4915,4457,32,4502,10200,0,7151,7391,100,3831,5441,0,300.0,38965,31009,16458,0.9466928956109517,0.002192911735302654,0.002966880583056532,0.012028765842174853,0.015834112676964752,0.8518494630591119,0.15795414234577057,0.031152246122093587,0.2623109419845851,0.13981042654028436,0.20391299064284846,0.3767772511848341,0.23641997812613927,0.024425811155668976,0.015082544659273452
43,Oneida,13862,10242.0,9041,15315,0,6207,6716,8139,11214,709,8770,11346,2,8666,11297,222,8278,11865,10,7977,11460,489,10104,13671,376,9979,13876,1,7850,11247,502,8540,10552,0,8141,10423,418,9337,10112,2,8095,10885,326,8109,12131,1290,8292,12046,933,6578,9696,674,7190,9852,260,7564,8415,798,6158,8081,2496,6817,9932,205,7364,10433,122,10453,10917,255,9032,11570,5,10048,10183,969,7989,11358,287,6762,8772,244,7574,7818,0,6778,8434,5,7124,8212,388,7007,8610,2,6015,9543,5,11907,9631,390,8373,7425,406,8828,5831,780,7196,7153,999,10998,4491,428,7330,8393,2,10464,11351,211,12080,9639,62,5748,5226,349,7170,5292,299,5454,6110,1126,6586,6257,5,7619,6339,2958,8339,9513,1040,7160,6724,47,7878,4866,167,6490,5992,135,6820,5024,308,7025,5024,393,7228,10642,53,11736,6043,458,5088,7816,156,5466,6398,385,6399,6596,98,7189,8785,20,3685,8906,169,4190,7067,514,7696,5040,99,7848,9474,0,8701,9388,152,4327,7207,0,431.0,37845,31461,15948,0.9479355392390579,0.004831378532150917,0.00527637392327008,0.010743460157019801,0.011601665554178188,0.8738438066177172,0.24719493976669527,0.08906264899399256,0.31623279616032546,0.15864058189114622,0.23808628041133684,0.3301354401805869,0.21206420867820416,0.04740406320541761,0.01311735081158084
44,Outagamie,59884,48704.0,47549,60941,60,28108,26477,36450,45215,3313,39210,45974,0,39566,45600,764,37916,47802,0,35763,46311,2291,47595,58294,1969,41630,64884,0,36234,45285,1765,38332,43040,0,36502,41912,2395,41552,41286,0,36006,45000,1496,38011,49803,5979,37012,53169,3443,27553,41220,4249,29452,44467,862,31953,36920,2990,27393,38227,5372,25420,47714,0,29666,47746,418,45582,47283,1564,39223,50571,10,43224,46125,3415,42154,41392,0,29152,35042,673,31100,31807,12,26358,36020,13,29063,36247,40,28694,36083,20,23991,39933,4,50134,39498,1589,34696,33277,1323,36438,26364,3223,25284,37217,3588,45402,21396,1830,32176,36146,11,39537,48195,964,44698,42171,491,21127,23652,1810,23224,23606,1211,15021,30238,2743,18985,30726,0,28698,27588,8284,32244,38552,3509,23718,30353,183,29066,18912,751,20937,21412,381,21705,18489,1122,24786,22416,1136,19654,51499,27,34148,37750,958,17368,32371,694,16538,29219,1229,22583,27254,468,30377,33159,355,12196,30986,580,11622,28056,1557,23411,19956,235,22149,48077,0,34082,35853,1228,15000,27486,0,1677.0,190705,146186,76343,0.8841749551940679,0.014091636682035216,0.030126003858098587,0.015446075547590057,0.03926504590042822,0.8371663497188513,0.2722627337775163,0.08275074220513592,0.19476557262665373,0.11980142252727821,0.1974771753795371,0.3499862462832218,0.2655646228206908,0.06292652895484852,0.11549192395295417
45,Ozaukee,32979,27978.0,25824,35777,19,18529,20341,21275,28882,1638,22278,29728,6,23104,28827,428,21954,30209,70,20739,29926,845,26517,33911,1057,24271,36259,11,18393,32068,713,19801,30480,7,18862,30383,819,21463,29479,23,18749,31495,603,20169,30463,3925,18159,35455,1062,13174,31595,969,13695,32696,334,14682,29476,1302,12645,30422,1921,14115,30889,804,14095,34302,126,19160,36077,581,16606,35636,14,18284,35463,1302,15986,36800,309,13231,29879,178,14571,27440,9,12601,29170,15,10710,30406,1619,13494,29753,9,11557,31030,10,20577,32173,614,15227,25461,585,16350,22293,1323,12308,25596,1708,21237,18466,1182,13613,27217,10,17712,34905,414,20742,31619,194,10541,20485,580,12131,19693,556,8696,22175,1454,10845,21982,0,13269,22070,3604,15029,31147,1567,11879,22808,179,15738,14784,656,10593,17197,211,11200,14915,1047,12712,16137,631,11334,35123,4,21846,24903,489,7281,23710,480,8667,20525,777,11419,20216,205,8675,29897,0,4767,23041,501,6735,19102,1011,12661,15520,141,9968,30812,1008,16827,25564,620,5193,16077,0,1421.0,91503,71843,37097,0.9158860292582437,0.015478195509652994,0.023593112759767828,0.002519382542488482,0.025987222137160197,0.8676419414556742,0.4492295700346589,0.1741018610024637,0.2535528861545314,0.09308030298946006,0.18082324716284337,0.29727471224088203,0.2938782111761059,0.13300266867940805,0.15161175408219904
46,Pepin,2752,1526.0,1490,2762,0,979,1186,1183,1984,107,1275,2020,0,1279,1990,19,1177,2121,0,1202,2002,56,1489,2584,59,1681,2425,0,1332,1745,35,1374,1684,0,1315,1658,71,1529,1577,0,1287,1699,67,1344,2207,185,1491,2097,111,1303,1603,93,1332,1790,19,1505,1387,108,1331,1452,188,1740,1374,0,1215,1848,8,1875,1793,18,2185,1277,0,1812,1701,71,1933,1632,0,1092,1278,13,1185,1176,0,1117,1216,0,1187,1163,44,1117,1279,0,1038,1333,0,2101,1616,50,1626,1255,26,1736,896,54,1436,1195,90,2087,753,46,1588,1240,0,2181,1853,27,2297,1619,10,1233,869,67,1430,730,8,1085,917,61,1305,859,0,1586,1007,500,1854,1630,179,1675,1097,8,1345,655,8,1322,791,25,1355,658,54,1246,681,32,2303,944,0,2326,990,39,958,1173,4,1002,837,24,1055,1069,4,1473,1483,0,785,1497,44,832,1024,126,1471,767,29,1580,1613,43,1794,1498,39,1006,1047,0,43.0,7318,5705,3046,0.9479404031551271,0.0036809815950920245,0.0033304119193689747,0.004557405784399649,0.016827344434706397,0.8553900087642419,0.2126205083260298,0.05556529360210342,0.2907975460122699,0.15134602757715035,0.2196323046618516,0.3598161523309258,0.2179908076165463,0.02757715036112935,0.012178581473178995
47,Pierce,13920,10294.0,10308,14439,2,5866,5780,7417,9751,824,7787,10184,2,7967,9779,216,7708,10313,2,7530,9965,466,9796,12814,706,10207,12871,0,8192,8740,568,8421,8899,0,8293,8520,436,9215,8247,0,8230,8723,468,8399,11272,1704,8645,11417,815,6588,7075,517,6665,7759,151,6776,6722,600,6210,6825,974,7948,6495,2,6743,8316,31,10234,10397,388,11693,8081,6,10253,9849,502,10102,10000,173,5901,7035,228,6204,6776,6,6001,6835,10,6268,6605,428,5951,7057,12,5831,7172,11,11759,9766,484,7794,5998,267,7767,5299,629,7214,5592,777,8868,4606,469,7983,5717,12,11129,10391,262,11868,8888,160,5856,5291,313,6275,4837,94,5402,5313,398,6005,5206,4,7971,4601,2425,8560,8171,1234,7825,4845,80,5876,3855,109,4945,4367,103,5109,4065,180,5318,4222,175,10135,6503,99,10398,6100,438,4285,5854,83,4748,4631,246,5203,4853,66,6663,7827,20,3240,6592,103,3679,5096,363,5341,4218,54,6713,8724,315,8482,7463,327,3807,4810,2,373.0,42212,33381,15850,0.9323267727150175,0.009436505796710704,0.0074593331535903655,0.005572031994248225,0.02492435816782002,0.7583056229591684,0.23393547227464725,0.07582157514753902,0.18621371438842454,0.1070031545741325,0.17962145110410094,0.3285173501577287,0.31236593059936907,0.06201892744479495,0.028392722498333578
48,Polk,17638,9879.0,9311,18086,0,5464,7730,7067,12576,768,7405,13021,0,7586,12548,224,7312,13132,0,7123,12696,513,9370,16610,340,9272,16700,0,7332,10865,367,7635,10803,0,7519,10475,384,8300,10244,0,7429,10607,372,7564,13810,1370,8094,13534,750,6415,8775,461,6515,9344,123,6761,8412,569,6162,8511,949,6370,9274,133,6592,10132,48,10072,12094,368,9151,12180,4,10191,11309,642,9805,11894,0,5751,8841,227,6252,8452,1,6066,8550,1,6144,8325,467,5883,8718,0,5769,8939,5,10876,11281,484,8127,7102,268,8262,6231,539,7531,6661,705,9107,5646,482,8260,6860,1,11173,12095,206,11659,10266,105,6901,6788,372,7756,6021,24,6844,6540,222,7403,6537,0,8333,5386,2689,8960,9558,1244,7746,5445,54,6928,5198,58,5365,4942,56,5536,4410,115,6499,5503,122,11123,7123,2,10631,7442,237,5895,6820,40,5759,5743,456,6144,6450,28,8762,6597,0,4009,6759,56,4335,5286,210,5857,4500,62,9162,7637,92,9031,7751,285,4710,5778,0,345.0,44977,35567,18326,0.9476199848173869,0.0030084066691033824,0.004273624427137515,0.007928697950347232,0.016616526555514943,0.8616132932212444,0.20485281300081537,0.059521466527961316,0.261506452610566,0.14935064935064934,0.1997162501364182,0.3689293899377933,0.23693113609079997,0.03535959838480847,0.018993039925205166
49,Portage,20441,21240.0,21110,20721,282,13907,9991,16862,15126,1318,17855,15428,0,17943,15359,223,17183,16337,11,16761,15446,868,20421,19296,876,21621,18273,4,18003,15956,906,19070,14914,2,18290,14530,909,20165,14508,6,17935,15874,626,18524,17303,2755,18981,17545,1420,14317,13930,957,15281,14648,309,15940,11783,1171,13838,12464,2143,16558,12610,18,15669,14845,179,22072,16612,647,21918,13724,25,21465,15706,1095,21279,14216,394,14461,12791,267,15371,11120,20,13744,12127,22,14626,12352,684,14819,12644,2,12853,13935,13,24815,13808,795,17748,10203,884,17719,8058,1556,14904,9827,1986,21108,6320,1065,15659,12151,27,21860,16543,554,23589,14525,236,11949,7155,1584,15200,6406,589,11443,8104,2352,13953,8463,6,15831,9584,4354,17803,13110,2588,15552,10913,112,14690,5709,504,10692,7816,186,11455,5738,754,13170,6841,600,20908,11407,24,22359,9486,642,9272,11972,311,10691,8093,904,12252,9056,226,16879,12172,0,7089,11888,568,8038,8216,897,12356,6774,166,20578,9912,0,18750,13191,269,7514,7975,0,803.0,70377,56525,28991,0.9105705440070765,0.012260061919504643,0.02904909332153914,0.004458204334365325,0.030340557275541795,0.7638213180008846,0.2683768244139761,0.0767624944714728,0.2091640866873065,0.15684177848297748,0.21213480045531372,0.3405884584871167,0.2364526922148253,0.04194405160222138,0.03392874274620479
50,Price,5655,3007.0,2780,5647,0,2074,2771,2476,4303,200,2677,4345,0,2595,4368,44,2458,4583,0,2439,4335,123,3031,5393,51,3115,5326,0,2584,3995,43,2915,3662,0,2735,3629,95,3135,3515,0,2622,3846,72,2666,4558,342,2954,4281,314,2487,3593,172,2699,3724,32,3023,3056,209,2640,3166,408,2644,3733,17,2650,4084,27,3887,3884,88,3277,4045,0,3831,3623,265,3704,3726,0,2858,3284,62,3330,2757,0,2864,3123,0,2832,3198,318,3089,3221,0,2566,3624,0,4559,3462,169,3581,2736,57,3783,2111,69,3087,2695,137,4512,1696,38,3046,3181,0,4349,4312,63,4834,3682,8,2669,2323,147,3728,2077,18,2789,2558,334,3280,2615,0,3523,2544,1321,3412,4136,381,3575,2654,10,3763,1781,21,3476,2739,20,3560,2147,53,3215,2100,40,4641,2940,0,4938,2454,12,2297,3567,18,2539,2526,27,3047,2743,13,4200,3009,0,2093,4288,37,2583,2922,101,3956,2389,16,4901,2580,0,4216,3947,18,2949,3592,0,104.0,14054,11566,6517,0.9511499221857167,0.0016427459795953657,0.005101158568217188,0.00544699982707937,0.009078333045132284,0.8528445443541415,0.1453397890368321,0.0332007608507695,0.31445616462043924,0.20116618075801748,0.2683750191806046,0.3595212521098665,0.14684670860825533,0.006751572809574957,0.0043270037484894434
51,Racine,53831,50330.0,44179,46658,4518,28163,28963,36150,41780,2933,37787,43144,14,38240,42358,900,37251,44221,76,35642,43004,1680,50158,54478,1813,45092,59331,12,40497,44770,1922,42820,42704,10,41210,42001,1958,45397,41213,22,39720,44944,1636,42640,46680,4979,41605,49682,2485,33873,41616,2123,35770,42945,868,36457,37515,2635,32639,39462,3939,32041,46460,16,40287,45525,425,53008,49347,1009,47722,50294,1519,51630,47030,2802,49913,39634,3486,31333,40814,439,34290,35982,15,30233,39604,11,24374,46690,1155,31779,40763,10,28151,43029,14,53408,45956,1280,34969,35286,1114,37966,28057,2717,31680,33099,3393,45817,22971,1898,33101,37145,8,48228,52455,884,54775,45182,440,27859,26650,858,31447,24021,1069,24167,28578,3290,28376,28799,0,38567,30109,8865,41559,44015,3284,34881,32311,311,39278,19374,1530,27970,26803,475,30175,22447,1695,35890,22211,1633,28249,58173,9,53158,33637,966,25801,34337,1139,27961,28256,1871,30199,30616,576,36419,39063,6,17324,38306,1213,20327,30052,2188,32714,23761,284,48116,35067,459,43548,38205,1496,18246,29319,0,1907.0,197727,153051,79539,0.7600015681047494,0.1069316763693148,0.012002535102678192,0.005573305630149427,0.11405348543949402,0.8114419376547687,0.23737839020979934,0.07952251210380853,0.21544452502760517,0.1614050968707175,0.2091552571694389,0.3155936081670627,0.25623907768516074,0.055670803002300755,0.22951213566876763
52,Richland,5044,4058.0,3469,5560,0,2584,2355,3140,3591,227,3244,3723,0,3353,3561,33,3172,3826,5,3074,3657,108,3995,4872,61,4298,4551,2,3624,3285,80,3648,3252,2,3392,3297,142,3999,2980,2,3401,3424,97,3568,4013,487,3904,3838,222,3154,3170,231,3314,3434,22,3411,2834,261,2875,2986,535,3639,2953,0,3295,3894,20,4969,3572,70,4889,2882,0,4503,3785,102,3678,4323,73,2866,3292,31,3054,2899,0,2757,3106,0,2929,3157,93,2979,3293,2,2434,3648,0,5041,3297,83,3488,2813,76,3524,2390,137,2884,2922,205,4216,1866,92,3031,3268,0,4501,4835,37,4739,4467,6,1961,1958,150,2562,2132,37,2024,2566,183,2333,2519,0,3501,2641,1075,3836,3993,462,3458,3143,27,2946,2262,120,2647,2814,19,2685,2420,69,2547,2527,77,2891,4759,0,4607,3012,35,2060,3501,70,1957,2937,76,2540,3001,19,2093,4960,23,1530,4348,49,1515,3290,119,3298,2369,12,2889,5087,3,3722,4153,8,1678,2666,0,91.0,17304,13369,7138,0.9459196648964021,0.003440795871044955,0.005310793627047648,0.0029919964096043086,0.023337571994913608,0.836786595856085,0.1822873812551425,0.0533323360011968,0.2983768419477897,0.19809470439899132,0.22821518632670215,0.35360044830484727,0.18758755954048753,0.009246287475483329,0.011398338466889223
53,Rock,37930,47555.0,50772,26732,934,27223,16861,34032,28579,2103,35889,28440,2,37742,26713,569,36011,28750,27,34545,27562,1917,46658,37138,1564,44476,38140,4,39679,26904,1782,40630,26068,4,38488,25300,2075,42615,25322,6,38414,27241,1544,39338,31493,5239,42437,30485,2428,31427,23967,1826,32511,24982,802,33621,21014,2268,29704,22461,3866,31267,26159,0,35306,27491,339,49203,30505,909,43317,32522,1338,46877,29997,2341,45474,31369,7,27413,23802,649,29693,21000,9,26488,23698,0,22385,29104,486,28349,23170,2,24076,27173,4,50513,27355,1276,33744,20138,1198,34929,16389,2221,29840,20007,3040,40687,12702,1440,31926,22521,15,46569,33130,712,51303,27681,416,26632,14919,1291,31943,15024,1078,25657,18618,3040,30550,17980,2,32389,20069,7739,40352,27377,2457,31130,21927,80,34008,13216,800,25306,16538,208,25275,14870,962,31758,14807,1122,24456,43691,70,48007,20169,1000,21065,27422,521,24679,19946,1487,28886,20076,230,31993,27317,29,15009,27883,589,17171,20664,1765,29296,13836,186,41101,22841,2334,38039,26721,1036,16223,19971,0,1367.0,163687,126282,66205,0.8450768914017833,0.045461744349946945,0.012939294594637399,0.005131372642181784,0.07557688348299837,0.8169810424288497,0.2140210006176652,0.06852124609999842,0.2149633360257202,0.15976134733026207,0.21231024847065932,0.3633260327769806,0.22759610301336758,0.02989200211464391,0.08800144512321988
54,Rusk,5485,2585.0,2174,5805,0,1640,2666,2071,4097,160,2279,4083,0,2181,4120,27,2055,4326,0,2028,4146,91,2517,5256,44,2552,5171,0,2183,3796,72,2417,3564,0,2250,3541,72,2653,3381,2,2166,3674,108,2170,4563,353,2442,4228,321,2149,3337,175,2285,3502,43,2560,2826,221,2181,2930,449,2174,3522,30,2167,3723,23,3397,3675,63,3217,3611,0,3297,3394,352,3060,3912,0,2169,3045,89,2597,2561,0,2230,2857,0,2357,2827,178,2363,2988,0,2040,3208,0,3855,3252,138,2968,2621,135,3317,1865,172,2685,2263,324,4063,1440,150,2874,2639,2,3819,3984,83,4414,3337,44,2305,2207,131,3317,1973,58,2460,2428,334,2968,2514,0,2941,2218,1481,3160,3757,447,3376,2430,50,3643,1644,67,2865,2182,31,2960,1800,48,3154,1920,81,4957,2013,13,4484,2352,81,2374,3108,68,2405,2300,112,2686,2819,41,3828,2543,0,1916,3286,45,2170,2374,105,3277,1923,27,5146,2231,0,3947,3612,37,2522,2696,0,104.0,14188,11302,6070,0.9489470890107945,0.0030083171120155725,0.0034507166873119803,0.004689435498141921,0.014510706069722172,0.820562732259777,0.14900017695983012,0.0378694036453725,0.3033976287382764,0.19670510708401978,0.2696869851729819,0.35766062602965404,0.1388797364085667,0.0026359143327841844,0.005996418547309705
55,St. Croix,34638,23796.0,22875,36126,0,13642,15099,17041,24835,1928,17910,25815,2,18515,24967,540,17826,26142,8,17135,25501,1091,23189,32199,1318,22354,33296,10,16691,22107,1272,17266,22366,8,16979,21572,961,18764,21068,19,16948,21990,867,17481,26221,3804,17712,27406,1581,12802,18914,1278,13230,20066,450,13217,18107,1559,12241,18151,2213,12677,19972,535,13176,20894,100,19909,25502,812,18566,25680,42,20053,24347,1172,17780,27123,824,10328,17296,389,10831,16898,17,10601,17046,21,11152,16242,819,10584,17161,7,10440,17349,21,21177,22837,807,13374,13108,364,13270,11984,905,12035,12571,1316,15081,10519,932,13301,12922,9,18784,22679,372,20414,19555,596,8804,11074,494,10132,9897,333,8507,10910,952,9707,10776,3,11383,8252,3572,13077,15238,1638,10280,8111,85,8707,7614,273,7019,6753,328,7351,6072,602,7844,7378,513,14847,12842,0,15541,12241,969,6223,10609,130,7477,8290,523,7903,8869,181,10476,12313,4,4770,9550,267,5575,7375,935,7517,6743,234,9246,13873,893,12059,11869,848,6156,7051,3,972.0,93536,70347,35844,0.9329466786074744,0.006496368004321435,0.010576143972024393,0.0034969508294596784,0.023256144540634283,0.8683525949933899,0.3315279969295066,0.09973417487597197,0.1895176766599855,0.08743443812074546,0.14152996317375294,0.3211137149871666,0.3538667559424171,0.08601160584756165,0.05000876821543292
56,Sauk,17360,18390.0,17732,18845,0,11749,8473,14241,13438,1005,14704,13978,0,15283,13345,191,14618,14285,0,14020,13835,726,18108,17493,589,18391,17059,0,15631,12616,687,15870,12468,0,14889,12463,725,16960,11866,0,14942,13182,492,14690,14799,1868,16324,14128,937,12484,11663,817,13041,12223,225,13579,10198,981,11749,10807,1791,13675,11086,0,12815,13647,96,18737,12838,262,17083,12805,0,17246,13564,787,16518,14008,77,10740,11044,226,11620,9773,2,10259,10779,0,11081,10665,409,11188,10855,0,9244,12512,0,18617,11562,447,12231,9148,558,12840,7323,946,9849,9478,1378,15689,5318,819,10615,11089,6,15707,14415,242,16924,12967,185,7281,5630,831,9645,6600,425,6888,8234,1482,9093,7993,0,9888,7447,2941,13034,11585,1032,9127,8885,86,10324,5697,224,7562,6477,128,7680,5494,444,8584,6347,355,10835,14503,10,16519,8432,329,6005,10202,205,6437,8278,387,8387,8326,126,6516,13955,217,4268,9736,372,4528,7910,736,8504,5844,110,7185,16153,97,11771,11269,235,5456,8188,0,1221.0,65763,51197,26939,0.9076313065218665,0.008750512725355002,0.005859718342871653,0.011152997245932378,0.05056936929898236,0.8245209680254703,0.22411469422036448,0.06379280035939607,0.23612711682325135,0.14350941014885482,0.20858235272281822,0.34923345335758565,0.2483388396005791,0.039830728683321576,0.030535332959707364
57,Sawyer,6238,4686.0,4325,6367,0,2670,3026,3524,4784,173,3634,4884,0,3734,4735,47,3597,4949,0,3488,4877,57,4500,5914,68,4450,5922,2,3486,4546,156,3664,4375,0,3542,4325,129,3940,4163,0,3438,4475,108,3504,5190,449,3509,5159,269,2860,3508,160,3029,3722,42,3096,3347,164,2795,3386,341,2860,3800,48,3038,4000,18,4486,4443,42,3835,4660,0,4446,4165,83,4144,4375,2,2650,3767,45,2964,3444,0,2647,3594,0,2634,3710,141,2743,3701,0,2453,3889,0,4764,4201,111,3218,2965,74,3245,2658,165,2908,2865,197,3694,2347,137,3035,3124,2,4403,4945,69,4581,4504,10,2619,2885,106,2850,2600,24,2333,2926,127,2716,2832,0,2638,2499,1048,3158,3796,433,2677,2531,29,2651,2341,56,1925,2085,13,1865,1978,43,2359,2503,70,4048,2913,0,3866,3032,41,2083,3293,40,1935,2755,66,2199,3104,14,2968,2954,11,1229,2971,31,1276,2394,63,2164,1940,8,3544,2914,0,3047,3574,60,1597,2232,2,97.0,18074,14724,8136,0.8099701168160826,0.004889975550122249,0.0033279000271665307,0.13590057049714752,0.015145340939961966,0.8616544417277914,0.23186634066829667,0.08387666395001359,0.33095626188535726,0.20870206489675516,0.24078171091445427,0.3383726647000983,0.14773844641101277,0.031096361848574238,0.005548968402748143
58,Shawano,15453,7331.0,7087,15730,2,4002,6921,5399,11771,636,5932,11908,0,5852,11874,78,5494,12414,0,5310,11996,372,7130,15168,213,6377,15966,0,6119,11475,364,6415,11161,0,6074,10985,433,7413,10436,0,6009,11363,254,6067,12766,973,6112,12791,758,5451,10260,566,5729,10937,79,6514,8902,620,5392,9365,1114,4966,11340,4,5645,11200,42,8999,11020,182,7844,11170,0,8753,10417,680,7462,11224,26,5486,8661,118,6224,7696,0,5345,8489,4,6223,8175,0,5503,8770,4,4618,9523,0,10258,9536,253,7235,8226,166,7869,6493,514,5803,8269,627,10000,5218,256,6493,8837,0,8655,12148,135,9395,10934,19,4751,5731,268,5128,5982,47,3826,6530,711,5098,6395,0,6844,6388,2246,7326,9533,719,6060,7248,60,7614,5297,66,4214,6113,28,4709,4949,84,6384,6198,158,4123,12337,3,8905,7894,138,4350,9093,53,4431,7594,178,5365,8009,52,7169,7682,2,2791,7592,58,2688,6882,97,5161,5215,27,3923,12622,0,7058,9826,48,3701,6687,0,400.0,40881,32157,16753,0.8727804210591784,0.002612183972385484,0.003793886245607488,0.07457163292595702,0.02155051777218024,0.8412476288210965,0.14799266100693473,0.04173274870168237,0.26709581117641573,0.18241508983465649,0.21273801707156928,0.3743210171312601,0.19059272966035934,0.024652301080403508,0.01767088097647384
59,Sheboygan,38234,27083.0,26570,39043,10,16619,20075,20974,30002,1984,21987,30936,4,22325,30679,597,21351,32059,17,20339,30895,1264,27101,37609,1301,25993,38900,0,20801,31520,926,22948,29288,11,21491,28989,1191,24183,28667,4,20688,30885,1083,23000,32513,4252,22440,35146,1934,17669,30311,1408,17954,31728,439,20033,27195,1793,18399,27691,2376,18905,29160,1137,18611,34047,164,27917,34072,661,21266,37673,4,26284,33472,2010,25637,33969,26,16719,29655,379,20793,24679,0,17876,27220,0,12727,33391,2,17174,29357,0,15159,30904,2,30393,30799,911,21375,25245,752,24304,20004,1765,19773,23652,2099,29773,16032,1133,19965,26866,4,26648,33188,544,29172,30425,265,17465,19552,706,21632,17160,756,16504,20304,2230,18600,21715,0,21967,19991,4874,23501,29522,1971,20520,22459,62,24475,13810,749,16817,16374,157,19200,12824,825,22076,15682,829,16488,36834,2,30819,22885,587,12124,26784,447,17342,19316,1045,17485,21648,363,13654,32243,274,8127,25147,382,12473,18451,1277,18205,15462,87,19244,30899,761,27114,25290,711,12089,18850,0,1182.0,118034,92434,49074,0.863232144016271,0.019559902200488997,0.04753662072397603,0.004511327000887119,0.057933228032974876,0.835763896401757,0.23385334400761623,0.07606508427634853,0.23020749940498086,0.133431144801728,0.23499205281819294,0.35336430696499166,0.2340750703019929,0.03669967803724987,0.08909187934999778
60,Taylor,8067,2806.0,2466,8272,197,1653,3945,2190,6150,236,2460,6183,0,2262,6296,67,2130,6527,0,2097,6237,200,2692,7657,336,2684,7843,0,2269,5690,59,2651,5209,0,2368,5248,102,3027,5004,0,2293,5493,92,2392,6578,499,2828,6177,385,2179,5027,176,2248,5407,33,2851,4196,266,2225,4461,512,2097,5467,17,2201,5752,48,3763,5602,80,3174,6090,0,3860,5050,372,3341,5991,35,2370,4212,86,2920,3661,0,2468,4005,0,2435,4007,339,2596,4085,0,2249,4376,0,4563,4587,162,3506,3551,159,3916,2629,394,2928,3296,565,5195,1832,206,3057,4007,0,3829,5582,101,4807,4587,12,2497,2425,68,3727,2375,167,2552,3042,617,3528,2853,0,3252,3108,1569,3253,5278,460,3304,3415,10,4280,1935,37,2718,2933,10,3032,2274,84,3440,2522,92,4983,3894,0,5513,2997,270,2146,4481,29,2592,2984,194,3102,3519,22,4014,3702,0,1458,4269,57,1921,3129,189,3055,2749,23,5391,3347,0,4190,4643,76,2442,3279,2,159.0,19913,15126,7677,0.9572259685310062,0.002710564590770858,0.003636123231521883,0.0019172286129842655,0.021882850720613512,0.8156154964960994,0.1490810524923972,0.03893957424302526,0.2548591828639429,0.1746776084407972,0.24892536146932395,0.3522209196300638,0.17558942295167382,0.018887586296730492,0.007885221772604823
61,Trempealeau,9252,6393.0,5854,9847,0,3965,4052,4827,6884,453,5259,6929,0,5281,6813,70,4920,7323,0,4819,6909,241,6290,8840,204,7159,8092,0,5396,6628,172,5867,6093,0,5642,5958,291,6530,5638,0,5341,6379,257,5642,7376,685,5970,7090,506,4773,5293,337,4977,5622,80,5455,4591,359,4903,4650,709,6179,4479,0,4637,6273,64,7611,5712,113,8502,4104,0,7150,5705,378,10024,608,0,4932,4902,125,5511,4068,0,5081,4409,2,5717,4115,318,4982,5031,2,4600,5132,0,8329,4813,173,5562,3728,184,5880,2887,294,5014,3435,453,7196,1965,217,5420,3867,0,8083,5884,103,8377,5402,25,4200,2823,276,5595,2686,88,4441,3365,481,5050,3485,6,5852,3039,1910,6684,5008,488,6222,3581,34,6165,1998,60,4659,2812,41,4828,2235,101,5309,2513,131,8132,3548,9,8011,3416,119,3545,5091,74,4175,3265,161,4837,3840,55,6196,4321,10,2876,4930,47,3075,3537,180,5423,2277,37,7218,5134,228,6992,5092,83,3880,3570,2,234.0,30760,23150,12330,0.891317494600432,0.0027213822894168464,0.003023758099352052,0.009503239740820735,0.09321814254859612,0.8269114470842333,0.1822462203023758,0.05399568034557235,0.23900647948164147,0.13819951338199513,0.22741281427412816,0.3792376317923763,0.2042984590429846,0.02506082725060827,0.01620327204956642
62,Vernon,8581,7532.0,6794,9588,0,5375,4365,6101,6443,557,6622,6460,2,6597,6409,117,6206,6949,2,6091,6519,380,7456,8218,209,8557,7259,0,6549,6275,216,6897,5890,0,6552,5893,275,7495,5458,0,6439,6100,240,6370,7004,900,6887,6711,522,5462,5562,432,5931,5686,102,6049,4967,434,5333,4998,951,6723,4943,0,5761,6351,57,8044,5941,256,9225,4418,0,7543,6050,428,5482,8261,0,5278,5440,130,5703,4723,0,5089,5184,2,5786,4828,327,5546,5322,0,4943,5626,0,8463,5366,245,6034,4239,213,5910,3631,365,5000,4274,492,6999,2870,346,5757,4352,0,7924,6773,124,8597,5855,17,3409,2811,342,4635,3068,75,3493,3772,422,4264,3679,0,5571,3795,1851,6576,5683,783,5673,4071,56,5813,2971,159,4343,3671,52,4431,3220,129,5071,3454,160,7780,4682,0,8212,4215,74,3917,5325,134,3657,4403,242,4730,4513,71,5422,5584,2,2824,5422,103,2790,4374,313,5046,3142,36,4964,7027,118,6433,5662,118,3425,3944,2,209.0,30714,22734,11787,0.9588721738365443,0.0040907891264185805,0.003299023489047242,0.001979414093428345,0.013196093956188967,0.8160464502507258,0.2120612298759567,0.06861968857218263,0.26269024368786836,0.19996606430813607,0.2284720454738271,0.3257826418936116,0.2014931704420124,0.01951302282175278,0.014981445133396028
63,Vilas,9626,6109.0,5351,10390,0,3866,5066,4732,8007,360,5098,8053,0,5088,7982,98,4803,8350,4,4663,8156,180,5903,9261,185,5761,9499,0,4510,7814,178,4901,7465,0,4706,7422,167,5309,7166,0,4647,7660,108,4770,8166,675,4820,8247,425,3832,6814,325,4240,6942,121,4478,6149,374,3927,6210,763,4047,7053,71,4154,7301,63,5951,7750,106,5276,8005,0,5763,7308,456,4808,7598,133,3772,6594,100,4232,6103,2,3783,6429,2,4469,6027,8,3949,6551,0,3384,7055,3,6491,7056,204,4798,5623,208,5195,4754,378,4146,5505,518,6569,3712,290,4135,6278,4,5713,8154,134,6759,7000,44,3320,4305,259,4085,4320,187,3056,4788,751,3838,4896,0,4225,4496,1721,4706,6958,658,3764,4616,34,4532,3623,133,4171,4180,72,4234,3606,206,3980,3989,205,2924,8824,2,7173,4717,178,2836,5342,171,3043,4643,265,3684,4629,61,3332,6712,5,2161,6258,114,2590,4982,356,5037,3479,62,2624,7914,0,4634,6146,84,2331,5003,2,223.0,23047,19453,10607,0.8861358145273223,0.0025188916876574307,0.0024674857348480953,0.07351051251734951,0.013571171541664524,0.8803269418598674,0.26119364622423275,0.09294196267927826,0.36215493754176736,0.17413029131705476,0.2635995097577072,0.3416611671537664,0.16489110964457435,0.043273310078250214,0.010374699184591048
64,Walworth,34800,23831.0,21179,35681,1766,14199,17074,16506,27642,1493,17989,27624,4,18568,26701,579,17824,27996,40,16705,27518,1026,22789,33853,960,20494,36250,15,17395,27088,977,18500,26201,6,17794,25577,1039,20299,24845,11,17415,26761,824,18710,28865,3818,18357,30787,1711,13121,24404,1182,13808,25415,426,14381,22709,1508,12603,23216,2415,12295,27013,17,14346,26222,223,22552,29005,745,19683,30301,917,21390,28069,1917,20770,28549,360,11888,22756,372,13111,20995,29,11895,21937,28,9137,25183,655,12398,22454,9,10834,23619,22,24177,25484,760,14149,18779,779,14922,16330,1529,12527,17872,2015,18987,13098,1304,13327,19835,42,19158,28728,515,22189,25213,345,9768,13317,609,11389,13175,597,8939,14544,1660,10466,15018,14,13286,15100,4559,15487,22976,1985,11826,15726,159,13610,11105,645,9317,12591,348,9754,11166,801,11707,11964,790,9862,28448,2,20952,18068,925,7838,17315,400,9333,14398,815,10680,15167,192,13051,20179,19,5567,16463,482,6529,13767,1178,11266,11097,257,16455,19429,581,16558,19315,819,6447,11936,0,1133.0,106478,84970,42254,0.875391314581617,0.010650817935742027,0.009944686359891727,0.004213251735906791,0.09541014475697306,0.7692479698717194,0.25679651641755913,0.08723078733670707,0.22666823584794635,0.1415013963175084,0.18999384673640365,0.34534008614569034,0.2530647985989492,0.06236095990912103,0.07402350471171794
65,Washburn,6671,3961.0,3773,6897,0,2472,3391,3041,4985,229,3143,5171,0,3197,5031,54,3073,5276,0,3013,5091,119,3865,6328,133,3844,6379,0,3289,4457,114,3371,4398,1,3282,4350,68,3662,4186,1,3242,4416,83,3280,5431,474,3505,5246,227,2985,3695,116,3073,3944,24,3206,3462,217,2893,3524,400,2961,3959,38,3155,4276,23,4446,4697,103,3937,4786,0,4404,4439,162,5367,2022,9,2972,3531,21,3099,3342,0,2900,3482,0,2946,3512,75,2955,3484,1,2704,3788,0,4692,4301,82,3321,3133,54,3476,2677,148,3035,2941,207,3910,2381,126,3235,3162,0,4704,4761,44,4999,4235,6,2894,2592,121,3315,2314,22,2682,2692,185,3114,2572,0,3230,2702,1058,3694,3910,437,3080,2586,12,3176,2162,17,2650,2320,4,2631,2101,39,2927,2290,36,4791,2789,0,4575,2981,40,2601,3021,24,2394,2595,67,2657,2899,10,3788,2954,0,1739,3434,27,1805,2703,72,2984,2142,6,4271,2632,0,3657,3488,46,2200,2742,0,196.0,16623,13612,7123,0.9415221863062004,0.0016896855715545108,0.004114017043784896,0.010431971789597413,0.01315016162209815,0.8567440493682045,0.20988833382309727,0.056788128122245075,0.32324419629738466,0.18615751789976134,0.2576161729608311,0.33440965885160745,0.19387898357433667,0.009265758809490383,0.00805178562865492
66,Washington,60867,27395.0,25352,63348,8,17616,34754,21041,50069,2203,22204,51341,0,22697,50746,578,21566,52398,0,20307,50925,1391,26650,60236,1183,24841,62038,0,18690,50910,884,20682,48703,0,19285,48401,1254,23056,47057,0,18720,50380,927,20836,51688,4162,19816,55906,1668,14714,48591,1362,15495,50229,442,17237,45284,1821,14664,46385,2657,14861,49717,12,16621,52259,255,23148,54711,811,18832,56134,4,22684,52900,2134,4973,61648,1105,14267,44193,363,16728,40462,26,14414,42442,22,11873,44324,2017,14635,44078,2,12718,45249,17,25701,47693,961,17205,35191,843,19699,30114,1742,14916,33839,2302,26169,24957,1597,15527,37112,14,21219,50585,592,25102,46355,252,11475,25574,574,14587,24138,872,10825,26850,1853,12683,27563,0,16631,24959,5605,17762,40285,2105,13188,22439,944,19131,17278,1143,11870,19125,444,12893,15726,2141,15944,20055,1149,13881,44273,12,26181,32404,658,9019,28586,844,11363,23515,1225,12896,25115,500,11342,35113,6,6035,25100,604,8005,20713,1495,13203,18471,205,12486,32424,1195,21076,26983,837,6577,15788,0,1848.0,136761,107030,55990,0.9324488461179109,0.010641876109502008,0.013127160609174997,0.002522657198916192,0.027711856488834907,0.8604129683266374,0.30083154255816125,0.09355320938054751,0.23061758385499392,0.0883729237363815,0.17035184854438293,0.33264868726558317,0.32155742096803,0.08371137703161279,0.12261535675285064
67,Waukesha,157592,109200.0,87040,172709,1034,68242,94707,81428,133633,6584,84879,137010,22,88562,134211,1827,83404,140154,206,78002,136991,3598,103873,159575,4440,93846,167471,41,72110,146647,2975,77896,139101,38,73787,137865,3803,84122,136144,70,70691,146269,2804,79199,142490,15819,71754,161296,4518,50267,145379,3925,54481,147214,1389,59058,130632,6163,49892,136536,7777,49647,148156,81,58188,154200,584,78725,162684,2278,57196,150388,943,75349,159338,5279,58420,159831,1372,52650,134502,598,59833,121508,21,50715,129968,17,41369,138839,4839,53455,133949,263,46015,138362,30,85281,145038,2405,61300,112036,2462,68189,96021,5923,53360,108036,7162,88534,80655,4745,55508,118133,28,73533,154771,1809,86667,139839,851,42278,88583,2203,52246,80965,2616,38211,89586,6819,44193,94119,14,57246,91523,16321,63775,131971,6269,50227,91384,748,66808,60005,3722,42307,70081,761,44734,61652,3229,56353,69406,3499,64293,129832,934,92507,105010,1993,32280,98195,2544,40475,81268,3613,47811,84505,1173,49993,110893,91,21400,92392,1806,28486,75462,3497,49848,65313,536,60103,100516,2819,71777,101815,1974,24419,60498,2,4419.0,406978,318193,165014,0.8917638037291832,0.014648342358254266,0.03495048602577681,0.002919611682218025,0.04283563749045391,0.8735107309085995,0.4258704622666118,0.1422595720207547,0.23861304302734504,0.09021658768346928,0.1495994279273274,0.2871513932151211,0.3355109263456434,0.1361157235143685,0.28584934152765584
68,Waupaca,19374,10104.0,8897,19685,1061,6136,9092,7521,14734,791,8075,15009,0,7989,14938,186,7652,15525,10,7375,14984,582,9703,18952,402,8458,20252,6,8143,13910,369,8540,13440,4,8137,13327,524,9510,12793,4,7900,13852,387,8451,16209,1435,8514,16207,1005,7178,12423,669,7471,13129,121,7986,11289,769,6925,11685,1344,6506,13806,0,7564,14095,90,11577,14003,180,9918,14341,2,11010,13601,861,1438,18367,146,7072,10595,155,7712,9738,3,6667,10714,0,7646,10281,2,7062,10730,0,5989,11666,0,12952,12231,327,8766,10295,312,9235,8480,745,6759,10525,1145,11801,6906,482,8010,10962,6,10791,15940,233,11693,14749,74,5672,7370,519,6626,7253,201,4440,8762,807,6174,8310,0,7783,8660,2756,8770,12952,1036,6653,10232,102,8444,6771,130,4593,7325,59,5038,6307,178,6579,8448,211,6841,14896,2,9650,12255,140,5180,10747,145,4671,9668,291,6196,9650,102,4270,13344,352,2966,9108,119,2777,8440,223,5229,6908,46,9911,12168,0,9512,12045,279,3611,7212,3,564.0,51812,41368,22215,0.9426851672790563,0.004012763488686908,0.005052214271900986,0.005414813382324502,0.0275575323921872,0.84570199187778,0.18403113517694836,0.050933088377489846,0.25476213498356215,0.1622777402655863,0.20841773576412334,0.3638082376772451,0.21746567634481206,0.03169029934728787,0.026755624867672953
69,Waushara,9347,4623.0,4075,8133,1839,2866,4970,3546,7335,374,3774,7479,0,3765,7458,35,3566,7765,0,3389,7364,376,4387,9015,101,4342,9033,0,3741,6718,115,3938,6461,0,3702,6312,366,4433,6106,0,3747,6560,109,3791,7667,616,3833,7578,491,3465,5728,317,3608,6100,24,3877,5311,358,3311,5439,687,3677,5660,176,3753,6462,15,5334,6562,91,4008,7159,0,5213,6239,370,2579,7595,0,3283,5177,93,3633,4776,2,3237,5135,2,2597,5966,2,3289,5247,2,2850,5643,2,5868,5769,203,4154,4589,151,4424,3749,406,3471,4536,515,5608,2991,224,3663,5064,0,5256,6888,69,5657,6177,25,2909,3372,145,3161,3542,25,2482,3921,291,3141,3863,0,3823,3573,1431,4239,5571,438,3402,4044,23,3938,3391,97,2536,3681,16,2712,3168,83,3286,3843,130,2893,6999,0,4840,4865,80,2300,5289,92,2442,4488,111,3045,4588,42,2045,5964,169,1645,4642,67,1703,4113,128,2624,3710,27,4164,5723,0,4246,5424,66,1897,3299,0,224.0,24520,20060,9863,0.9096709870388834,0.018594217347956132,0.004336989032901296,0.006281156530408774,0.05408773678963111,0.8259720837487537,0.15378863409770688,0.045663010967098704,0.2952143569292124,0.177329412957518,0.25702119030720877,0.35141437696441247,0.18138497414579743,0.012876406772787185,0.015119534969474201
70,Winnebago,47905,43924.0,42116,50110,97,26244,22250,33432,36810,3377,36119,37718,6,36513,37242,958,34860,39371,38,32965,37843,2208,44055,47793,2175,42774,49676,8,35609,38367,1775,37354,36981,12,36032,35839,2163,40184,35281,15,35815,37933,1459,37039,43431,6641,36068,46829,3366,28698,35925,2588,30250,37883,1061,31135,32879,2888,27340,33702,4976,32071,33739,1714,30822,39817,434,45441,42109,1602,34721,49950,51,42772,41532,3213,41722,40089,440,27135,33033,730,28494,30613,18,25024,33454,21,19746,40894,32,26862,33956,9,22872,36931,16,48158,37935,1564,32649,30497,1499,33999,25284,2810,26164,31397,3763,42111,19909,2079,29779,33552,44,40894,46474,1111,45481,41484,573,22417,23099,2007,24944,22997,1195,18216,26712,3716,23378,26824,14,29344,27716,7735,33343,37581,3715,27216,33691,203,29918,18354,1046,20148,20665,495,21350,17683,1153,25382,21945,1367,28967,43966,36,39445,32875,1257,16283,33059,962,18595,26668,1808,23721,25789,739,14488,45568,2807,10629,30601,668,11881,25895,1832,21051,20250,690,35285,39736,0,36351,37420,1194,14176,25947,25,1915.0,171730,136202,71903,0.8849576364517407,0.026879194138118383,0.02903041071349907,0.006453649726142054,0.038655820032011276,0.7992981013494662,0.25117839679299864,0.0747639535395956,0.2055182743278366,0.15586275955106185,0.23296663560630293,0.3423083876889699,0.22035241923146462,0.04506070678553051,0.15253526706328974
71,Wood,23983,16527.0,15186,25926,3,10528,12804,12846,18767,1089,13773,18953,0,13623,18865,329,12925,20004,12,12645,19049,940,16365,24307,534,17260,23246,3,13638,18872,447,14719,17617,5,13875,17263,922,15991,16899,5,13388,18416,511,14225,21497,2095,15175,20924,1542,12253,16966,1008,12861,17819,236,14538,14234,1244,12257,14981,2319,13794,16536,55,13170,18535,278,18581,19704,568,18297,18536,3,18747,18052,1332,18707,18551,0,12051,15668,435,13674,13927,12,11832,15292,6,12549,14852,1078,12202,15702,1,10733,17034,6,21710,16580,761,16042,12710,805,17041,10183,1290,13087,13370,1601,21028,7548,816,13423,15399,7,18949,20592,527,20985,18518,148,10701,8310,529,14011,8234,610,9446,11267,1914,12408,10642,0,14598,12613,5146,15872,17728,2012,13171,13782,560,17646,7937,539,11327,11280,151,12512,8932,913,14960,10016,845,20756,14740,4,23315,11711,332,8975,17303,318,10726,13302,933,12003,14309,286,17788,13774,0,6514,16144,422,7857,13157,944,13231,9942,141,22891,12569,0,17188,18261,525,7793,11504,0,1087.0,74207,58544,31854,0.9315045094288057,0.006507925662749385,0.016602896966384256,0.007293659469800492,0.023794069417873737,0.8437585405848592,0.1853477726154687,0.06260248701831102,0.25683246788740094,0.18107615997990834,0.237521190431343,0.348339298047341,0.18983487160168266,0.034720914170904754,0.036128658472758785
